/* KAT/operation_replay_vector.h — GENERATED, do not edit.
 *
 * KAT/operation_replay.json transposed into C arrays (TODO #297), so
 * the dependency-free C tree can replay whole randomised OPERATIONS
 * against a fixed statement and a fixed stream.  Regenerate with:
 *
 *     python3 KAT/generate_kat.py
 *
 * `python3 KAT/generate_kat.py --check` diffs this against the JSON.
 */
#ifndef OPERATION_REPLAY_VECTOR_H
#define OPERATION_REPLAY_VECTOR_H

/* Stern-F keygen: seed first, then the weight-t error vector. */
#define OPR_SFK_N         256
#define OPR_SFK_T         16
#define OPR_SFK_CONSUMED  100
static const uint8_t opr_sfk_stream[256] = {
    0x5f, 0xa0, 0x8a, 0x8c, 0xf9, 0x27, 0x95, 0x5a, 0x89, 0xfb, 0x06, 0xf6, 0x37, 0x86, 0x81, 0x95,
    0x9b, 0xab, 0xb4, 0x7c, 0x86, 0x39, 0x21, 0xf5, 0x8d, 0xd7, 0xa8, 0x77, 0xb2, 0x16, 0x8d, 0xc0,
    0x2d, 0x54, 0x75, 0xe7, 0x74, 0x2d, 0x69, 0x5c, 0x31, 0x1f, 0x7c, 0x03, 0x6b, 0xb3, 0x2f, 0x7b,
    0x85, 0xe4, 0x62, 0x80, 0x27, 0x81, 0x36, 0x2c, 0xbf, 0x6e, 0x9e, 0x66, 0x9d, 0x3b, 0x9e, 0x08,
    0x79, 0x7a, 0x64, 0x7a, 0x6b, 0x1f, 0x50, 0x84, 0xeb, 0xba, 0x6d, 0xe7, 0x6f, 0xd9, 0x40, 0xbe,
    0xe2, 0x04, 0x6f, 0x46, 0x90, 0x10, 0xf1, 0x17, 0xb8, 0xef, 0x84, 0x92, 0x3c, 0x80, 0x27, 0x8b,
    0xf2, 0xf6, 0x0a, 0xa8, 0x01, 0xd9, 0x6f, 0xed, 0xad, 0x16, 0x78, 0x99, 0x9e, 0x7f, 0x28, 0x0d,
    0xa9, 0x7d, 0xaa, 0x47, 0xa4, 0xda, 0x5f, 0x92, 0x19, 0x6b, 0x17, 0x82, 0x56, 0x60, 0x3e, 0xa8,
    0xff, 0x13, 0x97, 0x0a, 0x1c, 0xcd, 0x4c, 0x9f, 0xf8, 0x41, 0x20, 0x6f, 0x24, 0x4a, 0x82, 0xa2,
    0xdb, 0x32, 0x8f, 0xb9, 0xee, 0xf0, 0xe4, 0x52, 0x56, 0xd6, 0xf7, 0xbe, 0x91, 0x2d, 0x79, 0xb2,
    0x97, 0xa8, 0x94, 0x61, 0xa0, 0x04, 0x3c, 0x01, 0x81, 0xa1, 0x46, 0x26, 0x90, 0xdb, 0x4b, 0x09,
    0x2f, 0x62, 0xa3, 0xd3, 0x08, 0xca, 0xae, 0x37, 0x3e, 0x57, 0x6b, 0x96, 0x88, 0x36, 0x87, 0x3e,
    0x5c, 0xcf, 0x5b, 0xad, 0xf4, 0x4a, 0x43, 0x89, 0xa7, 0x68, 0xb2, 0x45, 0xeb, 0xea, 0xd7, 0x3b,
    0x87, 0x56, 0x5f, 0x61, 0x61, 0xa0, 0x91, 0x95, 0xe6, 0x7a, 0xf1, 0x3c, 0xd0, 0x14, 0x26, 0x1c,
    0x92, 0x93, 0xd0, 0xff, 0x5b, 0x41, 0x05, 0x41, 0xa9, 0x4b, 0x9b, 0x64, 0xd0, 0xb0, 0xfc, 0x17,
    0x5a, 0xa7, 0x50, 0x44, 0x5d, 0xe9, 0x7b, 0xc9, 0xc5, 0x3c, 0xde, 0x2b, 0x86, 0x9b, 0xc4, 0x19,
};
static const uint8_t opr_sfk_seed[32] = {
    0x5f, 0xa0, 0x8a, 0x8c, 0xf9, 0x27, 0x95, 0x5a, 0x89, 0xfb, 0x06, 0xf6, 0x37, 0x86, 0x81, 0x95,
    0x9b, 0xab, 0xb4, 0x7c, 0x86, 0x39, 0x21, 0xf5, 0x8d, 0xd7, 0xa8, 0x77, 0xb2, 0x16, 0x8d, 0xc0,
};
static const uint8_t opr_sfk_e[32] = {
    0x00, 0x00, 0x00, 0x80, 0x00, 0x00, 0x00, 0x00, 0x40, 0x00, 0x01, 0x00, 0x00, 0x04, 0x08, 0x11,
    0x0c, 0x00, 0x00, 0x40, 0x10, 0x00, 0x00, 0x40, 0x00, 0x00, 0x10, 0x00, 0x00, 0x80, 0x01, 0x08,
};
static const uint8_t opr_sfk_syndrome[16] = {
    0x42, 0x47, 0x18, 0x4a, 0x94, 0x89, 0xef, 0x18, 0x65, 0xb7, 0xdb, 0x9c, 0xb0, 0xe6, 0xc3, 0x55,
};

/* Stern-F signing: per round a weight-t draw, then a permutation seed. */
#define OPR_SFS_N         256
#define OPR_SFS_ROUNDS    6
#define OPR_SFS_CONSUMED  384
static const uint8_t opr_sfs_stream[1024] = {
    0x3f, 0x19, 0xc9, 0xc4, 0x4e, 0xe9, 0xb4, 0xa6, 0xe4, 0x52, 0x2b, 0xee, 0xac, 0x55, 0x2e, 0x71,
    0x48, 0x0f, 0xcd, 0x1e, 0x52, 0x9e, 0x9b, 0x60, 0xb5, 0x20, 0x36, 0x91, 0x8d, 0xc4, 0x74, 0x7c,
    0xcf, 0x6d, 0xe3, 0xfd, 0x6b, 0x93, 0x50, 0x56, 0x29, 0xcb, 0x34, 0x08, 0x75, 0xac, 0x74, 0x8e,
    0x84, 0x0e, 0x10, 0x50, 0xe7, 0x25, 0x66, 0x50, 0x36, 0xdb, 0xeb, 0xe6, 0x69, 0x6c, 0x72, 0xb4,
    0x73, 0xb2, 0xf3, 0x63, 0x1f, 0xb2, 0x92, 0x8c, 0x24, 0x71, 0xe8, 0x17, 0xd6, 0x5b, 0x47, 0x41,
    0x5d, 0xfe, 0xb6, 0x3e, 0x17, 0x14, 0xdb, 0x2e, 0xa8, 0x3d, 0x62, 0xe2, 0x62, 0x84, 0x97, 0x6d,
    0xab, 0x01, 0xa0, 0x57, 0x1b, 0x3f, 0x60, 0xa4, 0x07, 0x52, 0x4b, 0x16, 0x68, 0x0d, 0x15, 0x48,
    0x3d, 0x6f, 0x05, 0x39, 0xd5, 0x0d, 0x06, 0x8f, 0x8e, 0x2e, 0xc5, 0x06, 0x73, 0x1b, 0x91, 0x47,
    0xbc, 0x63, 0xdc, 0x7a, 0x38, 0xef, 0xfc, 0x5b, 0x85, 0xdb, 0x98, 0xa7, 0x9f, 0x43, 0x05, 0x05,
    0x98, 0x96, 0xed, 0xb4, 0xdc, 0x01, 0xcf, 0x42, 0x65, 0xf7, 0xff, 0xbe, 0x23, 0x9e, 0x04, 0x74,
    0x89, 0x54, 0xd2, 0x4f, 0x07, 0x01, 0x23, 0x15, 0x05, 0x57, 0x86, 0x5d, 0x6b, 0xdf, 0xa1, 0xeb,
    0x66, 0xa8, 0x80, 0x1f, 0xca, 0x8e, 0x28, 0xad, 0xa0, 0x5b, 0x0b, 0xbf, 0x9e, 0xf0, 0xb7, 0x65,
    0x81, 0x3b, 0xfd, 0xb1, 0xc7, 0x6a, 0xa4, 0xb6, 0x81, 0x7a, 0xed, 0xba, 0xc7, 0x49, 0x2b, 0x76,
    0x8f, 0xcf, 0xdb, 0xb5, 0x77, 0x45, 0xe5, 0x3a, 0xcb, 0xbf, 0x7f, 0x2e, 0xa7, 0x70, 0x8e, 0x5f,
    0x86, 0xc4, 0x9a, 0xaa, 0x21, 0x40, 0x12, 0x34, 0x0b, 0x05, 0x54, 0x9e, 0x03, 0x59, 0xd7, 0xd7,
    0x4e, 0x12, 0x69, 0x36, 0x05, 0x61, 0xc0, 0x13, 0xe7, 0x76, 0x87, 0x3a, 0x08, 0x66, 0xe1, 0xa9,
    0x74, 0x7d, 0x8d, 0xbd, 0x0b, 0x49, 0x4b, 0xcf, 0x57, 0xc7, 0x46, 0xcb, 0x43, 0x3d, 0xbd, 0x1c,
    0x63, 0xfe, 0xba, 0x5c, 0xaf, 0xde, 0xcc, 0x1e, 0xab, 0x33, 0x6b, 0x23, 0x68, 0x1b, 0xf5, 0x3f,
    0xbc, 0xc4, 0xf4, 0xc3, 0x86, 0x36, 0xeb, 0x84, 0x6d, 0x5c, 0xbf, 0xa7, 0x13, 0x15, 0xd2, 0x88,
    0xdd, 0x55, 0xf6, 0xff, 0x3a, 0x2a, 0x4c, 0x02, 0x72, 0x69, 0x28, 0x9c, 0x04, 0x7d, 0xab, 0xcf,
    0xe8, 0x29, 0xff, 0xe6, 0xf9, 0xdb, 0xe9, 0x0e, 0xe2, 0xdd, 0x28, 0x06, 0xa3, 0xe8, 0x54, 0x3e,
    0x3c, 0x96, 0x4b, 0xb0, 0x27, 0xbc, 0xc5, 0x1c, 0x0b, 0x6e, 0xbd, 0xf9, 0xa4, 0x85, 0xe3, 0x46,
    0x16, 0x98, 0xbd, 0xe6, 0x80, 0xa8, 0x0d, 0x03, 0x93, 0xca, 0xf6, 0x44, 0xcb, 0xb2, 0xfb, 0x00,
    0xa5, 0xf2, 0xe9, 0x2e, 0x19, 0xa3, 0xb1, 0x53, 0x0e, 0x27, 0x2f, 0x04, 0xbf, 0x39, 0x15, 0xac,
    0x48, 0xda, 0x5b, 0x03, 0xd9, 0x3a, 0x36, 0xf1, 0x7a, 0xfb, 0x5e, 0x60, 0x89, 0x10, 0xba, 0xcc,
    0x4f, 0x42, 0x30, 0x73, 0xea, 0x88, 0x65, 0x39, 0x93, 0xcd, 0x3c, 0xb5, 0x1c, 0x18, 0x2d, 0x44,
    0x28, 0x65, 0x31, 0x77, 0x08, 0x34, 0x04, 0x83, 0xfd, 0x7a, 0x48, 0xc0, 0x63, 0xbc, 0xbb, 0x4c,
    0xc5, 0xae, 0xc7, 0xd1, 0xc2, 0x6d, 0x9c, 0x58, 0x61, 0x31, 0x5c, 0x08, 0xeb, 0x8d, 0x40, 0x32,
    0x94, 0x0c, 0xb6, 0x45, 0xc7, 0x2d, 0xf0, 0x6c, 0x6b, 0x33, 0x5f, 0x12, 0xe5, 0xd6, 0xa3, 0xfb,
    0x69, 0x2f, 0xfd, 0x3a, 0x1c, 0x4c, 0xf2, 0x48, 0x84, 0x1a, 0xf6, 0x4b, 0xef, 0xdc, 0xda, 0x7f,
    0x86, 0x31, 0x96, 0x7d, 0xce, 0x81, 0xa1, 0x0f, 0x09, 0xa9, 0x1b, 0x41, 0x40, 0x55, 0x06, 0xab,
    0xfb, 0x2d, 0xa9, 0x32, 0x64, 0x98, 0xe3, 0xca, 0x40, 0x80, 0x48, 0x79, 0x3d, 0x99, 0x9d, 0x02,
    0xe8, 0x6d, 0x96, 0xd5, 0xeb, 0x86, 0x5b, 0xf4, 0x87, 0xbb, 0x43, 0x49, 0xa3, 0xa8, 0x84, 0xf1,
    0xfc, 0x48, 0x75, 0xcc, 0x42, 0x8c, 0x6b, 0x9b, 0x8c, 0x31, 0x3c, 0x18, 0x2c, 0x39, 0x81, 0xad,
    0xf1, 0x94, 0x55, 0xb3, 0x27, 0xbc, 0x82, 0xcc, 0xc8, 0x3a, 0xbf, 0x3f, 0x5e, 0x05, 0xc3, 0xfa,
    0xea, 0xe1, 0xef, 0x31, 0x72, 0x74, 0x96, 0xf1, 0x8a, 0xe4, 0x71, 0x12, 0xcb, 0x72, 0x7a, 0x54,
    0x66, 0x6d, 0xfa, 0x02, 0x8f, 0xc9, 0x83, 0xd8, 0x3f, 0x3a, 0x3b, 0xf7, 0xab, 0x9f, 0x8f, 0x80,
    0x2b, 0x42, 0x81, 0xed, 0x3d, 0x40, 0x2a, 0x02, 0x1d, 0xfb, 0xd3, 0x15, 0x61, 0x69, 0x5f, 0xa1,
    0xe6, 0xca, 0x8c, 0x39, 0xa4, 0xa4, 0x74, 0xff, 0x20, 0x3b, 0x25, 0x98, 0xde, 0xf2, 0x0c, 0xd4,
    0x22, 0xa4, 0xd1, 0x16, 0x63, 0x8e, 0x27, 0xf1, 0x06, 0xd6, 0x21, 0xef, 0xfc, 0x86, 0x72, 0x85,
    0x2d, 0x0a, 0x81, 0xc7, 0x6f, 0xee, 0x15, 0x97, 0xb3, 0x85, 0x8a, 0x87, 0x2f, 0xbf, 0x5d, 0x38,
    0xd7, 0x88, 0xf9, 0xdc, 0x3b, 0x38, 0x65, 0x65, 0xf7, 0xed, 0xd6, 0x41, 0xd6, 0xbc, 0x41, 0xfc,
    0x7d, 0x41, 0xd3, 0x15, 0x8c, 0x16, 0x67, 0xc6, 0xa7, 0xfe, 0x56, 0x5b, 0xb2, 0xdf, 0xe4, 0xa8,
    0xf8, 0x79, 0xad, 0x3a, 0x72, 0x47, 0x3a, 0xbd, 0x72, 0x2d, 0x17, 0xa4, 0xd1, 0xec, 0xf6, 0xcc,
    0x80, 0x9a, 0x89, 0xb0, 0x3a, 0xf2, 0xbd, 0x00, 0x68, 0xdd, 0x03, 0x0d, 0x86, 0x03, 0x93, 0x03,
    0x50, 0x86, 0xf2, 0x19, 0xa7, 0x50, 0x72, 0x5a, 0x51, 0x5d, 0x0d, 0xda, 0x4a, 0x1b, 0x01, 0x65,
    0xac, 0x86, 0xee, 0x4d, 0xd1, 0x77, 0x3f, 0xf3, 0x20, 0x45, 0x35, 0x31, 0x44, 0x79, 0xd5, 0xa1,
    0x9a, 0x6f, 0x3d, 0x11, 0x5b, 0xed, 0x42, 0xbb, 0xc0, 0xdd, 0x18, 0x28, 0x39, 0xbf, 0x9a, 0x62,
    0x21, 0x91, 0x78, 0x5f, 0xc2, 0x01, 0x2e, 0x54, 0x20, 0xdd, 0x11, 0x9a, 0x7a, 0xaf, 0x5e, 0x09,
    0x5d, 0x7b, 0xf4, 0x85, 0x2b, 0xef, 0x4c, 0xe5, 0xb3, 0xeb, 0x2f, 0x50, 0x34, 0xa5, 0x58, 0x01,
    0x56, 0x1a, 0x61, 0xa3, 0x09, 0x92, 0xad, 0xa2, 0x26, 0x0d, 0xeb, 0xf3, 0xab, 0xb9, 0x19, 0x21,
    0x02, 0xe3, 0x77, 0xa3, 0xf1, 0xf4, 0xab, 0x87, 0xe3, 0xe8, 0x9d, 0x06, 0xed, 0xb0, 0xa8, 0x12,
    0x32, 0xc7, 0x6b, 0xb4, 0x47, 0x04, 0xf8, 0xf1, 0xba, 0xe1, 0x72, 0xb6, 0xb1, 0xed, 0xcb, 0xe8,
    0x48, 0x75, 0xd6, 0x20, 0x70, 0x19, 0x44, 0xdc, 0x71, 0xc9, 0x16, 0x9d, 0x91, 0xfe, 0xb8, 0xf1,
    0x42, 0xe1, 0x9c, 0x27, 0x18, 0x78, 0xa6, 0xcc, 0x2a, 0x37, 0xf1, 0x21, 0x1a, 0xb5, 0x07, 0x8d,
    0x12, 0x05, 0xd4, 0x2d, 0x01, 0xd8, 0x97, 0x0c, 0xa0, 0x0f, 0x05, 0xf5, 0xb5, 0xa3, 0x05, 0x2c,
    0x48, 0x52, 0x81, 0xac, 0xc2, 0x11, 0xda, 0xd0, 0x6e, 0x54, 0xb4, 0x7b, 0xb8, 0x51, 0xa2, 0xb9,
    0x41, 0x0e, 0x1b, 0x6d, 0xe1, 0xbb, 0xb8, 0x70, 0x19, 0xb5, 0x02, 0x57, 0xa0, 0x49, 0xbc, 0x06,
    0x6a, 0x81, 0x47, 0x65, 0xb8, 0xf6, 0xe3, 0xbe, 0x2e, 0x6f, 0x4e, 0x8b, 0x81, 0x93, 0x49, 0x6b,
    0xca, 0x04, 0x16, 0xa1, 0x2a, 0xd8, 0x98, 0xc8, 0xfd, 0x64, 0xe0, 0x51, 0x66, 0x8e, 0x7c, 0xbd,
    0xb9, 0x7e, 0x26, 0x9d, 0xde, 0x5e, 0x67, 0x81, 0xcc, 0x37, 0xf2, 0x85, 0x89, 0x2e, 0x29, 0xd4,
    0xce, 0xfa, 0xa7, 0x15, 0x93, 0x01, 0x23, 0xf3, 0xe6, 0xa9, 0xfd, 0x60, 0x2c, 0x77, 0x1a, 0x43,
    0x67, 0xde, 0x0c, 0x15, 0xeb, 0x00, 0x4e, 0x69, 0x30, 0xd9, 0x8c, 0x50, 0xc7, 0x20, 0x73, 0x0a,
    0xab, 0xeb, 0x3e, 0x2c, 0x6b, 0xc9, 0xbe, 0xa7, 0x36, 0x85, 0x42, 0x0f, 0x49, 0x28, 0x29, 0x95,
};
static const uint8_t opr_sfs_msg[32] = {
    0x07, 0x0a, 0xab, 0x93, 0x9f, 0x85, 0x7a, 0x1e, 0xec, 0x98, 0xb4, 0x33, 0xfb, 0xa5, 0xbd, 0x2e,
    0x91, 0xb2, 0x51, 0x5a, 0xe1, 0xbf, 0x99, 0x5e, 0x26, 0x23, 0x61, 0xef, 0xdb, 0x30, 0x6f, 0xef,
};
static const uint8_t opr_sfs_e[32] = {
    0x00, 0x00, 0x00, 0x80, 0x00, 0x00, 0x00, 0x00, 0x40, 0x00, 0x01, 0x00, 0x00, 0x04, 0x08, 0x11,
    0x0c, 0x00, 0x00, 0x40, 0x10, 0x00, 0x00, 0x40, 0x00, 0x00, 0x10, 0x00, 0x00, 0x80, 0x01, 0x08,
};
static const uint8_t opr_sfs_seed[32] = {
    0x5f, 0xa0, 0x8a, 0x8c, 0xf9, 0x27, 0x95, 0x5a, 0x89, 0xfb, 0x06, 0xf6, 0x37, 0x86, 0x81, 0x95,
    0x9b, 0xab, 0xb4, 0x7c, 0x86, 0x39, 0x21, 0xf5, 0x8d, 0xd7, 0xa8, 0x77, 0xb2, 0x16, 0x8d, 0xc0,
};
static const uint8_t opr_sfs_syndrome[16] = {
    0x55, 0xc3, 0xe6, 0xb0, 0x9c, 0xdb, 0xb7, 0x65, 0x18, 0xef, 0x89, 0x94, 0x4a, 0x18, 0x47, 0x42,
};
static const uint8_t opr_sfs_c0[6][32] = {
    {
        0xff, 0xce, 0x38, 0xe4, 0x7a, 0xd9, 0x92, 0x60, 0x68, 0xc8, 0x8a, 0xb8, 0xed, 0x6b, 0x1e, 0x28,
        0x63, 0x26, 0x76, 0x27, 0x14, 0x2d, 0xdd, 0xb7, 0x0e, 0x47, 0x36, 0x2c, 0x24, 0xcc, 0xc8, 0x0a,
    },
    {
        0xa4, 0xf9, 0x41, 0xd4, 0x8e, 0x78, 0x9e, 0xae, 0x9e, 0x6a, 0x69, 0x25, 0xf4, 0xb6, 0xc0, 0x4b,
        0xfe, 0x51, 0x56, 0xb2, 0xf0, 0x00, 0x1e, 0x32, 0x48, 0x86, 0x30, 0xdd, 0xb7, 0xef, 0x29, 0xc1,
    },
    {
        0x47, 0xcc, 0x4a, 0x69, 0x51, 0x2a, 0x9c, 0xd8, 0x75, 0x0a, 0xe8, 0xd8, 0xe8, 0xd6, 0xde, 0x1e,
        0xbc, 0x0b, 0x5c, 0x5f, 0x95, 0x7d, 0xbc, 0xf3, 0xa4, 0x55, 0x32, 0x66, 0xa3, 0x9c, 0x94, 0xf1,
    },
    {
        0x80, 0xb1, 0x09, 0x0d, 0x2f, 0xf0, 0xb0, 0xca, 0x96, 0x80, 0xfd, 0x3e, 0xc4, 0xbf, 0xc7, 0xb4,
        0xaa, 0xf0, 0x4c, 0x48, 0xf7, 0x8a, 0x42, 0x44, 0x02, 0x8e, 0xd1, 0x90, 0x9f, 0x61, 0xc4, 0x7e,
    },
    {
        0x84, 0x3f, 0x21, 0xe5, 0x43, 0x8c, 0xa9, 0x7d, 0x8a, 0x7d, 0x07, 0xe3, 0xbe, 0xd7, 0x70, 0x95,
        0x25, 0xc5, 0xfe, 0xb6, 0x31, 0x87, 0x3d, 0x46, 0xdd, 0x2f, 0x1a, 0xa6, 0xf6, 0xfe, 0x55, 0xed,
    },
    {
        0xd4, 0x61, 0x85, 0x21, 0x02, 0x84, 0x98, 0xa6, 0x6a, 0x3f, 0xb2, 0x34, 0x17, 0xef, 0x36, 0x1c,
        0xee, 0x4e, 0xd2, 0x60, 0x12, 0x12, 0x97, 0x44, 0x36, 0x7d, 0xa8, 0xec, 0x06, 0x8d, 0x54, 0x4a,
    },
};
static const uint8_t opr_sfs_c1[6][32] = {
    {
        0xff, 0xb8, 0x9c, 0xc4, 0xee, 0x1a, 0x92, 0x0a, 0xd8, 0x67, 0x95, 0x5d, 0x00, 0xfd, 0x20, 0xf4,
        0xdc, 0x6b, 0x86, 0xb2, 0xfa, 0x13, 0xa0, 0x40, 0xaa, 0xcc, 0xa3, 0x75, 0x48, 0x20, 0x7d, 0x33,
    },
    {
        0x5b, 0xb8, 0x2a, 0xb4, 0xe6, 0xad, 0xff, 0x34, 0x1a, 0x29, 0x68, 0x16, 0xc1, 0x3e, 0x09, 0x95,
        0x25, 0x02, 0xdb, 0xae, 0x60, 0x5f, 0x8e, 0xc2, 0xd5, 0xe6, 0x9e, 0x9f, 0xfd, 0x96, 0xe1, 0xf8,
    },
    {
        0x44, 0x26, 0x10, 0x48, 0xcd, 0xbb, 0xe0, 0xc5, 0xb4, 0xf4, 0x2b, 0x6f, 0xef, 0x2b, 0x9e, 0x1d,
        0xb3, 0xe4, 0xef, 0x82, 0x0f, 0xc1, 0x36, 0xf9, 0x80, 0x42, 0x39, 0x2e, 0x4b, 0x4f, 0x5f, 0x15,
    },
    {
        0xa6, 0x28, 0x68, 0xb5, 0xa5, 0x8b, 0xd6, 0x16, 0x45, 0x77, 0x59, 0xbd, 0xf8, 0xbc, 0x70, 0xb4,
        0x35, 0xc8, 0x30, 0x1a, 0xbf, 0x22, 0xcb, 0x5e, 0xdd, 0xe2, 0xe1, 0x2f, 0xba, 0xc8, 0x34, 0xc5,
    },
    {
        0x7d, 0xcd, 0x62, 0xfe, 0x83, 0xbe, 0x8d, 0xd6, 0xcb, 0x1e, 0xa5, 0x6c, 0xc7, 0xdf, 0xd6, 0x8b,
        0xb4, 0xbc, 0xda, 0xe5, 0x8c, 0xab, 0x11, 0x0a, 0x83, 0x42, 0x64, 0x00, 0xb7, 0xdb, 0x37, 0xed,
    },
    {
        0x6f, 0x5b, 0xd6, 0xdd, 0x25, 0x39, 0x28, 0x0b, 0x0f, 0xe5, 0xcc, 0x32, 0x4f, 0xdf, 0xc5, 0xae,
        0x1f, 0x6f, 0xdb, 0x60, 0xce, 0x3c, 0x8c, 0xe3, 0x4f, 0x42, 0x70, 0x19, 0xb0, 0xdc, 0x26, 0x1a,
    },
};
static const uint8_t opr_sfs_c2[6][32] = {
    {
        0xa5, 0xf3, 0xcf, 0x9e, 0xb0, 0x02, 0x0b, 0x5a, 0x2b, 0xa6, 0xee, 0x26, 0xcb, 0x65, 0xcb, 0x78,
        0xf0, 0x46, 0x4a, 0x78, 0x3e, 0x2f, 0x73, 0xa6, 0x28, 0x4b, 0xa6, 0xc2, 0xe6, 0xe3, 0x96, 0xd7,
    },
    {
        0x75, 0xf0, 0xe5, 0x92, 0x72, 0x44, 0x62, 0x79, 0xb4, 0x42, 0x4a, 0x40, 0xc1, 0xc5, 0x33, 0xe1,
        0xaf, 0x5b, 0xad, 0x22, 0xe4, 0x0a, 0x24, 0x87, 0x35, 0xa4, 0x42, 0xd3, 0x10, 0x56, 0xb1, 0x2e,
    },
    {
        0xc4, 0x52, 0xba, 0x0a, 0xc2, 0xde, 0x80, 0xef, 0x95, 0x21, 0x0d, 0x50, 0x3b, 0x99, 0x64, 0xb4,
        0xc6, 0xb9, 0xba, 0xed, 0xcd, 0xd2, 0x20, 0xb0, 0xf3, 0x11, 0xff, 0xc8, 0x1b, 0xcc, 0x08, 0x90,
    },
    {
        0x49, 0xd0, 0xa7, 0xda, 0x56, 0xf8, 0x74, 0x69, 0x44, 0x5d, 0x13, 0x84, 0x0e, 0x11, 0x23, 0x94,
        0xab, 0xfa, 0x28, 0x1c, 0x80, 0x00, 0x36, 0x31, 0x0f, 0x63, 0xc4, 0xd1, 0x4a, 0xd3, 0x42, 0xe8,
    },
    {
        0xb0, 0x20, 0x98, 0x4f, 0x7a, 0x60, 0x56, 0x62, 0x44, 0x28, 0x76, 0x6f, 0xad, 0x97, 0xbb, 0x20,
        0xb0, 0x04, 0xd9, 0xd2, 0xd4, 0xc6, 0xdf, 0xe6, 0x48, 0x37, 0x54, 0x00, 0x6c, 0x10, 0x5f, 0xe1,
    },
    {
        0x3d, 0xa0, 0x13, 0xfc, 0xa8, 0x92, 0x27, 0xf6, 0x07, 0xda, 0x15, 0xb5, 0x3c, 0x1e, 0x15, 0xb5,
        0xb1, 0xa9, 0xbb, 0x45, 0x38, 0x75, 0xbe, 0x4f, 0x78, 0x7e, 0x2a, 0x30, 0xb0, 0xd8, 0x41, 0xda,
    },
};
static const int opr_sfs_challenge[6] = {
    2, 2, 2, 2, 0, 1,
};
static const uint8_t opr_sfs_resp_a[6][32] = {
    {
        0xcf, 0x6d, 0xe3, 0xfd, 0x6b, 0x93, 0x50, 0x56, 0x29, 0xcb, 0x34, 0x08, 0x75, 0xac, 0x74, 0x8e,
        0x84, 0x0e, 0x10, 0x50, 0xe7, 0x25, 0x66, 0x50, 0x36, 0xdb, 0xeb, 0xe6, 0x69, 0x6c, 0x72, 0xb4,
    },
    {
        0xab, 0x01, 0xa0, 0x57, 0x1b, 0x3f, 0x60, 0xa4, 0x07, 0x52, 0x4b, 0x16, 0x68, 0x0d, 0x15, 0x48,
        0x3d, 0x6f, 0x05, 0x39, 0xd5, 0x0d, 0x06, 0x8f, 0x8e, 0x2e, 0xc5, 0x06, 0x73, 0x1b, 0x91, 0x47,
    },
    {
        0x89, 0x54, 0xd2, 0x4f, 0x07, 0x01, 0x23, 0x15, 0x05, 0x57, 0x86, 0x5d, 0x6b, 0xdf, 0xa1, 0xeb,
        0x66, 0xa8, 0x80, 0x1f, 0xca, 0x8e, 0x28, 0xad, 0xa0, 0x5b, 0x0b, 0xbf, 0x9e, 0xf0, 0xb7, 0x65,
    },
    {
        0x86, 0xc4, 0x9a, 0xaa, 0x21, 0x40, 0x12, 0x34, 0x0b, 0x05, 0x54, 0x9e, 0x03, 0x59, 0xd7, 0xd7,
        0x4e, 0x12, 0x69, 0x36, 0x05, 0x61, 0xc0, 0x13, 0xe7, 0x76, 0x87, 0x3a, 0x08, 0x66, 0xe1, 0xa9,
    },
    {
        0x96, 0x6e, 0xb6, 0xae, 0x3e, 0x9b, 0x5e, 0x7b, 0xd3, 0xdb, 0x3b, 0xe9, 0xd2, 0x25, 0xe9, 0x60,
        0x0d, 0x17, 0x17, 0x4b, 0x09, 0xf1, 0x99, 0x56, 0x9f, 0xb3, 0x67, 0xeb, 0x3a, 0xaa, 0xdb, 0xfa,
    },
    {
        0x16, 0x98, 0xbd, 0xe6, 0x80, 0xa8, 0x0d, 0x03, 0x93, 0xca, 0xf6, 0x44, 0xcb, 0xb2, 0xfb, 0x00,
        0xa5, 0xf2, 0xe9, 0x2e, 0x19, 0xa3, 0xb1, 0x53, 0x0e, 0x27, 0x2f, 0x04, 0xbf, 0x39, 0x15, 0xac,
    },
};
static const uint8_t opr_sfs_resp_b[6][32] = {
    {
        0x3f, 0x19, 0xc9, 0x44, 0x4e, 0xe9, 0xb4, 0xa6, 0xa4, 0x52, 0x2a, 0xee, 0xac, 0x51, 0x26, 0x60,
        0x44, 0x0f, 0xcd, 0x5e, 0x42, 0x9e, 0x9b, 0x20, 0xb5, 0x20, 0x26, 0x91, 0x8d, 0x44, 0x75, 0x74,
    },
    {
        0x73, 0xb2, 0xf3, 0xe3, 0x1f, 0xb2, 0x92, 0x8c, 0x64, 0x71, 0xe9, 0x17, 0xd6, 0x5f, 0x4f, 0x50,
        0x51, 0xfe, 0xb6, 0x7e, 0x07, 0x14, 0xdb, 0x6e, 0xa8, 0x3d, 0x72, 0xe2, 0x62, 0x04, 0x96, 0x65,
    },
    {
        0xbc, 0x63, 0xdc, 0xfa, 0x38, 0xef, 0xfc, 0x5b, 0xc5, 0xdb, 0x99, 0xa7, 0x9f, 0x47, 0x0d, 0x14,
        0x94, 0x96, 0xed, 0xf4, 0xcc, 0x01, 0xcf, 0x02, 0x65, 0xf7, 0xef, 0xbe, 0x23, 0x1e, 0x05, 0x7c,
    },
    {
        0x81, 0x3b, 0xfd, 0x31, 0xc7, 0x6a, 0xa4, 0xb6, 0xc1, 0x7a, 0xec, 0xba, 0xc7, 0x4d, 0x23, 0x67,
        0x83, 0xcf, 0xdb, 0xf5, 0x67, 0x45, 0xe5, 0x7a, 0xcb, 0xbf, 0x6f, 0x2e, 0xa7, 0xf0, 0x8f, 0x57,
    },
    {
        0x96, 0x6e, 0xb6, 0xee, 0x36, 0x9b, 0x5a, 0x7b, 0xd3, 0xdb, 0xbb, 0xe9, 0xd3, 0x25, 0x68, 0x60,
        0x0d, 0x17, 0x27, 0x4b, 0x09, 0xe1, 0xb9, 0x56, 0x9f, 0xb7, 0x4f, 0xeb, 0x3a, 0xa8, 0xdb, 0xfb,
    },
    {
        0xe8, 0x29, 0xff, 0xe6, 0xf9, 0xdb, 0xe9, 0x0e, 0xe2, 0xdd, 0x28, 0x06, 0xa3, 0xe8, 0x54, 0x3e,
        0x3c, 0x96, 0x4b, 0xb0, 0x27, 0xbc, 0xc5, 0x1c, 0x0b, 0x6e, 0xbd, 0xf9, 0xa4, 0x85, 0xe3, 0x46,
    },
};

/* ZKBoo prover: per round two n-bit shares, then three 32-byte tapes. */
#define OPR_ZK_N          16
#define OPR_ZK_ROUNDS     4
#define OPR_ZK_VIEWLEN    51
#define OPR_ZK_CONSUMED   400
#define OPR_ZK_A          0x67ffULL
#define OPR_ZK_B          0x478bULL
#define OPR_ZK_Y          0x880cULL
static const uint8_t opr_zk_msg[29] = {
    0x48, 0x65, 0x72, 0x72, 0x61, 0x64, 0x75, 0x72, 0x61, 0x4b, 0x45, 0x78, 0x20, 0x6f, 0x70, 0x65,
    0x72, 0x61, 0x74, 0x69, 0x6f, 0x6e, 0x20, 0x72, 0x65, 0x70, 0x6c, 0x61, 0x79,
};
static const uint8_t opr_zk_stream[400] = {
    0x3b, 0x71, 0x49, 0x86, 0x86, 0x4c, 0x9c, 0xfe, 0x8a, 0x33, 0x6d, 0x9f, 0xc9, 0xd3, 0x87, 0xe6,
    0x36, 0x5a, 0x4d, 0xcc, 0xf7, 0x98, 0x28, 0xbc, 0x20, 0x7a, 0x6b, 0x52, 0xa3, 0x1a, 0x69, 0x65,
    0x6b, 0x88, 0xb7, 0xc1, 0x06, 0xec, 0x90, 0x70, 0x5c, 0xeb, 0x03, 0x9f, 0x55, 0xb1, 0xa1, 0x91,
    0x39, 0x81, 0x82, 0x7c, 0x63, 0xdf, 0x28, 0xd2, 0x14, 0x2e, 0xee, 0xb6, 0x5a, 0x95, 0x80, 0x45,
    0x63, 0xcd, 0x9b, 0xf7, 0x56, 0x83, 0xd5, 0x34, 0x92, 0xb6, 0x9a, 0xb3, 0x7f, 0xb8, 0x06, 0x0c,
    0xb4, 0xf6, 0xa2, 0x08, 0x48, 0x06, 0xcd, 0x22, 0xf1, 0x50, 0x7e, 0x4d, 0xb2, 0x1f, 0xd6, 0xf3,
    0x90, 0xe0, 0x55, 0x38, 0x6c, 0x93, 0x21, 0x9d, 0xfa, 0x71, 0xfa, 0xf6, 0x48, 0x22, 0x0f, 0x44,
    0xff, 0x20, 0xef, 0x6a, 0x2d, 0x7e, 0x51, 0xc5, 0xad, 0xe9, 0x0d, 0x98, 0xc5, 0x68, 0xd5, 0x52,
    0x56, 0x8e, 0x58, 0x3c, 0x5c, 0xad, 0x7a, 0x7a, 0xa9, 0xe0, 0x65, 0xbf, 0x2b, 0xf0, 0x43, 0xca,
    0x75, 0x4b, 0xa4, 0x47, 0x54, 0x23, 0xc8, 0x73, 0xa9, 0x15, 0xe0, 0x80, 0xb2, 0x3a, 0xc7, 0x20,
    0x38, 0x89, 0xd5, 0xe0, 0x1d, 0xb2, 0xc5, 0x40, 0x8f, 0xe4, 0x6e, 0x14, 0xa2, 0xb7, 0x0f, 0x01,
    0x95, 0x6a, 0x58, 0x34, 0xeb, 0x54, 0xb2, 0xb8, 0x20, 0x08, 0xd5, 0x60, 0x98, 0xfd, 0xd4, 0x53,
    0xf3, 0x52, 0xe3, 0xf0, 0x94, 0x7e, 0xef, 0x9c, 0x78, 0x2a, 0x3d, 0xaf, 0x8b, 0xec, 0x48, 0xa5,
    0xcb, 0x28, 0x59, 0xf0, 0x50, 0x05, 0x91, 0xbf, 0x0d, 0xf8, 0xa6, 0x5f, 0x97, 0x8e, 0xdd, 0x4a,
    0xcb, 0x64, 0xf0, 0xc0, 0xae, 0x0c, 0x3b, 0xb2, 0xa2, 0x7f, 0x9c, 0x8e, 0x28, 0x11, 0x2f, 0x0c,
    0x0e, 0x68, 0x28, 0x53, 0x0a, 0xdd, 0xfc, 0xdf, 0x5d, 0xc8, 0x64, 0xcf, 0x05, 0x36, 0x5c, 0xd6,
    0x1e, 0x3c, 0xea, 0xe3, 0x87, 0x36, 0x67, 0x60, 0xc4, 0xdb, 0x3c, 0xbc, 0x34, 0xc3, 0x29, 0x0c,
    0xde, 0x5f, 0xd1, 0xa0, 0x05, 0x4d, 0x61, 0x9b, 0x68, 0x90, 0xcf, 0x7c, 0xde, 0x61, 0x42, 0x88,
    0x57, 0x53, 0xe9, 0x60, 0x4b, 0x5d, 0xae, 0x71, 0x74, 0x68, 0xd7, 0x3a, 0x75, 0xf8, 0xad, 0x50,
    0x1a, 0x35, 0x43, 0x80, 0x86, 0xd4, 0xda, 0x29, 0xde, 0xfc, 0x60, 0x74, 0xcb, 0xf5, 0xae, 0x5d,
    0x3f, 0x8c, 0x90, 0xee, 0x22, 0x83, 0xae, 0xe8, 0x61, 0x97, 0xc4, 0xa6, 0x8e, 0x04, 0x77, 0x65,
    0xe2, 0x95, 0xbf, 0x13, 0xfb, 0xa2, 0xaa, 0xe0, 0xaf, 0x91, 0x6f, 0x16, 0x1d, 0x38, 0x2a, 0xb7,
    0x25, 0xb6, 0xa4, 0x48, 0x98, 0xc3, 0x68, 0xda, 0x61, 0x99, 0x50, 0xdd, 0xdb, 0x63, 0x1e, 0xaa,
    0xdf, 0x5b, 0x1f, 0x3f, 0xc9, 0x19, 0x5b, 0x9a, 0x55, 0x9f, 0x78, 0x19, 0x10, 0x07, 0xbc, 0xd7,
    0xdc, 0x88, 0x79, 0x02, 0xa8, 0x41, 0xe0, 0x23, 0x56, 0xca, 0x20, 0xf2, 0xfe, 0xcc, 0x8a, 0xc2,
};
static const uint8_t opr_zk_com0[4][32] = {
    {
        0x70, 0xef, 0xb2, 0xb8, 0xdb, 0x18, 0xe3, 0xc5, 0x4e, 0xe2, 0x9b, 0xdd, 0x14, 0x25, 0xf3, 0xca,
        0xe8, 0x17, 0x14, 0x96, 0xd9, 0x61, 0x2f, 0x19, 0x91, 0x09, 0xa8, 0x6f, 0x7f, 0xc1, 0xed, 0x91,
    },
    {
        0xa9, 0xa7, 0x53, 0xca, 0x09, 0x2d, 0x37, 0x60, 0x41, 0xe0, 0xce, 0xb1, 0x00, 0xc8, 0x59, 0x4c,
        0x3b, 0xf7, 0x25, 0x49, 0x4c, 0x1a, 0xa9, 0x6c, 0x4b, 0x25, 0x1c, 0xf6, 0xa7, 0xd1, 0x69, 0xa6,
    },
    {
        0xb5, 0xec, 0x6f, 0x69, 0xeb, 0xfe, 0x87, 0xec, 0x62, 0xf0, 0x0d, 0xde, 0x8c, 0xe7, 0x5c, 0xa2,
        0xf3, 0x13, 0x77, 0x17, 0x30, 0xba, 0x35, 0x4a, 0xfa, 0xee, 0x35, 0xcd, 0x07, 0x20, 0xa7, 0x3f,
    },
    {
        0xfe, 0x9e, 0x5f, 0xd8, 0xbb, 0x50, 0x63, 0x9b, 0x52, 0xac, 0xdf, 0x38, 0x4e, 0x0a, 0xe9, 0x61,
        0xf6, 0x6c, 0x89, 0x70, 0xb2, 0x8b, 0x81, 0xdf, 0x1b, 0x81, 0xae, 0x88, 0x1b, 0x31, 0x8f, 0x5a,
    },
};
static const uint8_t opr_zk_com1[4][32] = {
    {
        0x09, 0x62, 0xec, 0x09, 0x48, 0x2f, 0x89, 0xd7, 0x1f, 0xe1, 0xd3, 0x4b, 0x4b, 0x81, 0x79, 0x18,
        0x35, 0x2c, 0xed, 0x83, 0x2f, 0x1e, 0xee, 0xc3, 0xad, 0xe1, 0x1a, 0xa7, 0xfc, 0x42, 0x74, 0xcc,
    },
    {
        0x21, 0x90, 0x8e, 0xa9, 0xf0, 0x32, 0xb8, 0x04, 0x24, 0xcf, 0x5b, 0x30, 0x64, 0x9f, 0x1a, 0x5b,
        0xb8, 0x52, 0x55, 0x3a, 0xa5, 0xf3, 0xd1, 0xb3, 0xb8, 0x98, 0x8e, 0xb1, 0x9f, 0x54, 0xa0, 0xa7,
    },
    {
        0x81, 0x32, 0xf5, 0x20, 0xcc, 0x25, 0xae, 0x48, 0x26, 0x37, 0xf5, 0x8e, 0xe9, 0x11, 0xfc, 0x7b,
        0x2b, 0x3c, 0x3c, 0xe4, 0x0e, 0x3d, 0x2c, 0x80, 0x26, 0xfd, 0xb2, 0xd9, 0x1b, 0xff, 0x1d, 0xe2,
    },
    {
        0x04, 0x7b, 0xc9, 0x79, 0xc7, 0x1f, 0x7e, 0xdb, 0x77, 0xf6, 0xd7, 0xea, 0x9e, 0x84, 0x54, 0xfa,
        0xf8, 0x87, 0xf4, 0x84, 0x64, 0x3e, 0xdf, 0x25, 0x8d, 0xa6, 0x72, 0xe5, 0x47, 0xc2, 0xae, 0xdc,
    },
};
static const uint8_t opr_zk_com2[4][32] = {
    {
        0x02, 0xab, 0x0e, 0xcc, 0x3f, 0x6f, 0x75, 0x19, 0x5c, 0xba, 0x13, 0xc4, 0x5b, 0xa3, 0xeb, 0xb9,
        0x60, 0xb6, 0x8c, 0x3c, 0x71, 0xc3, 0x1f, 0x2a, 0xa8, 0x18, 0x9f, 0x2b, 0x24, 0xf7, 0x0e, 0x7b,
    },
    {
        0xb7, 0xd2, 0xca, 0x8c, 0xb7, 0xb0, 0x3e, 0x20, 0xcc, 0x53, 0x70, 0x27, 0x6a, 0x48, 0x86, 0x2f,
        0xc0, 0x86, 0xef, 0x98, 0xcf, 0xc0, 0xa6, 0xdb, 0xd2, 0x07, 0xb8, 0xcd, 0x7d, 0xdb, 0x5c, 0xb0,
    },
    {
        0xda, 0x99, 0xbb, 0x01, 0xe8, 0x93, 0x74, 0x6f, 0x71, 0x61, 0x1b, 0x92, 0xe5, 0xcf, 0xf5, 0x8f,
        0x1f, 0x80, 0x61, 0x7d, 0x48, 0x06, 0x0d, 0xb3, 0x83, 0x3d, 0x6a, 0xa7, 0xfc, 0x54, 0x92, 0x53,
    },
    {
        0xb8, 0xc3, 0x2c, 0x23, 0x49, 0x8e, 0xdc, 0xb1, 0x0b, 0x4b, 0x55, 0x12, 0xe8, 0x56, 0x65, 0x3a,
        0xc7, 0x94, 0x11, 0x46, 0x15, 0xc8, 0x37, 0x70, 0x54, 0x02, 0xe9, 0x06, 0xa5, 0xda, 0x3f, 0xcd,
    },
};
static const int opr_zk_e[4] = {
    2, 2, 2, 0,
};
static const uint8_t opr_zk_view1[4][51] = {
    {
        0x3b, 0x71, 0x86, 0x4c, 0x9c, 0xfe, 0x8a, 0x33, 0x6d, 0x9f, 0xc9, 0xd3, 0x87, 0xe6, 0x36, 0x5a,
        0x4d, 0xcc, 0xf7, 0x98, 0x28, 0xbc, 0x20, 0x7a, 0x6b, 0x52, 0xa3, 0x1a, 0x69, 0x65, 0x6b, 0x88,
        0xb7, 0xc1, 0xdf, 0x7a, 0x01, 0x06, 0x04, 0x02, 0x07, 0x03, 0x05, 0x06, 0x01, 0x03, 0x04, 0x03,
        0x05, 0x07, 0x02,
    },
    {
        0x6c, 0x93, 0xfa, 0x71, 0xfa, 0xf6, 0x48, 0x22, 0x0f, 0x44, 0xff, 0x20, 0xef, 0x6a, 0x2d, 0x7e,
        0x51, 0xc5, 0xad, 0xe9, 0x0d, 0x98, 0xc5, 0x68, 0xd5, 0x52, 0x56, 0x8e, 0x58, 0x3c, 0x5c, 0xad,
        0x7a, 0x7a, 0x4e, 0x6f, 0x05, 0x01, 0x02, 0x04, 0x07, 0x06, 0x02, 0x01, 0x06, 0x00, 0x01, 0x07,
        0x02, 0x01, 0x01,
    },
    {
        0x78, 0x2a, 0x8b, 0xec, 0x48, 0xa5, 0xcb, 0x28, 0x59, 0xf0, 0x50, 0x05, 0x91, 0xbf, 0x0d, 0xf8,
        0xa6, 0x5f, 0x97, 0x8e, 0xdd, 0x4a, 0xcb, 0x64, 0xf0, 0xc0, 0xae, 0x0c, 0x3b, 0xb2, 0xa2, 0x7f,
        0x9c, 0x8e, 0x45, 0xe9, 0x00, 0x01, 0x06, 0x03, 0x00, 0x01, 0x00, 0x00, 0x04, 0x02, 0x06, 0x05,
        0x03, 0x01, 0x01,
    },
    {
        0xad, 0x50, 0xe2, 0x95, 0xbf, 0x13, 0xfb, 0xa2, 0xaa, 0xe0, 0xaf, 0x91, 0x6f, 0x16, 0x1d, 0x38,
        0x2a, 0xb7, 0x25, 0xb6, 0xa4, 0x48, 0x98, 0xc3, 0x68, 0xda, 0x61, 0x99, 0x50, 0xdd, 0xdb, 0x63,
        0x1e, 0xaa, 0x5c, 0xce, 0x04, 0x06, 0x00, 0x00, 0x01, 0x00, 0x01, 0x04, 0x03, 0x04, 0x03, 0x05,
        0x02, 0x01, 0x04,
    },
};
static const uint8_t opr_zk_view2[4][51] = {
    {
        0x49, 0x86, 0x06, 0xec, 0x90, 0x70, 0x5c, 0xeb, 0x03, 0x9f, 0x55, 0xb1, 0xa1, 0x91, 0x39, 0x81,
        0x82, 0x7c, 0x63, 0xdf, 0x28, 0xd2, 0x14, 0x2e, 0xee, 0xb6, 0x5a, 0x95, 0x80, 0x45, 0x63, 0xcd,
        0x9b, 0xf7, 0x54, 0x55, 0x00, 0x01, 0x07, 0x06, 0x04, 0x02, 0x04, 0x03, 0x05, 0x04, 0x06, 0x01,
        0x00, 0x04, 0x07,
    },
    {
        0x21, 0x9d, 0xa9, 0xe0, 0x65, 0xbf, 0x2b, 0xf0, 0x43, 0xca, 0x75, 0x4b, 0xa4, 0x47, 0x54, 0x23,
        0xc8, 0x73, 0xa9, 0x15, 0xe0, 0x80, 0xb2, 0x3a, 0xc7, 0x20, 0x38, 0x89, 0xd5, 0xe0, 0x1d, 0xb2,
        0xc5, 0x40, 0xee, 0xcd, 0x05, 0x04, 0x07, 0x07, 0x03, 0x04, 0x06, 0x07, 0x07, 0x02, 0x06, 0x00,
        0x04, 0x03, 0x00,
    },
    {
        0x3d, 0xaf, 0x28, 0x11, 0x2f, 0x0c, 0x0e, 0x68, 0x28, 0x53, 0x0a, 0xdd, 0xfc, 0xdf, 0x5d, 0xc8,
        0x64, 0xcf, 0x05, 0x36, 0x5c, 0xd6, 0x1e, 0x3c, 0xea, 0xe3, 0x87, 0x36, 0x67, 0x60, 0xc4, 0xdb,
        0x3c, 0xbc, 0xa7, 0x66, 0x05, 0x05, 0x01, 0x01, 0x02, 0x05, 0x06, 0x07, 0x03, 0x04, 0x07, 0x07,
        0x07, 0x07, 0x06,
    },
    {
        0xbf, 0x57, 0xdf, 0x5b, 0x1f, 0x3f, 0xc9, 0x19, 0x5b, 0x9a, 0x55, 0x9f, 0x78, 0x19, 0x10, 0x07,
        0xbc, 0xd7, 0xdc, 0x88, 0x79, 0x02, 0xa8, 0x41, 0xe0, 0x23, 0x56, 0xca, 0x20, 0xf2, 0xfe, 0xcc,
        0x8a, 0xc2, 0xd5, 0xf2, 0x01, 0x07, 0x03, 0x00, 0x05, 0x06, 0x03, 0x00, 0x05, 0x01, 0x03, 0x01,
        0x05, 0x07, 0x02,
    },
};

/* Stern-F ring signing: the operation TODO #297 found a defect in.
 * Flat [k * rounds] arrays, member-major, matching SternRingSig.
 */
#define OPR_RING_N        256
#define OPR_RING_K        3
#define OPR_RING_ROUNDS   4
#define OPR_RING_J        1
#define OPR_RING_CONSUMED 1128
static const uint8_t opr_ring_stream[8192] = {
    0xd1, 0xaa, 0x10, 0x7a, 0x5d, 0x09, 0x5f, 0xe1, 0x85, 0xd7, 0x8c, 0x43, 0x02, 0x5a, 0xf0, 0x62,
    0xf8, 0x0c, 0x3c, 0xee, 0x7f, 0x79, 0x03, 0x86, 0x1f, 0x6f, 0x2c, 0x4a, 0x82, 0x68, 0x2c, 0x58,
    0x2f, 0x1c, 0x48, 0x5b, 0x75, 0x94, 0xb3, 0xd8, 0x6e, 0xea, 0xd3, 0x46, 0x9f, 0x75, 0x6e, 0x7d,
    0xa7, 0x27, 0x5d, 0x9d, 0x89, 0x1f, 0x57, 0x3b, 0x81, 0xe7, 0x1f, 0x1f, 0x5a, 0x3e, 0x74, 0xd8,
    0x7c, 0xe5, 0xbd, 0x46, 0x46, 0xc5, 0x78, 0x13, 0xd5, 0xbd, 0xbe, 0x11, 0x9a, 0xd4, 0x7d, 0x67,
    0x9f, 0x22, 0x5b, 0x27, 0x29, 0x65, 0x9d, 0x02, 0x53, 0x65, 0x42, 0x48, 0xb1, 0x85, 0x4c, 0xda,
    0xd6, 0xbe, 0x32, 0xcd, 0xdc, 0xb2, 0xdc, 0x53, 0xb5, 0xa9, 0x41, 0x69, 0x47, 0x18, 0x81, 0xfd,
    0x42, 0x3f, 0x50, 0xd4, 0xb6, 0x02, 0x37, 0xb8, 0xa5, 0xfd, 0x9e, 0x16, 0x5d, 0x44, 0x0b, 0x82,
    0x29, 0xf2, 0x72, 0xac, 0xcb, 0x1f, 0xaa, 0x77, 0x3a, 0x52, 0x11, 0x19, 0x3a, 0x0e, 0xdc, 0x32,
    0x66, 0xdd, 0x08, 0x87, 0x0f, 0xfa, 0xb9, 0xd1, 0x72, 0x09, 0x8b, 0xdb, 0xe1, 0xd0, 0x1b, 0x8d,
    0xc9, 0x75, 0x81, 0x9e, 0xa7, 0x0a, 0x82, 0x13, 0xc2, 0xdc, 0x67, 0xc3, 0xc9, 0x68, 0xa7, 0x4a,
    0x37, 0xbe, 0xe4, 0xfe, 0x5b, 0xac, 0xe8, 0x09, 0x30, 0x2b, 0x65, 0x2d, 0xcb, 0xac, 0xa7, 0xdc,
    0x51, 0x73, 0x0e, 0xe6, 0x99, 0x37, 0x3e, 0xfa, 0xa5, 0x5d, 0xba, 0x35, 0x15, 0x31, 0x31, 0x63,
    0xc9, 0x0b, 0x41, 0xc6, 0x24, 0xab, 0xde, 0x6c, 0x20, 0x78, 0xee, 0x2b, 0x41, 0x03, 0x02, 0xc3,
    0xf9, 0xcb, 0x71, 0x42, 0x4e, 0x8c, 0xf2, 0x09, 0xe1, 0xf3, 0xe2, 0x2d, 0x1d, 0x11, 0x51, 0x53,
    0xc9, 0x35, 0x30, 0xbd, 0x78, 0x46, 0xd9, 0x8f, 0x01, 0xb4, 0xb8, 0xba, 0x63, 0x80, 0x4f, 0x73,
    0x85, 0x2a, 0x45, 0xa2, 0x97, 0x3a, 0xef, 0xb2, 0x08, 0xc5, 0xa1, 0xdb, 0x6d, 0x2d, 0xd6, 0xb7,
    0xd0, 0x36, 0x9f, 0x4d, 0x7e, 0x96, 0x38, 0x31, 0x0a, 0x47, 0x86, 0x99, 0x56, 0x72, 0x1e, 0x50,
    0x9d, 0xc8, 0xf0, 0xb1, 0xda, 0x6a, 0xa7, 0x74, 0x89, 0xc7, 0x3e, 0xd0, 0xb9, 0x6c, 0x9f, 0xd3,
    0xa7, 0xe7, 0xa3, 0xfd, 0x45, 0x0a, 0x82, 0x0a, 0x8a, 0x65, 0xe5, 0x38, 0xdf, 0x15, 0xa9, 0x39,
    0xdc, 0xaa, 0x5c, 0xaa, 0x8d, 0x23, 0x2e, 0x00, 0x28, 0xb9, 0xfb, 0x0d, 0xa9, 0x0b, 0x67, 0xdf,
    0x09, 0xa6, 0x19, 0x93, 0x8b, 0xef, 0x79, 0xac, 0xe5, 0xd6, 0xbd, 0xef, 0xcd, 0x14, 0xa5, 0x39,
    0x29, 0x66, 0xf3, 0x81, 0xe4, 0xa9, 0xc2, 0xc6, 0xd0, 0x71, 0x01, 0x1f, 0xe1, 0xde, 0x4a, 0x1a,
    0x5d, 0xf8, 0x8c, 0x2c, 0xd1, 0x10, 0x27, 0x66, 0x84, 0x1b, 0xad, 0x2d, 0xbc, 0x1e, 0x9b, 0xd9,
    0x73, 0x12, 0x35, 0x65, 0xb2, 0x10, 0xb3, 0xe9, 0x68, 0x6a, 0xd5, 0xb1, 0x3d, 0x78, 0x46, 0xfe,
    0xed, 0xf6, 0xc0, 0x86, 0xa0, 0xc0, 0xd4, 0xb7, 0x09, 0xf6, 0xf5, 0x93, 0xbb, 0x57, 0xcb, 0xce,
    0xdc, 0x5c, 0x58, 0x24, 0xb6, 0xae, 0x59, 0x5f, 0x4d, 0x5d, 0x8a, 0x50, 0xcb, 0x41, 0x8b, 0x9d,
    0xbb, 0x8f, 0xbd, 0x45, 0xfc, 0xf2, 0xf0, 0x50, 0x63, 0x37, 0xfe, 0x8e, 0x23, 0x72, 0x10, 0x24,
    0x6d, 0x84, 0x10, 0xe8, 0x08, 0x3c, 0x21, 0x51, 0x95, 0x70, 0xbf, 0xa1, 0xb4, 0x8f, 0xaa, 0x11,
    0xc9, 0x5a, 0x7e, 0x1a, 0x6d, 0xae, 0x06, 0xf2, 0xc4, 0xf6, 0x60, 0xac, 0x7d, 0x41, 0x2d, 0x57,
    0x23, 0x4e, 0xe3, 0x2d, 0x5b, 0x27, 0xbf, 0x12, 0x80, 0x51, 0x6e, 0xf5, 0x59, 0x08, 0xa7, 0xde,
    0xf6, 0x8f, 0x34, 0x9d, 0x1b, 0x33, 0xf3, 0x84, 0xb9, 0xa0, 0x67, 0x6b, 0xaf, 0x23, 0x85, 0x1a,
    0xcd, 0x93, 0x30, 0xbe, 0x71, 0x4c, 0xd6, 0xe7, 0x46, 0x8b, 0xba, 0x43, 0x5a, 0xad, 0x6d, 0xdd,
    0xbf, 0x97, 0x0d, 0x94, 0x4f, 0xcd, 0xf4, 0x89, 0xc8, 0xf0, 0x30, 0xc0, 0xfa, 0xcc, 0xad, 0x19,
    0x4c, 0x5f, 0x88, 0x3e, 0xcd, 0x23, 0x41, 0x64, 0x50, 0x25, 0x65, 0x3a, 0x7b, 0x3d, 0xae, 0x47,
    0x9d, 0x39, 0x45, 0x5a, 0x1e, 0x3a, 0xea, 0xba, 0x38, 0x2d, 0x0a, 0x08, 0x12, 0xfd, 0x94, 0x66,
    0xf4, 0x8d, 0xb1, 0xc2, 0x82, 0x3a, 0xb8, 0xb4, 0x68, 0x91, 0xf0, 0xee, 0x73, 0x2e, 0x85, 0x3b,
    0x24, 0x3a, 0xf3, 0x7a, 0x58, 0x7e, 0xdb, 0x9a, 0x52, 0x24, 0xd4, 0x87, 0x56, 0xd3, 0x44, 0x3b,
    0x89, 0xa2, 0xa4, 0xb5, 0x06, 0x18, 0xc6, 0x9d, 0xd0, 0x34, 0xcb, 0x8d, 0xd6, 0x52, 0xf5, 0x2c,
    0x03, 0x59, 0x19, 0x6f, 0x9a, 0x26, 0xf7, 0xef, 0x82, 0x23, 0x08, 0x8f, 0xf8, 0x59, 0x5b, 0x89,
    0xe6, 0x44, 0xbc, 0x84, 0xaf, 0x58, 0xdb, 0xf5, 0xd5, 0xf3, 0xe9, 0x6c, 0xf2, 0x76, 0x0f, 0xf1,
    0x03, 0x3c, 0x9f, 0xa2, 0x6f, 0x6a, 0x3a, 0xef, 0x3f, 0x6a, 0xfa, 0x36, 0x35, 0x38, 0x85, 0xed,
    0x69, 0x24, 0x07, 0x02, 0x4e, 0xe1, 0x35, 0xaf, 0xc0, 0x44, 0x7a, 0xd1, 0x83, 0x34, 0x9d, 0xf6,
    0xad, 0x65, 0x8a, 0xe2, 0xd9, 0x71, 0x59, 0xac, 0x60, 0xf7, 0xf2, 0x3a, 0x05, 0x9c, 0xc8, 0xca,
    0x41, 0x57, 0xee, 0xa3, 0x9d, 0x03, 0xb0, 0x27, 0x8c, 0x81, 0xd5, 0xb3, 0x4a, 0x47, 0x5d, 0xeb,
    0xc8, 0x90, 0x43, 0x59, 0x51, 0x2f, 0x56, 0x1a, 0x93, 0xc2, 0xc3, 0x49, 0x30, 0x07, 0x55, 0x1c,
    0x91, 0x86, 0x31, 0xc0, 0x35, 0x5e, 0x06, 0xd8, 0x01, 0x8e, 0x30, 0xff, 0x5a, 0x52, 0xdb, 0xc5,
    0xdb, 0x51, 0xa2, 0x25, 0x7c, 0xaf, 0xd4, 0x68, 0xa1, 0xb2, 0x50, 0x9c, 0x1a, 0xbe, 0xfe, 0xe1,
    0xdb, 0x65, 0x60, 0xde, 0x08, 0x6b, 0xc5, 0xb1, 0x12, 0x85, 0xf1, 0xe6, 0x02, 0xa8, 0xa7, 0x6d,
    0xed, 0x93, 0xf2, 0x48, 0x3d, 0x7d, 0x18, 0x40, 0xe7, 0x16, 0x9f, 0x51, 0xe6, 0x2f, 0x62, 0xe9,
    0xae, 0x7a, 0x58, 0x30, 0xe9, 0x3e, 0xeb, 0x71, 0x20, 0xe8, 0x92, 0x69, 0xac, 0x26, 0xf1, 0x8a,
    0x4e, 0x79, 0xf9, 0x60, 0x27, 0x22, 0xc7, 0x6b, 0x77, 0x6e, 0xa5, 0x50, 0x37, 0x1e, 0x0f, 0x92,
    0x84, 0xa6, 0xbf, 0x64, 0x87, 0x04, 0x23, 0x61, 0xd4, 0xca, 0x3f, 0x7c, 0xf9, 0x2d, 0x8f, 0x6c,
    0xbe, 0x9f, 0x84, 0x53, 0x54, 0xce, 0x12, 0xa4, 0x92, 0xa5, 0xe8, 0x80, 0x00, 0x5c, 0x34, 0x56,
    0xdb, 0xce, 0xd2, 0x8d, 0xc2, 0x0a, 0x14, 0x34, 0xc6, 0x29, 0xf7, 0x68, 0x27, 0xd4, 0x14, 0xc4,
    0xfc, 0xcf, 0xc3, 0x9b, 0x39, 0x6b, 0x01, 0xe4, 0x82, 0x1e, 0xfc, 0x01, 0x2f, 0x18, 0xd3, 0xf3,
    0xe5, 0x7c, 0xec, 0x5b, 0x55, 0x23, 0xcd, 0x71, 0x50, 0x0c, 0x26, 0x1a, 0xe7, 0x62, 0x7d, 0xc4,
    0xb6, 0x05, 0x5b, 0xd1, 0x5d, 0xdc, 0xb3, 0x1d, 0x74, 0xe6, 0x5b, 0x8f, 0x12, 0x57, 0xd2, 0xcb,
    0x43, 0xaa, 0xae, 0xbc, 0x2c, 0xac, 0x5c, 0xd7, 0x05, 0xa9, 0x79, 0x80, 0x49, 0x7e, 0x3c, 0x6d,
    0x4b, 0xe4, 0x8d, 0x59, 0x72, 0x0b, 0x92, 0x2e, 0x50, 0x84, 0xcd, 0xd3, 0x74, 0x55, 0xa4, 0x71,
    0x29, 0x62, 0x85, 0x58, 0x1a, 0xe1, 0xb3, 0x8c, 0x9c, 0x91, 0x77, 0xb3, 0xcd, 0x24, 0x6c, 0xe9,
    0x32, 0x40, 0x9d, 0xb6, 0x06, 0xab, 0xe2, 0xd2, 0x41, 0x9e, 0x27, 0xd3, 0xd1, 0x2c, 0x22, 0x3a,
    0x81, 0xdd, 0x29, 0x47, 0x71, 0x87, 0x6f, 0xc7, 0x2f, 0x92, 0x8d, 0xe3, 0x2f, 0x7b, 0xc1, 0x64,
    0x5b, 0xf8, 0x56, 0xa3, 0x46, 0xaf, 0x7f, 0xd0, 0x6d, 0x9d, 0xa0, 0x1e, 0xec, 0xa7, 0x5f, 0x9f,
    0x73, 0x27, 0x09, 0xd1, 0xfb, 0xd0, 0xe8, 0x4d, 0x32, 0x8e, 0x05, 0x49, 0xc3, 0x5a, 0x37, 0x7e,
    0xf6, 0xd7, 0x05, 0xb6, 0x53, 0x19, 0x25, 0x97, 0xdc, 0x75, 0x98, 0xa4, 0x12, 0xf2, 0xf8, 0x02,
    0xa1, 0xfc, 0x15, 0xc2, 0xe7, 0x51, 0x13, 0x6d, 0xec, 0x7d, 0x34, 0x89, 0xa8, 0x52, 0x9c, 0xf8,
    0xbb, 0x51, 0x92, 0xa9, 0xe6, 0xdf, 0xf4, 0xc0, 0xb8, 0xa4, 0x18, 0x7e, 0x49, 0x9e, 0x83, 0x2c,
    0x9e, 0xac, 0xcc, 0xf7, 0x01, 0xd3, 0x5e, 0x9a, 0x4d, 0x7e, 0x8e, 0xb9, 0x72, 0x27, 0x2a, 0x60,
    0xee, 0x22, 0x3e, 0x80, 0x0c, 0xfe, 0xb7, 0x16, 0xdd, 0x66, 0xda, 0x9b, 0x37, 0xf7, 0xcf, 0xe6,
    0xe9, 0x4d, 0x0f, 0x8c, 0x89, 0x2f, 0xb3, 0x2a, 0x95, 0x03, 0x48, 0x8f, 0x16, 0x32, 0x22, 0xbe,
    0xd7, 0x73, 0xab, 0x7d, 0x8c, 0x6a, 0xd3, 0xd2, 0x43, 0xb7, 0x46, 0x3a, 0xd3, 0xca, 0x56, 0xd9,
    0x65, 0xe0, 0x27, 0x8b, 0xd1, 0x27, 0xfa, 0x3e, 0x22, 0xe8, 0xe4, 0x64, 0x49, 0xe1, 0x80, 0x86,
    0x4e, 0x1f, 0x2a, 0x4e, 0x9e, 0x28, 0x8d, 0xf0, 0x23, 0x5b, 0xc2, 0xa6, 0xca, 0x6e, 0x3d, 0xe6,
    0xd4, 0x4f, 0x23, 0x25, 0xd0, 0xe2, 0x34, 0x07, 0x9a, 0x4d, 0x31, 0xdc, 0x68, 0x8d, 0x1d, 0x61,
    0x55, 0x60, 0x17, 0x75, 0xc0, 0xb5, 0xbe, 0x2b, 0xba, 0xf8, 0xc3, 0x5a, 0xcb, 0x2c, 0x0a, 0x08,
    0xb3, 0x42, 0x77, 0x9a, 0xb7, 0x32, 0xca, 0x58, 0x76, 0x28, 0x6d, 0x8a, 0x1d, 0x45, 0x16, 0x3a,
    0x11, 0x49, 0x08, 0x9b, 0xd0, 0x3b, 0xa9, 0xbc, 0x51, 0x7b, 0x23, 0x42, 0xf2, 0xb1, 0x72, 0x19,
    0xe6, 0xbe, 0x08, 0xba, 0xdb, 0xdc, 0x79, 0xe2, 0x45, 0xa6, 0x06, 0x9c, 0xd5, 0x58, 0x74, 0xc0,
    0xae, 0xc9, 0x99, 0xf5, 0x1c, 0x35, 0xef, 0x80, 0xc1, 0x15, 0x82, 0xa3, 0xb5, 0xdd, 0x26, 0x6f,
    0xb0, 0xf7, 0x2c, 0xd0, 0x08, 0x2a, 0xab, 0xd7, 0x45, 0xa1, 0x44, 0x70, 0x49, 0x3c, 0xe1, 0x4b,
    0x34, 0xb2, 0x87, 0x38, 0xdf, 0x0b, 0xa4, 0x0c, 0x4b, 0xff, 0x41, 0x6d, 0xbd, 0x14, 0x40, 0xb3,
    0xf3, 0x77, 0x84, 0x0c, 0xf8, 0x0f, 0x8e, 0xc8, 0x73, 0x15, 0xa1, 0xcb, 0x15, 0x60, 0x1f, 0xc5,
    0x56, 0x99, 0xd4, 0xc2, 0xb8, 0xd5, 0xab, 0xdc, 0xba, 0xeb, 0x65, 0x9a, 0xb8, 0x75, 0x21, 0x00,
    0xa4, 0xa1, 0xe7, 0x2d, 0x69, 0x40, 0x2c, 0x3e, 0x14, 0x8e, 0x17, 0x5c, 0x3c, 0x02, 0x87, 0x2f,
    0x25, 0x3e, 0x9d, 0x10, 0x88, 0x04, 0x15, 0x2a, 0xb2, 0x0e, 0x8a, 0xac, 0x8e, 0x14, 0xe6, 0x1a,
    0x6c, 0x11, 0x57, 0x7d, 0xd2, 0x4a, 0x46, 0x67, 0x6b, 0xa8, 0xc1, 0x49, 0xb1, 0x2a, 0xa7, 0x28,
    0x70, 0xf7, 0x63, 0x4e, 0x4a, 0xcb, 0x78, 0x0d, 0x2e, 0x41, 0x96, 0xd9, 0xec, 0x81, 0xdb, 0xbc,
    0x5b, 0xee, 0xe5, 0x85, 0x8f, 0xe9, 0x1e, 0xed, 0x9e, 0x92, 0x58, 0xcc, 0xc8, 0x76, 0x2e, 0x04,
    0x0f, 0xa3, 0xb1, 0x27, 0xf5, 0x82, 0x81, 0xca, 0xa9, 0xf0, 0x47, 0x04, 0x20, 0xc9, 0x5c, 0xa1,
    0xaf, 0xb9, 0x07, 0x4a, 0x0b, 0x16, 0xb5, 0x56, 0x9d, 0x7e, 0xd4, 0xf3, 0x19, 0xd6, 0x17, 0xb4,
    0xca, 0xfa, 0x83, 0x83, 0xa5, 0x54, 0x1f, 0x06, 0x93, 0xe0, 0x80, 0xd7, 0x84, 0x3a, 0xcc, 0x19,
    0x7d, 0x33, 0xd5, 0x4f, 0xfc, 0x24, 0x04, 0x03, 0x90, 0x96, 0xa4, 0xa4, 0xe0, 0x0d, 0xca, 0x75,
    0x90, 0xd5, 0xc2, 0xdb, 0xd1, 0xf8, 0x63, 0x86, 0x3b, 0xa6, 0xfc, 0x98, 0xfc, 0x6b, 0x2b, 0xa9,
    0xf0, 0xb8, 0x97, 0xc2, 0x65, 0x49, 0x98, 0x25, 0x20, 0x3c, 0x61, 0x50, 0x66, 0x02, 0xc9, 0xb1,
    0xf5, 0x6f, 0x8d, 0xe7, 0x68, 0x7c, 0x4d, 0x2b, 0x5b, 0xad, 0x71, 0xfb, 0xf8, 0x4b, 0x43, 0xec,
    0x27, 0xd4, 0xa4, 0xa1, 0x55, 0x8d, 0x43, 0xb9, 0xcb, 0xb4, 0x30, 0xe6, 0x4e, 0x4d, 0xb7, 0xe9,
    0xf3, 0x6d, 0x53, 0x52, 0x05, 0xec, 0x35, 0x60, 0xe7, 0x2b, 0xcd, 0x06, 0xec, 0x65, 0x41, 0x33,
    0xda, 0xbb, 0xf2, 0x01, 0x24, 0x97, 0x10, 0x9b, 0x53, 0x0b, 0x45, 0x84, 0x2e, 0xf8, 0x00, 0x17,
    0x64, 0xcb, 0x49, 0xe2, 0xb8, 0x1b, 0x51, 0x84, 0x8f, 0x02, 0x53, 0xc5, 0x75, 0xdc, 0x15, 0xee,
    0x07, 0x21, 0xf6, 0xdd, 0x47, 0x32, 0xd1, 0x8f, 0x08, 0x1f, 0x89, 0xc0, 0x0d, 0xd0, 0x78, 0x7b,
    0xc7, 0x3f, 0x66, 0xc1, 0x86, 0xa0, 0xd2, 0xf9, 0xf0, 0xc1, 0x2f, 0x7b, 0xa3, 0x59, 0x23, 0x8f,
    0x64, 0x0e, 0x52, 0x19, 0xfb, 0xe1, 0x3b, 0x76, 0x9a, 0xb3, 0xc4, 0x7f, 0x9b, 0xc7, 0xbb, 0xf6,
    0x14, 0x27, 0x15, 0xe7, 0x32, 0x96, 0x43, 0x93, 0x97, 0x48, 0xeb, 0x11, 0x6c, 0x68, 0x5f, 0x41,
    0xa3, 0xda, 0x92, 0x3f, 0x55, 0x8d, 0xfe, 0x62, 0xcc, 0x7b, 0x63, 0x00, 0x68, 0x3f, 0x48, 0x13,
    0xca, 0x3a, 0xac, 0x3e, 0xf3, 0x9a, 0x7b, 0x26, 0x38, 0x07, 0xb6, 0x70, 0xe2, 0xd5, 0x23, 0x4e,
    0xe3, 0xac, 0xfe, 0x0c, 0xdd, 0x9e, 0x3e, 0xd5, 0xa5, 0x24, 0x3f, 0x9e, 0x0a, 0xd9, 0x92, 0xa3,
    0x38, 0x07, 0x00, 0xf1, 0xf2, 0x8d, 0x62, 0xf8, 0x94, 0xe9, 0xcd, 0xcc, 0xd5, 0xde, 0x17, 0xe0,
    0xd6, 0xb0, 0x2e, 0xbc, 0x24, 0x52, 0x67, 0xe4, 0x89, 0xd0, 0x0c, 0x43, 0x9f, 0xb5, 0x5b, 0xfb,
    0xb0, 0x7f, 0xa0, 0x98, 0x1e, 0xcd, 0x24, 0xf1, 0xfa, 0xb7, 0x95, 0x63, 0x32, 0xf4, 0x87, 0xa6,
    0xcd, 0xc4, 0xaa, 0xa0, 0x33, 0x28, 0xe2, 0x24, 0xff, 0x9a, 0xc4, 0xc5, 0xfd, 0xfc, 0xc7, 0x53,
    0x4e, 0x54, 0xb0, 0xa4, 0x30, 0x19, 0x62, 0xdc, 0x71, 0x40, 0xdb, 0x99, 0xf4, 0x28, 0x28, 0x5d,
    0xcd, 0xa0, 0x22, 0x91, 0x5e, 0x72, 0x16, 0x42, 0xb0, 0xc2, 0x2c, 0xec, 0x85, 0x44, 0xba, 0x97,
    0xec, 0x4e, 0xea, 0xfb, 0xba, 0x8c, 0x39, 0xf2, 0xae, 0x1c, 0x80, 0xa7, 0x21, 0x89, 0xe3, 0x46,
    0x20, 0x57, 0xbd, 0x53, 0xfc, 0xf2, 0x17, 0x37, 0xb3, 0xb1, 0x3a, 0xc1, 0xbb, 0xdf, 0x6c, 0x2b,
    0x0f, 0x96, 0x6a, 0x7f, 0x12, 0xa8, 0x6f, 0x7f, 0x77, 0x4b, 0x80, 0x36, 0x91, 0xa1, 0xa6, 0x99,
    0x44, 0x0d, 0x18, 0x92, 0x44, 0xf6, 0x8a, 0x0b, 0x36, 0x0d, 0x82, 0xf2, 0xa3, 0x3b, 0x1d, 0x79,
    0xa1, 0x85, 0x77, 0xbc, 0x3f, 0xf1, 0x2d, 0x0c, 0xd1, 0xf8, 0xc7, 0xd7, 0xcc, 0xd4, 0x43, 0xff,
    0xef, 0x53, 0x80, 0xd3, 0xea, 0xdb, 0xf6, 0xb8, 0xf3, 0x60, 0x7a, 0x0a, 0x0e, 0x60, 0x3c, 0x2d,
    0x94, 0x35, 0xd1, 0xc4, 0x48, 0x36, 0x2e, 0x31, 0x71, 0xbf, 0x8f, 0x8b, 0x5c, 0x6c, 0xbf, 0x46,
    0xcb, 0x25, 0x62, 0x3d, 0x9b, 0xc6, 0x55, 0x17, 0x45, 0x78, 0x6a, 0x13, 0x38, 0x76, 0xe8, 0x4c,
    0x92, 0x55, 0x36, 0x97, 0xb3, 0x0c, 0xe9, 0x74, 0x67, 0x9f, 0x53, 0x26, 0xe7, 0x96, 0xfa, 0x79,
    0x09, 0x8b, 0xb4, 0xb2, 0x6e, 0xe3, 0x1d, 0x02, 0xc3, 0xef, 0x46, 0x2d, 0x1c, 0x47, 0xd6, 0x9f,
    0x7a, 0x19, 0x8b, 0x34, 0xde, 0xfe, 0x5b, 0x98, 0x0a, 0x62, 0x74, 0xc9, 0xc8, 0x50, 0xb9, 0x86,
    0xfd, 0x9a, 0x9e, 0x32, 0xbc, 0x7d, 0x09, 0xd5, 0x2c, 0x3a, 0x5e, 0x63, 0xbf, 0xe5, 0xd8, 0x6a,
    0x98, 0x01, 0x9e, 0xd3, 0xdd, 0x05, 0x6b, 0x79, 0x42, 0x00, 0xe4, 0x3f, 0x0e, 0x21, 0x32, 0xfa,
    0xd4, 0x0c, 0xce, 0x77, 0x83, 0xee, 0xda, 0xb9, 0x3d, 0xfb, 0x0e, 0x84, 0x85, 0x77, 0xef, 0xbf,
    0x46, 0x95, 0x23, 0x89, 0xfb, 0x4e, 0x7c, 0x06, 0xd6, 0x9a, 0x1e, 0xaf, 0x5c, 0x3e, 0x00, 0xd5,
    0x16, 0xad, 0x67, 0x95, 0x1d, 0x9e, 0x2f, 0x16, 0x2a, 0xc5, 0xca, 0xf5, 0x89, 0x03, 0x28, 0x21,
    0xc5, 0x15, 0xb1, 0xef, 0x4f, 0xfb, 0xc9, 0x35, 0x38, 0x37, 0x88, 0xb0, 0x80, 0xd3, 0xf7, 0x6e,
    0x4e, 0x53, 0x1c, 0x78, 0xa7, 0x4a, 0x1d, 0xf1, 0x98, 0xe0, 0x18, 0xf8, 0x41, 0x3b, 0x2d, 0xd3,
    0x17, 0x77, 0x6f, 0x20, 0xc7, 0xe1, 0xc1, 0x5d, 0x6e, 0x72, 0x0d, 0xc1, 0xd9, 0x24, 0x9f, 0xb4,
    0xe0, 0xa3, 0x66, 0x9c, 0x86, 0xcc, 0x36, 0x33, 0x80, 0x5b, 0xf2, 0x6a, 0xf5, 0xb8, 0x61, 0x17,
    0x1d, 0x36, 0x2f, 0x5e, 0x75, 0x99, 0xc0, 0x2b, 0x60, 0x2d, 0xb9, 0x76, 0x84, 0xe0, 0xbe, 0x46,
    0x93, 0xee, 0xf6, 0xda, 0x8d, 0xba, 0x5f, 0xd1, 0xbe, 0x3b, 0x6a, 0x55, 0x9b, 0xd8, 0xd9, 0xf3,
    0x38, 0x61, 0x5b, 0x64, 0x0a, 0x05, 0x0c, 0xe4, 0x63, 0xcb, 0x14, 0x58, 0x2c, 0xe3, 0x53, 0xb4,
    0xc4, 0x56, 0x49, 0xfb, 0xa9, 0x46, 0xc3, 0x85, 0x8a, 0xc7, 0x47, 0xdd, 0xcb, 0xed, 0xcd, 0x0f,
    0xc4, 0x6a, 0x0b, 0x74, 0x1e, 0xe9, 0x14, 0x02, 0xbd, 0xea, 0x21, 0x52, 0x25, 0x16, 0x30, 0x19,
    0x6b, 0xb7, 0xa7, 0x2f, 0x93, 0xf7, 0xf2, 0x0b, 0x31, 0x3a, 0x75, 0x8b, 0x64, 0x19, 0x0f, 0xf8,
    0xff, 0x4d, 0xa2, 0xae, 0x08, 0xea, 0x54, 0xe1, 0x44, 0x38, 0xdf, 0xed, 0xa5, 0xa1, 0xf9, 0x3f,
    0xd3, 0xf6, 0x6f, 0x06, 0xe0, 0xad, 0x6e, 0xde, 0x52, 0xc3, 0x6e, 0x9d, 0xad, 0xe3, 0xb4, 0x75,
    0xde, 0x1c, 0xb5, 0x85, 0x1d, 0x9a, 0x1f, 0x60, 0x9a, 0xb0, 0x20, 0xf0, 0xba, 0xb0, 0x85, 0x06,
    0xf8, 0x2f, 0xb9, 0x93, 0x7d, 0xc1, 0x4b, 0xfe, 0x57, 0xcc, 0x3d, 0xaf, 0x77, 0xa6, 0x95, 0x6b,
    0xe0, 0x2a, 0x20, 0x2e, 0x88, 0x70, 0x1c, 0x29, 0x0c, 0xd9, 0xec, 0x84, 0xae, 0x31, 0x83, 0xf9,
    0x4d, 0x2b, 0xc8, 0xe9, 0x4f, 0x66, 0xae, 0x7d, 0x0e, 0xbc, 0x24, 0x91, 0x18, 0xba, 0x13, 0xd3,
    0x40, 0x67, 0x47, 0x15, 0x8a, 0xe5, 0xb6, 0x3f, 0x19, 0x4a, 0xd6, 0x25, 0x34, 0x78, 0xb5, 0x68,
    0xd5, 0xb7, 0x92, 0x1b, 0x0a, 0x2a, 0x87, 0x12, 0x64, 0x10, 0xdf, 0x24, 0x78, 0xcf, 0x0f, 0xe8,
    0x92, 0x13, 0xd3, 0x6f, 0xb5, 0xf7, 0x76, 0x2f, 0x8d, 0x6d, 0x0f, 0x5e, 0x89, 0xad, 0xbf, 0x95,
    0xb1, 0x88, 0x88, 0x14, 0x50, 0xb8, 0xba, 0xea, 0x7b, 0x65, 0x97, 0xf8, 0xc3, 0x25, 0xe8, 0x02,
    0xab, 0x91, 0x92, 0xaa, 0xa0, 0x68, 0x71, 0x85, 0x0e, 0x6d, 0x01, 0xeb, 0x52, 0x39, 0x15, 0x80,
    0xde, 0xfa, 0xf4, 0xe7, 0xca, 0xa9, 0x46, 0xa8, 0x00, 0x1f, 0x97, 0x1b, 0x7b, 0xc1, 0x2e, 0xc5,
    0x75, 0x83, 0xd3, 0xa6, 0x77, 0xfb, 0x19, 0xeb, 0x37, 0xc9, 0xe1, 0xf6, 0x20, 0xdb, 0x19, 0xeb,
    0x9d, 0x6a, 0xe0, 0xdf, 0xad, 0xa8, 0x4f, 0x18, 0x10, 0xad, 0x95, 0xeb, 0x88, 0x96, 0x2b, 0xb0,
    0xe3, 0x7d, 0x8b, 0xef, 0x0d, 0xd9, 0x5c, 0x05, 0x99, 0xff, 0x8a, 0x61, 0x3b, 0x83, 0xaf, 0xdf,
    0xe5, 0xc3, 0xa5, 0x3c, 0x2c, 0x87, 0xf9, 0x85, 0xc2, 0x6d, 0xd4, 0x23, 0xc0, 0xe4, 0xb5, 0xab,
    0xb8, 0x8d, 0x46, 0xcd, 0x01, 0x65, 0x2a, 0x41, 0xa6, 0xe0, 0x83, 0xec, 0x1b, 0x00, 0xd6, 0x30,
    0x84, 0xf6, 0xee, 0xa9, 0xbb, 0x42, 0x2b, 0xee, 0x3b, 0xec, 0x75, 0xbd, 0x08, 0x89, 0x0f, 0xb8,
    0xd6, 0xc0, 0xae, 0x3c, 0xcd, 0xbc, 0x71, 0x6e, 0xb1, 0xa6, 0x02, 0x97, 0xb9, 0x23, 0x4f, 0xb4,
    0xd6, 0x49, 0x62, 0x83, 0x9c, 0x5e, 0x90, 0x07, 0xc2, 0x00, 0x25, 0xbf, 0x15, 0x32, 0x78, 0x00,
    0x15, 0x3e, 0x45, 0x4c, 0xb2, 0xc8, 0x52, 0xbe, 0x59, 0x36, 0xaa, 0x67, 0x25, 0xd1, 0x13, 0x99,
    0x8c, 0x1b, 0x34, 0x54, 0xf3, 0x81, 0xdb, 0x84, 0xe3, 0x11, 0xe0, 0x21, 0xdb, 0x38, 0x32, 0xe3,
    0xe0, 0xab, 0x82, 0xe7, 0x26, 0x9b, 0x12, 0x36, 0x8e, 0x4c, 0x2a, 0xcb, 0xe3, 0x80, 0x8d, 0x02,
    0x9e, 0x6a, 0x4c, 0x41, 0x1b, 0x13, 0x36, 0x66, 0xf2, 0x0e, 0x8c, 0xf7, 0x8c, 0x58, 0xe1, 0x5a,
    0xe8, 0x5f, 0x3e, 0xbe, 0x40, 0x7e, 0x95, 0x47, 0x7f, 0x9a, 0x7c, 0x21, 0x95, 0x61, 0x59, 0x44,
    0x6d, 0xbd, 0x74, 0x21, 0xf5, 0x93, 0x6a, 0xae, 0xe4, 0xa5, 0xfc, 0x05, 0x7c, 0x39, 0xe6, 0x79,
    0xcb, 0xb7, 0x7d, 0xc9, 0x73, 0x3e, 0x19, 0xa4, 0x44, 0x2e, 0x7e, 0x83, 0xf5, 0x4c, 0xf2, 0x61,
    0x1f, 0x22, 0x3b, 0x33, 0x9d, 0x86, 0x07, 0xbb, 0x61, 0x14, 0x1e, 0xee, 0x15, 0x3f, 0x22, 0x05,
    0x57, 0x51, 0xd3, 0xe7, 0xe7, 0x60, 0x8f, 0x05, 0x74, 0x66, 0xec, 0x35, 0xf6, 0x85, 0xaf, 0x9d,
    0x9d, 0x10, 0x04, 0xdf, 0xa6, 0xa6, 0x81, 0x10, 0xb9, 0x3f, 0x1f, 0xf4, 0xe2, 0xa6, 0xc5, 0xf7,
    0x72, 0xc3, 0xf6, 0x17, 0x1b, 0xca, 0x67, 0xa5, 0xaf, 0x59, 0xc1, 0x42, 0x45, 0x8c, 0x4c, 0x89,
    0x9e, 0xda, 0xc3, 0x7d, 0x2c, 0x48, 0xb9, 0xff, 0x82, 0x0b, 0x0c, 0x2e, 0x83, 0x1a, 0x92, 0xee,
    0x2a, 0xb1, 0xb0, 0x8f, 0x93, 0x2d, 0xe6, 0xd8, 0xf5, 0xd8, 0xa4, 0x64, 0x2d, 0x0c, 0x4f, 0x31,
    0x7d, 0x68, 0xee, 0x9e, 0x08, 0xe1, 0x5d, 0x7d, 0x47, 0x2f, 0xf6, 0xe6, 0x8e, 0x44, 0x53, 0xe7,
    0x60, 0xdd, 0x72, 0x61, 0x1e, 0x29, 0xec, 0xd6, 0x24, 0x6c, 0xc9, 0x43, 0x6b, 0x82, 0xb6, 0xb2,
    0x12, 0xe5, 0x35, 0xb9, 0xa6, 0x8a, 0xf1, 0x17, 0x99, 0xf2, 0x16, 0x50, 0x96, 0xce, 0x52, 0x94,
    0xbb, 0x51, 0x2d, 0x66, 0x65, 0x99, 0xa9, 0x87, 0x22, 0xe4, 0xf3, 0x18, 0x70, 0x95, 0xe4, 0x47,
    0xed, 0x78, 0x3d, 0xff, 0xaf, 0x76, 0xc6, 0x4d, 0x3e, 0xdc, 0xec, 0x81, 0xc4, 0x32, 0x56, 0x00,
    0xd2, 0x8e, 0xe2, 0xe6, 0xed, 0xb7, 0x6a, 0x8a, 0x31, 0x9c, 0x70, 0x1b, 0x1b, 0x3a, 0x49, 0x51,
    0x24, 0x91, 0xd1, 0x07, 0x4a, 0x1d, 0x32, 0xf2, 0x10, 0x0a, 0x2c, 0x78, 0x50, 0x54, 0x92, 0x0c,
    0x4a, 0xcd, 0x09, 0x06, 0x8c, 0xac, 0xbf, 0xc8, 0x42, 0x41, 0x6c, 0x75, 0x55, 0xe8, 0x32, 0x9f,
    0xd2, 0x03, 0x2b, 0x6e, 0x11, 0x3c, 0x4a, 0x9a, 0xf2, 0xdc, 0x2f, 0x79, 0x20, 0x22, 0xe4, 0xa6,
    0x23, 0x18, 0x8d, 0x3e, 0x09, 0x54, 0xac, 0x05, 0x73, 0xd9, 0xc3, 0x90, 0x34, 0xcc, 0x9f, 0x44,
    0x1f, 0x1c, 0x14, 0xe8, 0x90, 0x59, 0xef, 0xb9, 0x26, 0x9b, 0xfc, 0xa9, 0x89, 0x96, 0x76, 0xd3,
    0xd7, 0x1b, 0x43, 0xc5, 0x93, 0x63, 0x27, 0xd2, 0x39, 0x43, 0xcd, 0x93, 0x29, 0xbb, 0xcc, 0x05,
    0xde, 0x84, 0x7b, 0x7d, 0xf9, 0x3d, 0xc4, 0x74, 0x47, 0x23, 0x45, 0x81, 0x9a, 0x67, 0x98, 0xdf,
    0xe8, 0x84, 0xea, 0x7d, 0x94, 0xdc, 0x7e, 0x73, 0xb1, 0xbe, 0xb9, 0xb1, 0x9f, 0xc2, 0xde, 0xe3,
    0x5b, 0xa9, 0x36, 0x29, 0x89, 0xdd, 0xf4, 0xaf, 0x7b, 0xd3, 0xd7, 0x90, 0xa0, 0x2b, 0x92, 0xe2,
    0xcb, 0xa4, 0x56, 0xd1, 0x19, 0xd9, 0x0a, 0x14, 0x91, 0xcb, 0x67, 0x20, 0xd1, 0xed, 0x8a, 0x3e,
    0x16, 0x62, 0x81, 0x09, 0x16, 0xfd, 0xbf, 0x95, 0xc0, 0x80, 0xe6, 0x3e, 0x5c, 0xa0, 0xee, 0x12,
    0x89, 0xca, 0x63, 0x05, 0x6e, 0x2a, 0x01, 0xa2, 0xcd, 0xee, 0x66, 0x0c, 0x20, 0xc9, 0x97, 0xf9,
    0x82, 0x76, 0xa7, 0xa0, 0xd9, 0xe2, 0xc9, 0xda, 0x86, 0xe9, 0x1b, 0xb5, 0xe0, 0xb2, 0x50, 0x8f,
    0x18, 0x17, 0xbc, 0x98, 0x3d, 0xee, 0x74, 0x9a, 0xd0, 0xf6, 0x82, 0x7e, 0x33, 0x73, 0x3f, 0x48,
    0xf6, 0x69, 0x6d, 0xd3, 0xdc, 0xb6, 0x21, 0x54, 0x6a, 0x6c, 0xc5, 0xf1, 0xfe, 0x40, 0xa1, 0xaf,
    0x07, 0x72, 0x92, 0x1d, 0x65, 0x6d, 0x06, 0x34, 0x00, 0xb3, 0xed, 0x63, 0x5f, 0x6a, 0x1c, 0xa8,
    0x26, 0xf5, 0xb3, 0x34, 0x2c, 0x70, 0x3a, 0xb3, 0x10, 0x04, 0x00, 0xe4, 0xa9, 0x13, 0x96, 0xa2,
    0x50, 0x10, 0x9b, 0xac, 0xfa, 0xf6, 0xe2, 0xe7, 0x66, 0xe4, 0xf6, 0x9d, 0xee, 0x98, 0x57, 0xbf,
    0x00, 0x28, 0x3c, 0x24, 0x07, 0xea, 0xa8, 0x86, 0x58, 0x07, 0xa0, 0xc8, 0x23, 0xca, 0x59, 0x5c,
    0x60, 0x24, 0x23, 0x21, 0x78, 0xa9, 0x71, 0xf0, 0x8c, 0x8e, 0xf1, 0x53, 0x20, 0x89, 0x44, 0xe8,
    0x2f, 0x36, 0xb0, 0x26, 0x3e, 0x28, 0xac, 0xaa, 0xfe, 0x26, 0xe5, 0x4f, 0x2b, 0x8d, 0x4c, 0xd8,
    0xd4, 0xd7, 0x1d, 0xfc, 0xa3, 0x9b, 0xf7, 0x63, 0x72, 0x85, 0x26, 0xd0, 0xa7, 0x70, 0x2f, 0x46,
    0x55, 0x3e, 0xad, 0x29, 0xc8, 0x46, 0xdc, 0x6b, 0xd9, 0xdb, 0x33, 0x80, 0xd5, 0x8e, 0x72, 0x63,
    0x40, 0xa8, 0x0b, 0xc9, 0x8b, 0x68, 0x86, 0xdb, 0xf6, 0x49, 0x88, 0x22, 0x83, 0xb0, 0x1a, 0xd5,
    0xfa, 0xa9, 0x3b, 0x9e, 0x6b, 0xc9, 0xd1, 0x03, 0xb0, 0x4b, 0xbc, 0x92, 0x79, 0x73, 0x96, 0xa3,
    0x84, 0xcc, 0x37, 0xb4, 0xfc, 0xf5, 0x14, 0x90, 0x14, 0x8e, 0x37, 0xab, 0x63, 0x00, 0xce, 0x85,
    0x7c, 0xcf, 0x20, 0xb7, 0xce, 0xcf, 0xf5, 0x36, 0x29, 0xa3, 0xcc, 0xaa, 0xf7, 0x54, 0x43, 0xdc,
    0x54, 0x19, 0x90, 0x1e, 0x11, 0xd5, 0x25, 0x75, 0x7c, 0xa0, 0x4d, 0xc2, 0x9a, 0xff, 0x6f, 0x3d,
    0xa1, 0x93, 0x55, 0xe5, 0xc8, 0x59, 0xb5, 0x99, 0x54, 0x40, 0xdc, 0xf4, 0x6f, 0x56, 0xc4, 0x21,
    0x37, 0xb4, 0x19, 0x41, 0x29, 0x09, 0x1f, 0x78, 0x2d, 0x64, 0x3d, 0x4e, 0x0e, 0x3d, 0xf1, 0xae,
    0xe9, 0x73, 0xff, 0x1e, 0x76, 0xea, 0x26, 0x05, 0xc4, 0x96, 0x32, 0xf1, 0xdc, 0x87, 0xa1, 0xa3,
    0xac, 0xb5, 0x69, 0xe6, 0xfa, 0xbb, 0xfb, 0xa5, 0xe9, 0x24, 0x8f, 0x36, 0xd6, 0xc7, 0x29, 0x36,
    0x49, 0xb8, 0x98, 0xb6, 0x95, 0x3e, 0x7d, 0xca, 0x5f, 0x94, 0xb7, 0x42, 0x5b, 0xfe, 0xd0, 0x18,
    0x06, 0x48, 0x37, 0x9a, 0x5e, 0x9e, 0x2a, 0xdf, 0x9a, 0x3c, 0x89, 0xf4, 0xb2, 0x5d, 0x76, 0x65,
    0xf0, 0xa3, 0xae, 0x8c, 0xf6, 0xc8, 0x89, 0x96, 0x7c, 0x7f, 0xa1, 0xe4, 0xfa, 0x58, 0x57, 0x5e,
    0x22, 0x1e, 0xaf, 0x57, 0x83, 0xac, 0x72, 0x04, 0xc2, 0xc6, 0x46, 0xf0, 0x2d, 0x52, 0x68, 0x35,
    0xf0, 0xa7, 0x8c, 0x74, 0x9d, 0xd1, 0x43, 0xdf, 0x8f, 0x86, 0xd8, 0x36, 0xea, 0xc6, 0xac, 0x27,
    0x27, 0x2c, 0x25, 0x96, 0x59, 0x84, 0x7a, 0x3c, 0xc9, 0xae, 0x0a, 0x02, 0xb1, 0x81, 0xe5, 0x1d,
    0x45, 0xe7, 0x1c, 0x58, 0x8e, 0xa8, 0x2e, 0x23, 0x29, 0x0e, 0x05, 0xc4, 0xca, 0x24, 0x59, 0xa1,
    0x45, 0x41, 0x1a, 0x61, 0x59, 0xe8, 0x77, 0xb6, 0xfc, 0x5d, 0xac, 0x1a, 0xdb, 0x92, 0xbe, 0x6f,
    0x03, 0xad, 0xea, 0x14, 0x68, 0xa1, 0x22, 0x4f, 0x73, 0x2b, 0x3f, 0xad, 0x2a, 0xde, 0xa5, 0x3f,
    0x7e, 0xee, 0x27, 0xa4, 0x74, 0x66, 0x73, 0xad, 0x7a, 0xf8, 0xd0, 0x7d, 0x40, 0xc6, 0x71, 0xe3,
    0x9b, 0x57, 0x74, 0x48, 0x02, 0x73, 0x86, 0x20, 0x50, 0xa4, 0x51, 0xc9, 0xa3, 0x02, 0xef, 0x40,
    0xa0, 0xbb, 0xec, 0x82, 0xc0, 0xe4, 0xab, 0x21, 0x1b, 0x7b, 0xac, 0x7c, 0x9f, 0x92, 0x1e, 0x53,
    0x30, 0xb6, 0xd2, 0xa3, 0xbb, 0x38, 0x9a, 0x62, 0x65, 0x00, 0x10, 0x16, 0xd9, 0xfd, 0xc7, 0xdf,
    0x2f, 0x44, 0xe7, 0x1a, 0x28, 0x0b, 0x9e, 0xeb, 0x27, 0xdf, 0x54, 0xce, 0x1b, 0x0b, 0x20, 0xbe,
    0x92, 0x89, 0x71, 0x4e, 0xef, 0x59, 0xf9, 0x93, 0xdd, 0x35, 0x2c, 0x53, 0xa2, 0xb7, 0x47, 0x74,
    0xa6, 0xc9, 0x58, 0xf1, 0xf8, 0x61, 0xd2, 0x1e, 0x70, 0x22, 0x16, 0x8b, 0x3d, 0xc7, 0x90, 0x21,
    0xb9, 0xd1, 0xaf, 0xb3, 0x6e, 0xaa, 0x92, 0x08, 0x30, 0x51, 0xac, 0x9d, 0xf6, 0x2d, 0x3c, 0xa6,
    0x12, 0x7c, 0x29, 0x1c, 0xe7, 0x5b, 0x20, 0x47, 0xe6, 0x69, 0xb0, 0xc7, 0x88, 0x1c, 0x3d, 0xf0,
    0x83, 0xa5, 0x63, 0xbe, 0x78, 0x65, 0x9f, 0xf7, 0xd2, 0x0d, 0xc5, 0xfe, 0x68, 0x44, 0xdc, 0x06,
    0x42, 0x16, 0x91, 0x15, 0xfa, 0x3d, 0x3b, 0xdf, 0x2a, 0xf7, 0x3f, 0x89, 0x9b, 0xac, 0xbd, 0x3d,
    0x37, 0xe4, 0x28, 0x5b, 0x27, 0x5e, 0xb8, 0xaf, 0xc8, 0xc8, 0xb3, 0x77, 0x33, 0x0d, 0x87, 0x71,
    0x54, 0x73, 0x07, 0xfd, 0x04, 0x38, 0x46, 0x31, 0x80, 0xd2, 0x57, 0x66, 0x6d, 0xb3, 0x57, 0x79,
    0x44, 0x19, 0x40, 0x2a, 0xd4, 0x32, 0x7d, 0x3b, 0xa8, 0x19, 0xb6, 0xe2, 0xff, 0x58, 0xba, 0x7e,
    0xb0, 0x2b, 0xc4, 0xc3, 0xa5, 0x43, 0x4b, 0xac, 0x6e, 0xe1, 0xba, 0xe6, 0x55, 0xea, 0xef, 0x5e,
    0x62, 0x72, 0xab, 0x4c, 0x7d, 0xab, 0x04, 0x24, 0xc9, 0xe9, 0x23, 0xfc, 0x2c, 0x29, 0x00, 0x6f,
    0x7b, 0x21, 0x63, 0x2e, 0x3a, 0x86, 0x70, 0xc4, 0xc5, 0x22, 0x53, 0xfc, 0x75, 0x3e, 0x43, 0x0e,
    0x66, 0xd4, 0x86, 0x72, 0x87, 0x3d, 0x1d, 0x2f, 0x9f, 0xec, 0x7f, 0x34, 0x65, 0x5a, 0x82, 0xc6,
    0x34, 0xb2, 0x77, 0xe5, 0x92, 0x29, 0x88, 0xbe, 0xfb, 0xc0, 0x78, 0x57, 0x6e, 0x65, 0x33, 0xe3,
    0x94, 0x29, 0x72, 0xd5, 0xf6, 0xa4, 0x50, 0xb6, 0xf8, 0x8e, 0x39, 0x97, 0xa2, 0xb9, 0x08, 0xfe,
    0x46, 0x8d, 0xbc, 0x94, 0x58, 0x1f, 0x83, 0x7b, 0x61, 0x78, 0x83, 0xcc, 0x61, 0x96, 0xad, 0x21,
    0x05, 0xcc, 0xf3, 0x24, 0x66, 0xd4, 0x49, 0x08, 0x6a, 0x04, 0x8e, 0x52, 0x99, 0xd2, 0x90, 0x65,
    0x54, 0x2d, 0x5b, 0x58, 0x31, 0xa7, 0x9d, 0x92, 0x19, 0x06, 0xe7, 0x7f, 0x6c, 0x42, 0x4b, 0xbb,
    0x57, 0x2c, 0x6c, 0x5c, 0x13, 0x94, 0x0a, 0xf3, 0xa0, 0xc6, 0x84, 0xff, 0xbc, 0x32, 0x95, 0xda,
    0x18, 0x67, 0x6b, 0xbe, 0xa1, 0x9e, 0x66, 0xb0, 0x15, 0xed, 0xc9, 0x74, 0xbd, 0x4d, 0x0d, 0x3b,
    0x8e, 0x36, 0x0b, 0xba, 0xc7, 0xaf, 0x9c, 0x6f, 0x8f, 0xad, 0x68, 0x74, 0xa4, 0x91, 0x0d, 0x9f,
    0x52, 0x9d, 0x85, 0x2a, 0xd1, 0x93, 0xae, 0x88, 0xf2, 0x3e, 0xce, 0x86, 0x38, 0xc3, 0x65, 0x02,
    0x6d, 0x50, 0xc0, 0x7a, 0xfc, 0xac, 0xb8, 0xe7, 0x3f, 0xe8, 0x42, 0x18, 0xca, 0x3b, 0xa6, 0x4a,
    0x98, 0xda, 0xce, 0xc9, 0x7c, 0xb1, 0x22, 0x84, 0xa1, 0xd5, 0x90, 0x18, 0x30, 0xaf, 0x40, 0xf0,
    0xdd, 0x2c, 0xd2, 0xcc, 0x6e, 0xe0, 0xd4, 0x41, 0xbb, 0x81, 0x53, 0xcc, 0xda, 0x96, 0x64, 0x7d,
    0xb9, 0x2c, 0x83, 0x24, 0xb0, 0xbc, 0x83, 0xac, 0xdf, 0x7e, 0x9f, 0xfe, 0xb6, 0xf0, 0x10, 0xf0,
    0xb0, 0x78, 0x9a, 0x1a, 0x25, 0xa4, 0x73, 0x1a, 0x8e, 0x87, 0xad, 0xbe, 0xd1, 0x69, 0xd9, 0x33,
    0xfc, 0xd6, 0xbd, 0xd2, 0x30, 0x57, 0x4d, 0x29, 0x3d, 0x8d, 0x1f, 0x79, 0x28, 0x57, 0xff, 0x11,
    0x06, 0x05, 0xbe, 0xfc, 0x88, 0xfa, 0xf1, 0xc8, 0x6a, 0xc9, 0x36, 0xb0, 0x57, 0x74, 0x95, 0xcd,
    0x23, 0xf2, 0x84, 0xf3, 0x70, 0xdd, 0xd3, 0xc1, 0x07, 0xa8, 0x11, 0xb4, 0x34, 0x7b, 0x2b, 0x1f,
    0x5b, 0x3e, 0xd4, 0x4e, 0x93, 0xda, 0x4a, 0x63, 0x79, 0x34, 0x28, 0x78, 0x13, 0x38, 0x80, 0x98,
    0xdb, 0x9b, 0x8c, 0x41, 0x07, 0x98, 0x20, 0xa3, 0x2d, 0x43, 0x58, 0x0d, 0xf5, 0x73, 0x2c, 0xc6,
    0x1c, 0x5c, 0x03, 0x14, 0xdc, 0xe0, 0x76, 0xa7, 0x9d, 0x5a, 0xa2, 0x0d, 0x1e, 0xa7, 0x5a, 0x03,
    0x1e, 0x27, 0xf9, 0xe8, 0x94, 0x96, 0x0b, 0x75, 0xee, 0x72, 0xcf, 0x15, 0x6c, 0x2a, 0x7f, 0xa8,
    0x69, 0x14, 0x7f, 0x6f, 0x99, 0x54, 0x14, 0xd8, 0x43, 0xc1, 0x17, 0xa7, 0x91, 0xb3, 0x56, 0x8e,
    0x40, 0xbf, 0xc8, 0x86, 0xc0, 0xdd, 0x50, 0x70, 0xe3, 0x32, 0x2b, 0xdd, 0x6e, 0xcf, 0x17, 0xc0,
    0x66, 0x3b, 0xb5, 0x74, 0x0f, 0xd2, 0xf4, 0xee, 0xfa, 0x68, 0xd3, 0x2f, 0x8c, 0xd2, 0x1b, 0xce,
    0xdf, 0x04, 0x20, 0x24, 0xc9, 0x2c, 0x65, 0xe4, 0x5c, 0x23, 0x4b, 0xf9, 0x5b, 0x9d, 0x0d, 0x9a,
    0x58, 0x65, 0x2b, 0xa2, 0xba, 0x0a, 0x10, 0x9f, 0xdb, 0x8d, 0x3a, 0x5c, 0x1e, 0xcb, 0x28, 0x30,
    0x35, 0xd4, 0xdc, 0x97, 0x02, 0xc5, 0xda, 0x2c, 0xf1, 0x5b, 0x7c, 0x79, 0x06, 0xe8, 0x3b, 0x91,
    0xca, 0x26, 0x57, 0x1b, 0xbf, 0x8c, 0x91, 0xde, 0xce, 0x7d, 0xa1, 0xf7, 0xa5, 0x37, 0x20, 0xee,
    0xf4, 0xfd, 0x34, 0xc8, 0x65, 0x17, 0x70, 0x77, 0xa2, 0x13, 0xa3, 0x23, 0x95, 0xcf, 0x6a, 0x71,
    0x73, 0x33, 0x5b, 0x57, 0x3a, 0x17, 0x09, 0x35, 0x16, 0xdf, 0xe5, 0x72, 0xc3, 0xa4, 0x13, 0x77,
    0x34, 0xee, 0x2b, 0x3d, 0xfe, 0xc1, 0x45, 0x12, 0x7f, 0xc6, 0x62, 0x30, 0xdc, 0x27, 0xfd, 0x32,
    0xdb, 0x0e, 0x21, 0x64, 0x8c, 0x04, 0x4d, 0x7b, 0x23, 0xe3, 0x56, 0x17, 0xa1, 0xb5, 0x3d, 0xd9,
    0x79, 0xb2, 0x41, 0xa8, 0x33, 0xa9, 0x5e, 0x43, 0xee, 0x09, 0x88, 0x4e, 0x0a, 0x7b, 0xd2, 0x92,
    0x7c, 0x4d, 0xe9, 0x12, 0x0e, 0xa1, 0x8b, 0xa7, 0xa4, 0xe4, 0x69, 0x0f, 0x55, 0xc0, 0x0c, 0xc4,
    0xcc, 0xec, 0xe7, 0x09, 0xbf, 0xd6, 0xc6, 0x1d, 0x3f, 0xe6, 0xc4, 0xbc, 0x80, 0xb5, 0x31, 0xad,
    0x01, 0x3b, 0x51, 0xdc, 0x63, 0x33, 0xf5, 0x49, 0xb2, 0x58, 0x30, 0x64, 0x82, 0x4c, 0x1b, 0xb3,
    0xa6, 0x51, 0x0f, 0x27, 0xd0, 0x1a, 0x43, 0xed, 0xf0, 0xca, 0x98, 0xee, 0x2d, 0x61, 0x83, 0xbd,
    0x1d, 0x95, 0x52, 0xc0, 0xf8, 0x5e, 0x8c, 0x53, 0x28, 0x33, 0x95, 0x0f, 0xe6, 0xf3, 0xed, 0x31,
    0x80, 0x3d, 0x69, 0x6f, 0x32, 0xc8, 0x5d, 0xb0, 0x10, 0x8d, 0x6b, 0x77, 0x97, 0x35, 0xa0, 0xeb,
    0x7a, 0x7f, 0xbb, 0xcf, 0x6b, 0x5d, 0x6d, 0xb9, 0x28, 0xdc, 0xbd, 0x3f, 0xbf, 0x3f, 0x7c, 0x0e,
    0xa2, 0x29, 0x04, 0xa0, 0xeb, 0x05, 0x6b, 0x0e, 0xcf, 0x17, 0xad, 0x71, 0x7e, 0xee, 0x91, 0x53,
    0x82, 0xbb, 0x90, 0xcd, 0x11, 0xc3, 0xa0, 0x0b, 0xaa, 0x60, 0xbb, 0x09, 0xd8, 0x32, 0x4a, 0x85,
    0x41, 0xa3, 0x4e, 0x9d, 0xda, 0xc1, 0x0c, 0x97, 0x04, 0xf3, 0x58, 0x54, 0xcc, 0x6e, 0xd3, 0x82,
    0xfc, 0xc2, 0xe7, 0x04, 0x06, 0x49, 0x18, 0xef, 0xf6, 0x1e, 0x46, 0xdd, 0x76, 0x1b, 0x15, 0x9c,
    0x27, 0xa6, 0x22, 0x1c, 0xa5, 0x74, 0x8a, 0x76, 0x93, 0xfe, 0xdf, 0x08, 0x62, 0x76, 0x72, 0xf6,
    0xc1, 0x1e, 0x64, 0x40, 0xa5, 0x13, 0x13, 0x02, 0x4d, 0x20, 0x47, 0x50, 0xd7, 0x36, 0xa2, 0xbb,
    0x17, 0x3d, 0x53, 0x75, 0x3b, 0xf6, 0xd1, 0x94, 0x97, 0xd3, 0x5a, 0x68, 0x7f, 0x80, 0x47, 0xb4,
    0x8e, 0xb8, 0x18, 0xc8, 0x08, 0xdb, 0xcb, 0xaa, 0x19, 0xb9, 0x81, 0x0f, 0x7e, 0x2f, 0xa8, 0x31,
    0x1e, 0xfa, 0x23, 0x86, 0x20, 0x71, 0x47, 0x3a, 0xbd, 0x70, 0xae, 0x8b, 0xca, 0x28, 0xec, 0x0a,
    0x01, 0xd1, 0xf4, 0x52, 0x1a, 0x30, 0x2b, 0x03, 0xee, 0xa2, 0x40, 0xd9, 0xb8, 0x01, 0x6e, 0xa5,
    0x5f, 0x1d, 0xd3, 0xd2, 0x46, 0xa7, 0x19, 0xf3, 0xd1, 0xd5, 0x49, 0x3b, 0xad, 0xd4, 0x45, 0x2a,
    0x88, 0xc1, 0x0b, 0x18, 0x84, 0x39, 0x67, 0x24, 0xb3, 0x96, 0xac, 0x63, 0x1d, 0x53, 0xb8, 0x86,
    0x41, 0xc9, 0xb5, 0xd2, 0xaa, 0xcb, 0x59, 0xea, 0x99, 0xc4, 0x6e, 0x5c, 0x05, 0xe6, 0x3f, 0x17,
    0xa1, 0x52, 0x32, 0xca, 0xa3, 0xb0, 0x10, 0x12, 0xa6, 0xe6, 0x76, 0x63, 0x4b, 0x83, 0xfc, 0x21,
    0x73, 0x7b, 0x03, 0x3f, 0x7f, 0xd3, 0x26, 0xd5, 0x6f, 0x51, 0x17, 0x03, 0xe2, 0x8e, 0xd1, 0x26,
    0xe2, 0xb9, 0x87, 0xfa, 0xff, 0x06, 0xa9, 0x11, 0xc1, 0xb2, 0x4a, 0x2d, 0x4f, 0x18, 0xf6, 0x04,
    0x8c, 0x07, 0x23, 0x14, 0xa0, 0x3e, 0xe1, 0x38, 0xab, 0xdf, 0x21, 0x21, 0xc3, 0xe7, 0x6b, 0x85,
    0x82, 0x40, 0xf5, 0x8a, 0x3a, 0x1d, 0x5c, 0xe3, 0xae, 0xde, 0xe7, 0x92, 0xe3, 0x87, 0x78, 0xf8,
    0x23, 0x09, 0x1f, 0xfa, 0x6c, 0x37, 0x29, 0xb5, 0x84, 0xc5, 0x42, 0xb7, 0xf6, 0xad, 0x84, 0x85,
    0x62, 0xff, 0x35, 0x3f, 0x46, 0x38, 0x70, 0x4d, 0xea, 0x40, 0x62, 0x84, 0x5a, 0x4d, 0x1a, 0x9f,
    0x53, 0x55, 0x8b, 0x31, 0xa5, 0x9c, 0x47, 0x2d, 0x03, 0xb0, 0xb2, 0x80, 0xc8, 0x3b, 0xca, 0x57,
    0x56, 0xe9, 0xd8, 0x6a, 0x02, 0x9a, 0x34, 0x40, 0xf9, 0x78, 0xe5, 0x75, 0xad, 0x75, 0x1c, 0x09,
    0x6b, 0x70, 0x0d, 0xdc, 0x90, 0x2b, 0x94, 0xb4, 0x5b, 0x2e, 0x6f, 0x6a, 0x87, 0x87, 0x8e, 0x03,
    0xd6, 0x48, 0x4f, 0x1c, 0xbb, 0x3f, 0xf5, 0xd8, 0xcf, 0x7c, 0xa9, 0xec, 0x3f, 0x0f, 0x5a, 0x56,
    0x37, 0xcd, 0x8f, 0x00, 0x91, 0x5e, 0x58, 0x34, 0x09, 0x3b, 0x08, 0xfe, 0x78, 0x4e, 0x5b, 0x6a,
    0x22, 0xf5, 0x3c, 0x33, 0xdb, 0xc7, 0xa6, 0x10, 0x26, 0x2e, 0x1b, 0xb1, 0x10, 0xe1, 0x36, 0xaa,
    0xa2, 0xad, 0x78, 0x45, 0x09, 0x72, 0x74, 0x54, 0xea, 0x66, 0x94, 0x98, 0xeb, 0xa4, 0x40, 0xf4,
    0xa4, 0x63, 0xeb, 0xe2, 0x5a, 0x5c, 0x57, 0x4c, 0x3e, 0x3c, 0xa2, 0xcf, 0xfd, 0x9a, 0x45, 0x34,
    0xc8, 0xc3, 0x43, 0xef, 0x43, 0x5e, 0x6b, 0xee, 0x52, 0x24, 0x86, 0x4c, 0x93, 0x92, 0xdf, 0xae,
    0x41, 0x8f, 0xc2, 0xf8, 0xf9, 0x74, 0x38, 0x32, 0x1f, 0x41, 0x77, 0x46, 0xf2, 0xe8, 0xf4, 0x15,
    0x00, 0xcd, 0xed, 0x0a, 0x6c, 0x3c, 0xb5, 0x40, 0x11, 0x04, 0xe1, 0xfe, 0xa8, 0x20, 0x71, 0x1c,
    0x03, 0xa7, 0x86, 0x1a, 0x6a, 0x16, 0xbf, 0xbe, 0xf4, 0xf9, 0x9e, 0xfc, 0x80, 0x22, 0x26, 0x77,
    0x52, 0x8f, 0x4c, 0x90, 0xad, 0xe1, 0x98, 0x46, 0x95, 0xe2, 0xff, 0xf6, 0xf2, 0xb5, 0x35, 0xa7,
    0xbc, 0x03, 0x23, 0x36, 0x02, 0x04, 0x16, 0xc2, 0x76, 0xaa, 0xb9, 0x27, 0x58, 0x8e, 0xa7, 0x6f,
    0x1d, 0x54, 0xf8, 0x44, 0x06, 0x2a, 0x86, 0x29, 0xc0, 0xfd, 0x25, 0x61, 0x9e, 0xca, 0x1e, 0xec,
    0xe1, 0xe4, 0xe7, 0x6e, 0xa3, 0x1d, 0xff, 0x2b, 0xb1, 0xe0, 0x7b, 0x77, 0x05, 0x8f, 0x23, 0x0a,
    0x1c, 0xaf, 0xfd, 0x29, 0x2a, 0x9e, 0x48, 0xcb, 0x3e, 0x06, 0xd7, 0x1e, 0x5c, 0xde, 0x09, 0x9c,
    0x44, 0x48, 0x56, 0x07, 0x1c, 0x88, 0xb2, 0xe9, 0x64, 0x0a, 0x03, 0xec, 0x5e, 0xdc, 0xc2, 0xf7,
    0x26, 0x35, 0x7b, 0xa1, 0x1d, 0xe5, 0xe0, 0x54, 0xa6, 0x6d, 0x5e, 0xc3, 0x27, 0x54, 0x83, 0xa2,
    0xe4, 0xb3, 0xde, 0xce, 0x0a, 0x07, 0x56, 0x9f, 0x2e, 0x89, 0xb4, 0xa9, 0x99, 0x98, 0x48, 0x23,
    0xcd, 0x36, 0x73, 0x06, 0x4f, 0xf8, 0x13, 0x35, 0x5a, 0x6a, 0x65, 0xb2, 0x69, 0xd3, 0xf3, 0x76,
    0xec, 0xae, 0x55, 0x0e, 0xf2, 0xe6, 0x9d, 0x91, 0x89, 0x89, 0x8f, 0xdd, 0x13, 0xbf, 0xd8, 0x38,
    0xfb, 0x3d, 0x72, 0x82, 0xa9, 0x1b, 0x7c, 0x14, 0x0f, 0xcf, 0x0d, 0x81, 0xb0, 0xd0, 0xdd, 0xa3,
    0x87, 0xa8, 0xbb, 0x14, 0x49, 0xa7, 0x70, 0x36, 0xff, 0xad, 0x05, 0x3a, 0x44, 0x19, 0x5d, 0x0b,
    0x2a, 0x83, 0x1e, 0xf5, 0xeb, 0x46, 0x2c, 0x3d, 0xd8, 0x79, 0x9b, 0x3c, 0xde, 0xb8, 0xcd, 0xc5,
    0x20, 0x94, 0xfe, 0xf4, 0xc5, 0xb6, 0x79, 0x52, 0xaf, 0xd8, 0x5f, 0x77, 0x05, 0xac, 0x84, 0xe3,
    0x29, 0x85, 0x68, 0xfb, 0x4f, 0x75, 0xbb, 0xe1, 0x97, 0x75, 0xbc, 0xc9, 0x92, 0xd0, 0x27, 0x07,
    0xe4, 0xf7, 0xe0, 0x7c, 0x25, 0x82, 0x4f, 0xc2, 0x90, 0x8c, 0xd7, 0x7d, 0xe0, 0x17, 0x9e, 0x0f,
    0x2e, 0xd2, 0xe3, 0x6e, 0x3f, 0xf5, 0x89, 0xc0, 0x15, 0x8a, 0x2d, 0x10, 0x8b, 0x70, 0x41, 0x07,
    0x84, 0x93, 0x32, 0x04, 0x3c, 0x08, 0x0c, 0xa2, 0xfa, 0xd0, 0x24, 0x18, 0xdd, 0xb5, 0x5b, 0xc2,
    0x46, 0x4c, 0x1e, 0xaa, 0x2b, 0xcb, 0x98, 0xaf, 0x3c, 0x86, 0xdb, 0xc6, 0xc2, 0x3a, 0x1f, 0x53,
    0x2e, 0xf2, 0xd7, 0x08, 0xd7, 0xb6, 0x13, 0xbd, 0x19, 0xea, 0x8f, 0x68, 0x99, 0x03, 0x16, 0x83,
    0x0f, 0x76, 0xdf, 0x67, 0xee, 0x00, 0xca, 0x82, 0x76, 0xee, 0xcb, 0x85, 0xf2, 0xac, 0x58, 0x0d,
    0x88, 0x0c, 0x21, 0x11, 0x58, 0x3b, 0xc8, 0xb3, 0x19, 0x35, 0xef, 0xb3, 0x48, 0xf3, 0x0c, 0xeb,
    0x3b, 0x1b, 0x89, 0x36, 0x28, 0x6a, 0x1a, 0xa9, 0xbe, 0xb5, 0xc1, 0x5c, 0xd2, 0x64, 0x2a, 0x4b,
    0xab, 0x90, 0xd6, 0x54, 0x85, 0x31, 0x7c, 0x54, 0x00, 0xca, 0xab, 0xe1, 0x6b, 0xf9, 0x04, 0x0c,
    0x94, 0x5d, 0xcc, 0xc1, 0x33, 0xc2, 0x57, 0xaa, 0xf0, 0x23, 0xe8, 0xc2, 0xa3, 0x8d, 0x63, 0xc9,
    0x5c, 0xd2, 0x5b, 0xa7, 0xd3, 0xff, 0x87, 0x30, 0xcc, 0xa6, 0x72, 0x62, 0xba, 0x57, 0x07, 0xbf,
    0xa2, 0xa3, 0xc4, 0x2e, 0x0f, 0x2f, 0x28, 0x3f, 0x62, 0xfb, 0x65, 0xce, 0xdb, 0x84, 0xb1, 0x7f,
    0x23, 0x6f, 0x7f, 0x6f, 0xf8, 0xf0, 0x21, 0xd1, 0x61, 0x35, 0xeb, 0xca, 0x25, 0x49, 0xb9, 0xd7,
    0x2f, 0x23, 0x35, 0xf4, 0xb1, 0x3f, 0x15, 0x94, 0x69, 0xbf, 0xe6, 0x65, 0x00, 0x66, 0x14, 0x3a,
    0x12, 0x2b, 0xb0, 0x1b, 0x27, 0x88, 0x70, 0xea, 0xd8, 0x21, 0xf4, 0xfb, 0xee, 0x95, 0x26, 0x1b,
    0x60, 0x73, 0x50, 0xb9, 0x05, 0xd8, 0x6a, 0x04, 0xa4, 0x41, 0xe0, 0xd0, 0x5c, 0xad, 0x08, 0x30,
    0x3d, 0xb1, 0xc6, 0x9a, 0x7b, 0x9f, 0x3c, 0xe9, 0x82, 0xe7, 0x70, 0x8e, 0x07, 0xcd, 0x87, 0xf5,
    0xe7, 0x16, 0x63, 0x11, 0x18, 0x58, 0x81, 0x9d, 0x00, 0x62, 0xe0, 0x77, 0xe8, 0x76, 0x3b, 0x44,
    0x58, 0x8c, 0x4d, 0xd5, 0x17, 0x0b, 0xbe, 0x60, 0x2b, 0xe0, 0x54, 0xaf, 0x3e, 0x59, 0xd1, 0x81,
    0xb6, 0x0e, 0x9d, 0x1e, 0x72, 0x09, 0xaf, 0x4f, 0xae, 0x4f, 0xd6, 0xe2, 0x71, 0xeb, 0xca, 0xdb,
    0x7a, 0x4e, 0xca, 0x4b, 0xc6, 0x7d, 0xee, 0xcd, 0x24, 0xe0, 0x7f, 0x14, 0xc5, 0xa6, 0xfb, 0xdb,
    0x24, 0x31, 0x47, 0x3a, 0x67, 0x61, 0xce, 0x89, 0x41, 0x57, 0xb5, 0xde, 0xc1, 0x6a, 0xe7, 0xf4,
    0xe1, 0x19, 0xef, 0x58, 0x06, 0x17, 0x34, 0x23, 0x0b, 0xb2, 0x09, 0x7c, 0x70, 0x18, 0xe6, 0x3c,
    0x6a, 0xaf, 0x94, 0x57, 0xa6, 0x99, 0x9b, 0xda, 0x91, 0x0b, 0x8a, 0xcd, 0xd1, 0x54, 0x7f, 0x06,
    0x43, 0x0b, 0xa5, 0xdd, 0x40, 0x4c, 0x9d, 0x7f, 0xc1, 0x3e, 0xbc, 0x32, 0x1f, 0xe6, 0x74, 0x11,
    0x98, 0x9c, 0x3d, 0xfc, 0x49, 0xcd, 0xec, 0xe2, 0x8d, 0x26, 0xc6, 0x58, 0x0a, 0xc0, 0x1c, 0x57,
    0x83, 0x2c, 0x0a, 0x16, 0x1c, 0x04, 0x00, 0xb4, 0x35, 0x4b, 0x4d, 0x3a, 0x03, 0x93, 0xfa, 0x2b,
    0x91, 0xa2, 0x56, 0xdb, 0x1b, 0x87, 0x5c, 0x73, 0x91, 0xfb, 0x45, 0x5b, 0x20, 0xdf, 0x8f, 0x1a,
    0x56, 0xc4, 0x72, 0xf1, 0x2e, 0x79, 0x87, 0xe0, 0x06, 0x67, 0x3c, 0x17, 0x54, 0x2e, 0xb5, 0x1d,
    0xf0, 0x8a, 0x46, 0x9c, 0x67, 0x3b, 0x5e, 0x94, 0x77, 0x82, 0x4d, 0x66, 0x58, 0x02, 0xf4, 0xb6,
    0x93, 0x8a, 0x36, 0x48, 0xa5, 0x0b, 0xeb, 0x1a, 0xad, 0x8c, 0x71, 0x23, 0xca, 0x70, 0xa5, 0xe6,
    0xf0, 0x1e, 0x05, 0xc7, 0x7e, 0xcb, 0x71, 0xdc, 0x52, 0xae, 0x6f, 0xc9, 0xa2, 0xf3, 0xd4, 0xc3,
    0xb1, 0xa6, 0xb1, 0x73, 0xc4, 0x42, 0x3a, 0x5c, 0x11, 0x71, 0x25, 0x8e, 0x46, 0x83, 0xda, 0xdf,
    0x85, 0x9d, 0xf8, 0x66, 0x4d, 0x80, 0x9e, 0xe6, 0x2a, 0x6f, 0xe0, 0x05, 0x06, 0xa0, 0xf2, 0x61,
    0xec, 0x8d, 0xdc, 0xbd, 0x34, 0x38, 0x87, 0x4c, 0xbc, 0xaa, 0xb1, 0x03, 0x11, 0xb1, 0x77, 0xd0,
    0xd4, 0xe3, 0x35, 0x94, 0x59, 0x63, 0x42, 0xb1, 0x9a, 0xe8, 0xfc, 0x75, 0x99, 0x9a, 0xf9, 0xf5,
    0xfc, 0x44, 0x68, 0x83, 0x87, 0x35, 0xe0, 0xb9, 0xac, 0xad, 0xb2, 0xec, 0x18, 0x23, 0x49, 0x45,
    0xa7, 0x0f, 0x85, 0xc2, 0x89, 0x67, 0x61, 0x1e, 0x1b, 0x1a, 0xd5, 0xbb, 0xe1, 0xc6, 0xf9, 0xf4,
    0x85, 0xfc, 0x92, 0x36, 0x3e, 0xc7, 0xfa, 0xb7, 0x89, 0xf5, 0xa7, 0x92, 0xb6, 0x0a, 0xaa, 0xdd,
    0xd5, 0xc4, 0x73, 0x35, 0xd9, 0x70, 0x88, 0xe7, 0x31, 0x5e, 0xec, 0x18, 0xf0, 0x50, 0x49, 0x22,
    0x10, 0x8d, 0xd5, 0x5d, 0x45, 0xb2, 0xb8, 0xdd, 0x36, 0xe8, 0x2b, 0xd4, 0xce, 0xb8, 0x97, 0x06,
    0x91, 0xdd, 0xb5, 0xa7, 0x38, 0x95, 0x94, 0x45, 0x5b, 0x07, 0x59, 0x20, 0x76, 0x55, 0x00, 0x3a,
    0x7e, 0xf9, 0x51, 0x96, 0x14, 0x3c, 0x19, 0x49, 0x25, 0xa3, 0x99, 0xa2, 0x87, 0xc2, 0xd8, 0xa6,
    0x81, 0x03, 0xfb, 0x40, 0x6e, 0x10, 0x8e, 0xd3, 0x96, 0x4d, 0x4f, 0xd4, 0x54, 0x65, 0xa0, 0x63,
    0xb3, 0xbb, 0x2a, 0x6b, 0x62, 0x1e, 0x6c, 0x88, 0xe0, 0xe2, 0x9c, 0xf1, 0xc7, 0xa1, 0x84, 0xce,
    0x73, 0x1c, 0x1d, 0x8f, 0x78, 0xbc, 0xb4, 0x5f, 0x23, 0x40, 0x0f, 0x0e, 0x2f, 0x0d, 0x19, 0x5f,
    0x52, 0x42, 0x0c, 0x80, 0x39, 0x4d, 0x19, 0xc0, 0x9b, 0x84, 0x05, 0x2b, 0xa1, 0x58, 0xa4, 0x91,
    0x0b, 0xde, 0x25, 0xa0, 0x81, 0xa5, 0x91, 0x50, 0xd3, 0x3d, 0x92, 0x5c, 0x49, 0x6c, 0x23, 0x76,
    0xa3, 0x68, 0xb6, 0x56, 0xce, 0x8b, 0x60, 0xfa, 0xf9, 0x15, 0xdc, 0x2c, 0xa3, 0xd7, 0x54, 0xe4,
    0x50, 0x35, 0x49, 0xc5, 0x85, 0x0c, 0x00, 0x23, 0x0f, 0x0a, 0x01, 0x92, 0x10, 0x53, 0x52, 0xf0,
    0x39, 0x0f, 0xfe, 0x06, 0xfa, 0xbd, 0xb9, 0x93, 0xd7, 0xbc, 0xd6, 0x36, 0xc7, 0x6b, 0x81, 0x0c,
    0x70, 0x5e, 0x21, 0xcf, 0x60, 0x6b, 0x29, 0x70, 0xf4, 0xf5, 0x72, 0xe3, 0x60, 0xa7, 0x1c, 0x3c,
    0xd9, 0x40, 0x62, 0xb1, 0x8f, 0x5a, 0x6d, 0x2d, 0xa4, 0x0a, 0x59, 0x1c, 0xc6, 0x5c, 0x33, 0x72,
    0x05, 0xfb, 0x64, 0xb6, 0xb1, 0x08, 0x63, 0x3b, 0x12, 0xc0, 0xd1, 0xf8, 0xec, 0x5c, 0x53, 0xaa,
    0xf2, 0xf6, 0x71, 0xf7, 0x93, 0xe4, 0xc2, 0xb5, 0x5b, 0x93, 0xa7, 0x71, 0x99, 0x5c, 0x3a, 0x0b,
    0x6d, 0x17, 0x94, 0x19, 0x0b, 0xaa, 0x2d, 0xa2, 0x62, 0x19, 0x94, 0xba, 0x69, 0xee, 0x43, 0xfe,
    0x03, 0xcb, 0x5f, 0xed, 0x69, 0xfc, 0x56, 0x5b, 0xa8, 0x84, 0xae, 0x7d, 0xaa, 0x23, 0x26, 0x77,
    0xaf, 0xb1, 0x99, 0x49, 0xf7, 0x2c, 0xd2, 0x3d, 0x0b, 0x55, 0x6a, 0x46, 0x0b, 0xd9, 0x67, 0xaa,
    0xf6, 0xa3, 0x45, 0x61, 0x8e, 0xd8, 0x22, 0xed, 0xc9, 0x5c, 0x89, 0x3d, 0xcd, 0x3b, 0x32, 0x70,
    0x38, 0x3c, 0xb4, 0xc4, 0x4e, 0x1a, 0x3f, 0x8e, 0xca, 0xf5, 0x29, 0x8a, 0x50, 0x10, 0x83, 0xb6,
    0xba, 0xff, 0xbd, 0xaf, 0xb6, 0xb2, 0x97, 0xbe, 0x36, 0xb2, 0x6c, 0x16, 0x33, 0x68, 0x1e, 0xcd,
    0xb8, 0x16, 0x1b, 0xa0, 0x80, 0x56, 0xff, 0xf8, 0x1b, 0x6f, 0xae, 0xdd, 0xc9, 0x77, 0x79, 0xe1,
    0xaf, 0xcc, 0x43, 0xd4, 0xe8, 0xc0, 0xd2, 0xd7, 0x88, 0xc4, 0x78, 0x3b, 0xaf, 0x9e, 0xe5, 0x76,
    0xb8, 0x32, 0x1d, 0x3e, 0x50, 0x45, 0x83, 0x95, 0xe5, 0x91, 0x77, 0x14, 0x87, 0x36, 0x3a, 0x41,
    0x02, 0xc9, 0x89, 0xb0, 0xba, 0x08, 0x76, 0x14, 0xc0, 0xa3, 0x12, 0x21, 0x3f, 0x3f, 0x00, 0xef,
    0x2c, 0xd0, 0x20, 0xda, 0x31, 0x87, 0x10, 0x43, 0x2a, 0xa9, 0x48, 0x5a, 0x57, 0x06, 0x6f, 0xf1,
    0x0d, 0x62, 0x22, 0x2a, 0x2f, 0x46, 0xd6, 0x57, 0x8e, 0x66, 0x8c, 0x0f, 0x6b, 0xb6, 0x88, 0xdb,
    0x9c, 0x48, 0xc9, 0x94, 0xec, 0x14, 0x3f, 0xb6, 0xaa, 0x41, 0x80, 0xfc, 0x8c, 0x93, 0x9c, 0x2e,
    0x72, 0x28, 0xdb, 0x75, 0x78, 0x7b, 0xb1, 0xce, 0xa6, 0x4d, 0x61, 0xb7, 0x79, 0xca, 0xe0, 0x7e,
    0x2a, 0x3a, 0x11, 0xc7, 0xe6, 0xcb, 0xa5, 0x99, 0x09, 0x69, 0xbc, 0xf7, 0xb9, 0x55, 0x88, 0x1f,
    0xf4, 0x8e, 0x3c, 0x6a, 0xcc, 0x08, 0x35, 0x55, 0x66, 0x3c, 0x16, 0x71, 0x13, 0x0c, 0x44, 0x3d,
    0xc6, 0x13, 0x94, 0xb3, 0x6f, 0xd6, 0x41, 0x5e, 0xe2, 0xea, 0x2a, 0x62, 0x2d, 0xbe, 0xf7, 0xfd,
    0x7d, 0x4a, 0x6f, 0xda, 0x36, 0x6b, 0x0e, 0x97, 0xfb, 0x90, 0x21, 0x6f, 0x04, 0x10, 0x35, 0x2b,
    0x54, 0x2e, 0x63, 0xe2, 0x24, 0xa2, 0x11, 0xe1, 0x10, 0x48, 0x9e, 0x60, 0x86, 0x8f, 0x27, 0x92,
    0x83, 0xdb, 0x40, 0xd6, 0xb5, 0x0d, 0xa8, 0x98, 0x3e, 0x59, 0x1c, 0x37, 0xec, 0x7c, 0xb7, 0x12,
    0xa6, 0x8d, 0x86, 0x78, 0x8c, 0xd2, 0x6b, 0x21, 0x87, 0x27, 0x75, 0xe5, 0x1d, 0x06, 0x09, 0xb1,
    0x3e, 0xe7, 0xc7, 0xff, 0x50, 0x7f, 0x55, 0x52, 0x82, 0x38, 0xd7, 0x3b, 0x5f, 0xbd, 0x5c, 0x3b,
    0xc7, 0xef, 0x4d, 0x10, 0x3e, 0x63, 0x2f, 0x93, 0x85, 0x4e, 0x55, 0x2a, 0x12, 0xf9, 0x57, 0x52,
    0xbf, 0x2a, 0xb2, 0xda, 0xa7, 0x9d, 0x5d, 0x8f, 0x01, 0xcd, 0x47, 0x90, 0xd6, 0xaa, 0xf4, 0x6b,
    0xfc, 0xcd, 0xb7, 0x15, 0x30, 0x6e, 0x6c, 0x19, 0x80, 0x5c, 0xbd, 0x4f, 0x19, 0xc4, 0x60, 0xed,
    0xa9, 0x83, 0x98, 0x06, 0xd0, 0xda, 0xe8, 0xc7, 0x0a, 0xe4, 0x1a, 0xbb, 0x39, 0x23, 0x29, 0xea,
    0x7e, 0x3c, 0x0f, 0x21, 0x4f, 0x72, 0x78, 0x45, 0xef, 0xc7, 0xc6, 0x33, 0xa0, 0x44, 0xa7, 0xad,
    0x6d, 0xcb, 0xa6, 0xc2, 0x7c, 0xd1, 0xab, 0xa9, 0x09, 0x7d, 0x41, 0x5c, 0x26, 0x0f, 0xae, 0x9c,
    0x0d, 0x58, 0xcc, 0x0e, 0xe6, 0x33, 0xc0, 0x8b, 0xce, 0xae, 0xe6, 0xfd, 0xd9, 0x40, 0xd8, 0xb3,
    0x7c, 0x19, 0x6e, 0xca, 0x41, 0xb8, 0xbe, 0xc5, 0xc0, 0x92, 0x81, 0x2a, 0x8b, 0xae, 0x82, 0x20,
    0x64, 0xbc, 0xff, 0x11, 0xa0, 0xcb, 0x65, 0x19, 0xb1, 0x98, 0xb6, 0x4b, 0x42, 0xd0, 0xae, 0xce,
    0x44, 0xff, 0xee, 0x6d, 0xd4, 0x6f, 0x56, 0x09, 0x02, 0xb6, 0x40, 0xd1, 0xe7, 0x93, 0x9c, 0x68,
    0x46, 0x88, 0x98, 0x5f, 0xa2, 0xdb, 0x78, 0xa5, 0x0f, 0x63, 0xe5, 0x94, 0x15, 0xa1, 0x41, 0x24,
    0x43, 0x21, 0xeb, 0xe6, 0x3b, 0x8a, 0x3a, 0xba, 0x10, 0xbb, 0x9c, 0x67, 0x60, 0x7d, 0x45, 0x55,
    0x3b, 0xc5, 0xbf, 0x65, 0xaf, 0x00, 0x47, 0x8f, 0x73, 0x36, 0xa9, 0x93, 0xd7, 0x39, 0x69, 0xdf,
    0x12, 0x44, 0xcc, 0xe4, 0x81, 0x97, 0xf8, 0x65, 0x41, 0xb7, 0xff, 0xd6, 0x21, 0xab, 0xa3, 0xd6,
    0x84, 0x4b, 0x82, 0x4b, 0xd9, 0x70, 0xc0, 0xfd, 0xf2, 0xd2, 0xda, 0xc5, 0x57, 0x71, 0x48, 0x12,
    0x42, 0xc9, 0xb7, 0x03, 0x3c, 0xd1, 0xb6, 0x21, 0x08, 0xec, 0x8f, 0x8e, 0x1b, 0x6d, 0xfc, 0x7e,
    0x03, 0x2c, 0x7d, 0x8c, 0x35, 0xee, 0x44, 0xbb, 0xc2, 0xc2, 0x53, 0x0d, 0xa1, 0xfb, 0x31, 0x0d,
    0x6a, 0xb4, 0x74, 0xb9, 0x4d, 0x88, 0xa4, 0x64, 0xf1, 0x38, 0x95, 0x1b, 0x43, 0xed, 0xa3, 0x65,
    0x5a, 0xad, 0x5c, 0x34, 0x16, 0xbf, 0xa7, 0x1f, 0x92, 0x11, 0x0e, 0x22, 0xa3, 0x61, 0x04, 0x7f,
    0xda, 0x63, 0x65, 0xca, 0x30, 0x88, 0x3d, 0xf5, 0x31, 0x17, 0xd7, 0x5c, 0x29, 0x13, 0x61, 0x2b,
    0xa3, 0xd4, 0x78, 0x84, 0x14, 0x32, 0xe4, 0xed, 0x25, 0x01, 0xed, 0xa8, 0x46, 0xa6, 0x57, 0xf3,
    0x98, 0xb6, 0x68, 0xbe, 0x66, 0xaf, 0x63, 0x68, 0x6c, 0xb2, 0x06, 0x93, 0x29, 0x70, 0x24, 0x95,
    0xa7, 0xe5, 0x73, 0x99, 0xde, 0xb6, 0xcc, 0x4d, 0xf9, 0xa3, 0xf8, 0x57, 0x02, 0x0d, 0xb6, 0x12,
    0xfa, 0xb1, 0x6e, 0x53, 0x9b, 0xdf, 0x19, 0x6d, 0x5d, 0x77, 0x68, 0x9e, 0x7b, 0x51, 0x42, 0x4e,
    0xe9, 0x2c, 0x25, 0x7e, 0x20, 0xde, 0x1a, 0xb0, 0x49, 0x9f, 0xcc, 0x30, 0x41, 0xb3, 0x9a, 0x15,
    0x30, 0x7f, 0x0a, 0x4e, 0x90, 0xde, 0x61, 0x0c, 0x24, 0x06, 0xcd, 0x9e, 0xea, 0xe8, 0xce, 0xa5,
    0x58, 0xb7, 0xd5, 0x4f, 0xae, 0x67, 0xa6, 0x75, 0x0d, 0xb1, 0x5e, 0x08, 0x80, 0x28, 0x7b, 0x99,
    0x8e, 0xbc, 0xc6, 0xc9, 0xba, 0x17, 0x34, 0x2b, 0xed, 0xc1, 0x13, 0xe7, 0x1c, 0x3d, 0x69, 0xa3,
    0x6b, 0x74, 0x33, 0x32, 0xd3, 0x51, 0x07, 0x2f, 0xe9, 0x27, 0x51, 0x70, 0x85, 0xf8, 0xbd, 0x55,
    0xc1, 0x52, 0xc2, 0xa4, 0x17, 0x19, 0xe8, 0x32, 0xba, 0x7d, 0x22, 0x07, 0x7a, 0x53, 0xaa, 0xae,
    0xc5, 0x26, 0x27, 0x44, 0x05, 0x76, 0xb4, 0xc6, 0x25, 0x5d, 0x88, 0xeb, 0x50, 0x4c, 0x6f, 0x3b,
    0x13, 0xcc, 0xd3, 0x0a, 0xa8, 0x80, 0x31, 0x74, 0x88, 0x27, 0x7c, 0x8b, 0xb1, 0x9c, 0x68, 0x20,
    0x7d, 0x65, 0x20, 0xc8, 0xc0, 0x31, 0xba, 0x9e, 0xfa, 0x96, 0xb1, 0xbb, 0xb6, 0x6e, 0xe6, 0xd4,
    0x95, 0xe0, 0xf1, 0x88, 0x77, 0x17, 0x34, 0x62, 0x9a, 0x27, 0xbe, 0x75, 0x49, 0x6e, 0xc3, 0xca,
    0x3a, 0x63, 0xc5, 0xf5, 0x8d, 0x6a, 0x6e, 0x24, 0x3a, 0xbf, 0xce, 0x50, 0x30, 0x1f, 0xd8, 0x1b,
    0xe9, 0xb6, 0x8d, 0xd7, 0xe5, 0xdb, 0x20, 0xe0, 0xb2, 0xd6, 0x5c, 0x5c, 0x19, 0x7c, 0xda, 0xbb,
    0x78, 0x8e, 0x9a, 0x40, 0xef, 0xba, 0x14, 0x9a, 0x03, 0xea, 0x62, 0x25, 0x03, 0xa1, 0xed, 0xd5,
    0x8b, 0x39, 0x8c, 0xa8, 0x4d, 0x2b, 0x57, 0xc6, 0x7b, 0xcd, 0xde, 0x59, 0x3d, 0x62, 0x24, 0xdd,
    0x97, 0x0c, 0x38, 0x1d, 0x85, 0x93, 0x47, 0x03, 0x6b, 0x6f, 0x27, 0x36, 0x27, 0x4c, 0xfc, 0x87,
    0xad, 0x49, 0x30, 0xa8, 0x19, 0x1c, 0x06, 0x41, 0x89, 0x02, 0x67, 0x63, 0x77, 0x1d, 0x95, 0x87,
    0x5a, 0x23, 0x0e, 0x4d, 0x36, 0x2a, 0x7b, 0xc6, 0xc3, 0xdf, 0xbd, 0x9d, 0x52, 0x99, 0x2d, 0x85,
    0xe3, 0x30, 0x1c, 0x48, 0xfc, 0xe8, 0x4b, 0x3f, 0xbf, 0x90, 0xde, 0x01, 0xb9, 0xb0, 0xf3, 0x1d,
    0xa5, 0x8d, 0xa8, 0xbb, 0x61, 0x91, 0x33, 0xb9, 0xf9, 0xdc, 0x3c, 0x2c, 0x5c, 0xd2, 0x4d, 0xbb,
    0x11, 0xb0, 0x1e, 0x90, 0xc1, 0x5a, 0x7e, 0x4e, 0xb3, 0x1e, 0x26, 0xc8, 0xa9, 0x30, 0xb7, 0x26,
    0x72, 0xa5, 0xac, 0xee, 0x87, 0xbb, 0xfa, 0xaf, 0x48, 0x0f, 0x4d, 0x68, 0x2c, 0x3f, 0x51, 0x16,
    0xe0, 0xa1, 0xff, 0x44, 0xdd, 0x45, 0xc7, 0x56, 0xcd, 0xa5, 0x81, 0x31, 0xbb, 0x2a, 0x69, 0x3c,
    0x80, 0x3f, 0xa6, 0x40, 0x6e, 0x7b, 0xe9, 0x5c, 0x5d, 0xe5, 0x92, 0xe0, 0xd4, 0x9f, 0x1d, 0x86,
    0x1a, 0x60, 0x22, 0x52, 0xd8, 0x28, 0x7d, 0x24, 0x60, 0x67, 0x59, 0x2e, 0xbd, 0x75, 0x7c, 0x49,
    0x91, 0x06, 0x46, 0x58, 0xed, 0xf6, 0xcf, 0x3b, 0x05, 0xac, 0x95, 0x75, 0x2c, 0x4b, 0xc9, 0x51,
    0x0c, 0x73, 0x13, 0x4c, 0xe5, 0x15, 0xe8, 0x23, 0x7b, 0xfa, 0x0d, 0x05, 0xcd, 0x6e, 0xef, 0x83,
    0xb0, 0xae, 0x7d, 0x58, 0x50, 0xb2, 0xd0, 0xc2, 0xe0, 0xc0, 0xc8, 0xca, 0x02, 0xba, 0xc4, 0x1e,
    0xf3, 0x14, 0x9e, 0x47, 0x3a, 0x04, 0xf3, 0xf2, 0x29, 0xa6, 0xc6, 0xec, 0x52, 0x71, 0x6a, 0x5c,
    0x76, 0x39, 0xad, 0xab, 0xa3, 0x22, 0xc9, 0xd5, 0x86, 0xd6, 0x66, 0xb8, 0x73, 0xf3, 0xa2, 0xce,
    0xbe, 0x60, 0x72, 0x2f, 0xdd, 0x62, 0xfe, 0xa2, 0xc0, 0x67, 0x3b, 0xf0, 0xd6, 0x33, 0x10, 0xc4,
    0x5c, 0xba, 0x72, 0x06, 0xdb, 0x84, 0x42, 0x4a, 0x74, 0x75, 0x62, 0x4a, 0xf0, 0x62, 0xd8, 0xda,
    0xee, 0x15, 0x36, 0xc8, 0xd9, 0xcd, 0xde, 0xf4, 0x58, 0x98, 0x9e, 0x0a, 0x61, 0xcf, 0x3a, 0xe8,
    0x72, 0xa8, 0xfb, 0xe8, 0xad, 0x4a, 0xb0, 0xf6, 0xf8, 0x37, 0xfb, 0x9a, 0x7b, 0x52, 0x8a, 0x5d,
    0x6b, 0x6b, 0x39, 0x9e, 0xe4, 0xb5, 0xa6, 0xf7, 0xdd, 0xd0, 0xb0, 0x32, 0xeb, 0x6c, 0x31, 0xd7,
    0x7d, 0x66, 0xf4, 0x23, 0x06, 0xeb, 0x3b, 0x9d, 0x3d, 0x39, 0x94, 0x46, 0x3c, 0x91, 0xf0, 0x86,
    0x5d, 0xb5, 0xd1, 0xd2, 0x35, 0x76, 0xc6, 0x38, 0x2f, 0xfc, 0xbf, 0xff, 0xd0, 0x84, 0x77, 0xc7,
    0x51, 0xdf, 0xca, 0xe4, 0xca, 0xdd, 0xae, 0x9c, 0xcc, 0x39, 0xd7, 0xd8, 0x8f, 0xf8, 0xb0, 0x21,
    0x3b, 0x6f, 0x81, 0x5b, 0xfc, 0x19, 0x1d, 0xb7, 0x3d, 0x98, 0x03, 0xd2, 0x00, 0x95, 0xe6, 0x51,
    0x21, 0x43, 0xfd, 0x6b, 0xe4, 0xf9, 0x90, 0x43, 0x72, 0x7a, 0xa2, 0x8d, 0xf7, 0xfc, 0x06, 0x8a,
    0x2e, 0xdb, 0x00, 0x36, 0x16, 0xe7, 0x62, 0x56, 0x76, 0xf3, 0xe9, 0x7f, 0x71, 0xe1, 0xd7, 0xcc,
    0xc7, 0xdb, 0x05, 0x25, 0x1d, 0x1e, 0xe9, 0x81, 0xad, 0x9e, 0x42, 0xd7, 0xa5, 0xdd, 0x65, 0x10,
    0x8d, 0xc2, 0x12, 0xf1, 0x51, 0x93, 0x04, 0xd6, 0x5b, 0x7b, 0x28, 0x9e, 0x7e, 0x1a, 0x50, 0xfb,
    0x61, 0x8b, 0x67, 0x3d, 0x35, 0x5b, 0x01, 0xdd, 0xfe, 0xbb, 0xf2, 0x91, 0xaf, 0xc7, 0xe1, 0x41,
    0xfb, 0x2b, 0x90, 0x6d, 0x2a, 0xa7, 0xd4, 0x18, 0x56, 0xc3, 0x1a, 0x73, 0x32, 0x4d, 0xf0, 0xdf,
    0x04, 0x2e, 0xca, 0xca, 0x23, 0x20, 0xc4, 0xcd, 0xa7, 0x7c, 0xeb, 0x37, 0xab, 0x73, 0x37, 0x5d,
    0x1d, 0x94, 0xa3, 0x94, 0x2e, 0xc8, 0xe3, 0x51, 0x26, 0xb1, 0x8f, 0x95, 0x03, 0x33, 0x3b, 0xdf,
    0x83, 0x8d, 0x7a, 0x76, 0xb3, 0xfc, 0x61, 0xa1, 0xac, 0x88, 0x96, 0xae, 0x76, 0x3f, 0xc1, 0xc8,
    0x87, 0xa0, 0xe7, 0xfd, 0x73, 0x0e, 0xe7, 0xbb, 0x0b, 0xd7, 0x37, 0xfe, 0x2c, 0x35, 0x2c, 0xb9,
    0xd4, 0x3a, 0x9e, 0x70, 0x14, 0xa8, 0x4e, 0x0f, 0x42, 0xf0, 0x8f, 0xd5, 0x3c, 0x28, 0xa9, 0xb3,
    0x3e, 0x94, 0xa4, 0x7a, 0xa9, 0x04, 0x32, 0x8a, 0xc3, 0x73, 0x45, 0x70, 0xfe, 0x40, 0xe5, 0x77,
    0x83, 0x6d, 0x31, 0xda, 0xd5, 0xe9, 0x9c, 0x02, 0xa3, 0x6d, 0x69, 0xa5, 0x51, 0x30, 0x38, 0xc5,
    0x9e, 0x5c, 0x41, 0xbd, 0x07, 0xbd, 0x23, 0x58, 0xfa, 0x2f, 0xab, 0x73, 0xe3, 0x0e, 0x49, 0xee,
    0x8a, 0xf0, 0x03, 0x15, 0xe5, 0xd8, 0xf2, 0x94, 0x46, 0x6b, 0xf6, 0x7f, 0x27, 0xb8, 0x9a, 0x11,
    0x40, 0xca, 0x6b, 0x36, 0x35, 0x0f, 0xe5, 0xd9, 0xbf, 0x66, 0xed, 0x47, 0x89, 0x12, 0x4c, 0x82,
    0x57, 0x04, 0x72, 0x44, 0x7f, 0x8e, 0x0e, 0xf1, 0xb2, 0x6f, 0x28, 0x29, 0xce, 0xa7, 0x9c, 0xf7,
    0x60, 0x6f, 0xdd, 0x08, 0xfe, 0xcf, 0x6f, 0x72, 0x00, 0x6b, 0x48, 0x0e, 0xe4, 0xe6, 0xfd, 0x8a,
    0x08, 0x51, 0x65, 0x75, 0x25, 0x86, 0xa6, 0x38, 0xd2, 0x3f, 0x0b, 0xb8, 0x43, 0x53, 0x17, 0x32,
    0x04, 0x82, 0x6c, 0xfc, 0xb1, 0x01, 0xf3, 0x77, 0xaa, 0xfa, 0x5c, 0x97, 0x16, 0xf6, 0xf7, 0x09,
    0x4e, 0xb7, 0xdf, 0xec, 0x16, 0x8b, 0xff, 0xeb, 0xe9, 0x52, 0xc7, 0xda, 0x91, 0x50, 0xd0, 0xf6,
    0x30, 0x8a, 0x73, 0xeb, 0x0a, 0xdb, 0xd4, 0xec, 0xbe, 0xd1, 0xa2, 0x27, 0x1c, 0xe6, 0x32, 0xa1,
    0xff, 0x0d, 0xa7, 0xd9, 0x0a, 0xcb, 0x5b, 0xa2, 0x8b, 0x98, 0x2c, 0x6d, 0x3e, 0xd1, 0x56, 0x48,
    0xcb, 0xc6, 0x25, 0x5c, 0xee, 0x79, 0x06, 0x93, 0x4a, 0x1a, 0x2a, 0xa3, 0xac, 0x67, 0xb4, 0xe6,
    0x95, 0xd0, 0xa6, 0x97, 0x2e, 0xa9, 0x0c, 0xb4, 0x50, 0x52, 0xa1, 0x5a, 0xb2, 0x9a, 0x1f, 0xcb,
    0xcb, 0x4c, 0x84, 0x88, 0xee, 0x2c, 0x73, 0xab, 0xff, 0x67, 0xa5, 0x7f, 0x3c, 0x4c, 0x46, 0xb2,
    0x2c, 0x6b, 0x05, 0xe9, 0x8e, 0x53, 0xb4, 0xd9, 0xc5, 0xa6, 0x36, 0x39, 0xf1, 0x05, 0x88, 0xda,
    0x7a, 0x1b, 0x3a, 0x75, 0x7f, 0x0c, 0x06, 0x6d, 0xbf, 0xaa, 0x14, 0xac, 0x44, 0x74, 0x49, 0xae,
    0x40, 0x64, 0x7f, 0x05, 0x68, 0x16, 0xe5, 0xbd, 0x01, 0xbf, 0xdb, 0x62, 0x7e, 0x14, 0x7b, 0x4a,
    0x66, 0xf3, 0xd3, 0x8b, 0xaa, 0xce, 0x30, 0x05, 0xfa, 0x88, 0x84, 0x2d, 0x62, 0x10, 0x41, 0xaa,
    0x65, 0xbf, 0x37, 0x4d, 0xc7, 0xb1, 0x3e, 0xa6, 0x6a, 0xc9, 0xb0, 0x90, 0x81, 0x87, 0x0f, 0xc5,
    0xcc, 0x08, 0x44, 0x7a, 0xa4, 0xa0, 0xc8, 0x4d, 0xdd, 0x45, 0x1a, 0xbf, 0x1b, 0x4d, 0xa7, 0x50,
    0xd5, 0x2b, 0x90, 0x19, 0xdf, 0xe7, 0x06, 0x6f, 0x63, 0x5c, 0x9b, 0x7e, 0xaa, 0xc7, 0x88, 0xa5,
    0xf3, 0xeb, 0x51, 0x1d, 0xa4, 0xe3, 0x71, 0xcf, 0xf4, 0xd3, 0xdc, 0x34, 0x98, 0x60, 0x6a, 0x54,
    0x05, 0xdf, 0x55, 0x15, 0x37, 0x54, 0xa8, 0x39, 0x2a, 0x58, 0x1b, 0xe3, 0x16, 0xd4, 0xff, 0x1a,
    0x39, 0x9e, 0x1f, 0x78, 0x06, 0x14, 0xe9, 0x47, 0xbf, 0xc0, 0x6d, 0x70, 0x49, 0xff, 0xc8, 0x87,
    0xb4, 0x59, 0x6c, 0x05, 0xfd, 0x58, 0x20, 0x5a, 0x3e, 0xbf, 0xa6, 0x84, 0x98, 0x2c, 0x0d, 0x23,
    0xa7, 0x8b, 0xdd, 0x1f, 0x3c, 0xc5, 0xed, 0xa7, 0xb8, 0xba, 0x22, 0x5e, 0x7a, 0x86, 0x38, 0x49,
    0xbc, 0xd2, 0x9a, 0x64, 0x94, 0x6d, 0x3b, 0xc7, 0x96, 0x58, 0xe7, 0x7a, 0xdb, 0xe2, 0x3d, 0x5f,
    0x00, 0xd4, 0x03, 0x77, 0x5b, 0xe7, 0xff, 0x41, 0x5a, 0x8d, 0x9c, 0xc0, 0x9f, 0x63, 0xc8, 0x0d,
    0x71, 0x95, 0x26, 0xe7, 0x74, 0xa6, 0x25, 0xb2, 0xd2, 0x15, 0x78, 0x5f, 0x82, 0xda, 0xec, 0x05,
    0x83, 0x6a, 0x4b, 0x28, 0x0a, 0x4b, 0x06, 0x3d, 0xe7, 0x39, 0xc7, 0x53, 0x8e, 0x66, 0x55, 0xc7,
    0xc8, 0xb4, 0x25, 0xa3, 0x98, 0x9e, 0x1a, 0x56, 0xd7, 0xfa, 0x6c, 0x45, 0x2e, 0x83, 0xd6, 0xac,
    0xd7, 0x35, 0xc5, 0x61, 0x2f, 0xbc, 0xe9, 0xad, 0x2a, 0xb9, 0xf5, 0x90, 0xce, 0x2e, 0xa5, 0xc9,
    0x62, 0xf7, 0xd0, 0xec, 0x20, 0xac, 0x30, 0xe1, 0xdf, 0x89, 0x15, 0xeb, 0x5d, 0x82, 0xaf, 0x8b,
    0x22, 0x01, 0xa1, 0x59, 0xc2, 0x56, 0x98, 0xe2, 0x1d, 0x85, 0x7a, 0x0c, 0xa8, 0x69, 0x0e, 0x3f,
    0x1a, 0x57, 0x4b, 0x46, 0x20, 0xca, 0xd5, 0x0e, 0xac, 0xc3, 0x63, 0x02, 0xda, 0x21, 0x64, 0x55,
    0x46, 0x3a, 0xfa, 0x81, 0x7d, 0x33, 0x7c, 0x35, 0xb0, 0xf1, 0xd9, 0xa2, 0x48, 0xe5, 0x37, 0x85,
    0xbc, 0xda, 0xb8, 0x35, 0x6a, 0x1d, 0xba, 0x0a, 0xfa, 0x57, 0x30, 0x2d, 0xd8, 0x72, 0xa5, 0xcd,
};
static const uint8_t opr_ring_msg[32] = {
    0x98, 0xc7, 0xfd, 0x7b, 0x72, 0xd1, 0xe3, 0x28, 0xf3, 0xb8, 0x49, 0x44, 0xea, 0x7f, 0x5c, 0x06,
    0x18, 0xdf, 0x76, 0x14, 0xd8, 0x58, 0x10, 0xfd, 0x41, 0xb3, 0xab, 0xba, 0x50, 0x8b, 0x22, 0xfd,
};
static const uint8_t opr_ring_e[32] = {
    0x00, 0x00, 0x00, 0x00, 0x00, 0x00, 0x0c, 0x08, 0x01, 0x00, 0x02, 0x00, 0x00, 0x00, 0x00, 0x80,
    0x80, 0x10, 0x40, 0x40, 0x00, 0xc0, 0x08, 0x00, 0x00, 0x00, 0x00, 0x00, 0x80, 0x00, 0x08, 0x02,
};
static const uint8_t opr_ring_seeds[3][32] = {
    {
        0xb3, 0x3e, 0xe9, 0x1e, 0x13, 0xa3, 0x16, 0x7e, 0x06, 0x69, 0x7c, 0x40, 0x4b, 0x20, 0x6d, 0xc8,
        0x89, 0xa2, 0x9c, 0x2f, 0xbd, 0x27, 0xbe, 0xc4, 0x7b, 0x40, 0xfe, 0xde, 0x2a, 0x4f, 0xc3, 0xba,
    },
    {
        0x9a, 0xb0, 0x91, 0xdc, 0x9f, 0xf1, 0x0b, 0x8e, 0xe4, 0x59, 0x22, 0x72, 0x3a, 0x86, 0xec, 0xb4,
        0x13, 0x39, 0x71, 0xe5, 0x80, 0x36, 0x0c, 0x71, 0x93, 0x3e, 0x98, 0xdb, 0xbe, 0x3f, 0xe7, 0x9a,
    },
    {
        0x91, 0x36, 0xf7, 0x19, 0xb3, 0x12, 0xe6, 0x74, 0x74, 0xf5, 0x06, 0x65, 0x60, 0x75, 0x66, 0x5d,
        0x58, 0x39, 0x71, 0x33, 0xe1, 0x97, 0xa4, 0x88, 0xef, 0x97, 0x16, 0x74, 0x26, 0x0a, 0xd2, 0x2d,
    },
};
static const uint8_t opr_ring_syndromes[3][16] = {
    {
        0xa5, 0x56, 0x61, 0x64, 0xc6, 0x0c, 0x7a, 0xc8, 0x4e, 0x40, 0x57, 0x16, 0xbb, 0xf3, 0xa2, 0x46,
    },
    {
        0xae, 0x62, 0xe5, 0x8e, 0x38, 0x8c, 0x2e, 0x99, 0x46, 0x24, 0xe4, 0xbe, 0x89, 0x02, 0x6e, 0xc5,
    },
    {
        0x04, 0x32, 0x23, 0xd9, 0x61, 0x8a, 0xda, 0x5a, 0x85, 0x4b, 0x83, 0xd0, 0x00, 0x58, 0xb5, 0x77,
    },
};
static const uint8_t opr_ring_c0[12][32] = {
    {
        0x91, 0x99, 0x36, 0x51, 0x56, 0xdd, 0x6a, 0x39, 0x27, 0xf8, 0x76, 0xb3, 0x5d, 0x0d, 0xce, 0x8f,
        0x1d, 0x00, 0xc1, 0xe0, 0x10, 0x6b, 0x20, 0x03, 0xc0, 0xed, 0x94, 0x5d, 0xde, 0x6b, 0xb8, 0x88,
    },
    {
        0xea, 0xb4, 0xa1, 0x03, 0x93, 0x80, 0xe2, 0x3c, 0x7f, 0xe7, 0x52, 0xc9, 0xb7, 0xfe, 0x2b, 0xad,
        0x9e, 0x27, 0x12, 0xf2, 0x6a, 0x98, 0x85, 0x95, 0x73, 0x4f, 0xb1, 0x85, 0x5c, 0x82, 0xc2, 0x5d,
    },
    {
        0x33, 0x8c, 0x3d, 0x6a, 0x1b, 0x81, 0xde, 0xe9, 0x7d, 0xaf, 0xe6, 0x3e, 0xd0, 0xb5, 0xb0, 0x0d,
        0xfb, 0x7c, 0x1c, 0x4f, 0xf0, 0x1c, 0x59, 0x4f, 0x5e, 0x50, 0xac, 0x6a, 0x36, 0xe0, 0x82, 0x80,
    },
    {
        0xfd, 0x8a, 0x85, 0xfd, 0xdc, 0x68, 0x42, 0x11, 0xd4, 0xe0, 0xc2, 0xa4, 0xec, 0x03, 0xb9, 0x0c,
        0x5e, 0x10, 0x78, 0x65, 0xd8, 0xd6, 0xea, 0x92, 0x84, 0xa3, 0x00, 0x65, 0x52, 0xb5, 0xb4, 0x63,
    },
    {
        0x1d, 0x0b, 0xc5, 0x63, 0x48, 0x13, 0x73, 0xb1, 0x47, 0xde, 0x40, 0x7f, 0x93, 0x94, 0x93, 0xe1,
        0x61, 0x65, 0x73, 0x17, 0x56, 0x9b, 0x48, 0x81, 0x9e, 0x3d, 0x82, 0xa6, 0xe2, 0x57, 0x3c, 0xe6,
    },
    {
        0x6f, 0xd1, 0x9d, 0xaa, 0xfb, 0x9b, 0xb1, 0x03, 0x74, 0x9f, 0x4f, 0x92, 0x78, 0x38, 0x17, 0xb0,
        0xc0, 0x80, 0x87, 0x47, 0x23, 0x82, 0x5d, 0x26, 0x5d, 0xc2, 0xa3, 0x5e, 0x2f, 0xc4, 0x75, 0x9c,
    },
    {
        0xdb, 0x57, 0xf1, 0x94, 0xce, 0x1f, 0xf9, 0xb0, 0xfb, 0x0d, 0x41, 0x9d, 0x8c, 0xf6, 0x05, 0xed,
        0x57, 0x5b, 0xb8, 0x42, 0xae, 0xa2, 0x48, 0xd7, 0x84, 0xf9, 0x6f, 0x50, 0x35, 0x3d, 0x72, 0xdc,
    },
    {
        0xc6, 0x6f, 0x2e, 0x05, 0x2b, 0xd0, 0x99, 0x65, 0x42, 0x18, 0x85, 0xf9, 0xfe, 0x4d, 0x31, 0x2e,
        0xf8, 0xeb, 0x2d, 0xff, 0xbb, 0xa4, 0x4d, 0x83, 0x5c, 0x5c, 0xd2, 0x3e, 0x2a, 0x37, 0x41, 0x50,
    },
    {
        0x11, 0x4d, 0xb2, 0x78, 0x87, 0xd9, 0x17, 0x06, 0x39, 0xdc, 0xfa, 0x15, 0xde, 0xd9, 0x88, 0x61,
        0x98, 0x84, 0x83, 0xe4, 0xda, 0x67, 0x88, 0x7c, 0xf4, 0x1c, 0xd7, 0x9e, 0xb1, 0xc9, 0x72, 0x48,
    },
    {
        0x81, 0x51, 0x64, 0xf4, 0x34, 0x3c, 0x7e, 0x56, 0x37, 0xee, 0xd6, 0x64, 0x3c, 0xb6, 0x8a, 0x8a,
        0x60, 0xec, 0x33, 0xd7, 0x4d, 0x4b, 0xef, 0x21, 0x3e, 0x68, 0x5c, 0xed, 0x05, 0x49, 0x26, 0xe5,
    },
    {
        0x96, 0x08, 0xba, 0xb2, 0xcf, 0x85, 0x4b, 0x86, 0xb6, 0x00, 0xed, 0x75, 0xa1, 0x66, 0x33, 0x71,
        0xe4, 0x9b, 0xe7, 0xf6, 0xca, 0xa6, 0x59, 0xaa, 0xd2, 0x81, 0xf5, 0x4c, 0x2c, 0x9e, 0xa6, 0x03,
    },
    {
        0x38, 0xb8, 0x88, 0xb3, 0x0f, 0xc1, 0xcb, 0x04, 0x46, 0x01, 0x4e, 0x53, 0xd1, 0xad, 0xa9, 0x23,
        0xf2, 0xf4, 0xe6, 0x25, 0x5c, 0x9a, 0x2d, 0x70, 0x7c, 0xa7, 0x7d, 0xbb, 0xeb, 0xaf, 0xfa, 0x62,
    },
};
static const uint8_t opr_ring_c1[12][32] = {
    {
        0x84, 0x78, 0x19, 0x05, 0x7a, 0x05, 0x06, 0x4d, 0x3e, 0x09, 0x3a, 0x16, 0xc9, 0xd1, 0x4f, 0xdb,
        0xf4, 0x85, 0xe8, 0xe3, 0x2e, 0xd3, 0x25, 0x4b, 0xc9, 0xea, 0x33, 0xc7, 0x74, 0x82, 0x6f, 0xf6,
    },
    {
        0xa7, 0xaa, 0x4a, 0xda, 0xc8, 0xe7, 0x90, 0x04, 0xe8, 0x66, 0x3b, 0xfd, 0xb5, 0xa4, 0x50, 0x0f,
        0x55, 0x75, 0xf0, 0xdc, 0x9e, 0x82, 0x67, 0xce, 0xdb, 0x53, 0xfb, 0x9c, 0x51, 0xd2, 0xf8, 0x39,
    },
    {
        0x7b, 0xdf, 0x8b, 0x1a, 0x65, 0xa0, 0x67, 0xa7, 0x2a, 0xf4, 0xf4, 0xa7, 0x36, 0xfd, 0xf7, 0x70,
        0xb2, 0x99, 0xf2, 0x21, 0x51, 0x7a, 0x1a, 0xb3, 0x23, 0xb6, 0xb9, 0xb9, 0x4b, 0x7f, 0xde, 0xe4,
    },
    {
        0xea, 0x2d, 0x59, 0xeb, 0x7b, 0x1a, 0x92, 0xf8, 0xcf, 0xec, 0x28, 0x6b, 0x27, 0xd9, 0x4f, 0xbc,
        0xde, 0x44, 0x26, 0x26, 0x97, 0x0e, 0xfc, 0x26, 0xe9, 0xcc, 0x05, 0xa7, 0xf4, 0xba, 0xd6, 0xe3,
    },
    {
        0x6a, 0xdb, 0x69, 0x16, 0x1d, 0x94, 0xf4, 0xa0, 0xbc, 0x8e, 0x4b, 0x8a, 0x4b, 0xef, 0x66, 0xef,
        0x24, 0x7f, 0x0a, 0x2a, 0x60, 0xfe, 0xc1, 0x2a, 0x41, 0x8b, 0xf1, 0x25, 0x04, 0xbd, 0xae, 0x3e,
    },
    {
        0x9a, 0xca, 0xd9, 0x5b, 0x94, 0xff, 0x28, 0xa3, 0xc8, 0xd7, 0xe6, 0x59, 0x89, 0x0d, 0xeb, 0xaa,
        0x44, 0xf6, 0x6d, 0x0e, 0x26, 0x2b, 0xe7, 0x59, 0x70, 0xc3, 0xa4, 0x3c, 0x88, 0xfd, 0x46, 0xcd,
    },
    {
        0x4b, 0x82, 0x7e, 0x5c, 0x76, 0xd0, 0xa2, 0x9d, 0x2d, 0xfc, 0xe6, 0x5a, 0x6c, 0xa8, 0x24, 0x6e,
        0x80, 0xc1, 0xc8, 0x4b, 0xc6, 0xac, 0x8f, 0x6e, 0x67, 0x8e, 0x68, 0x98, 0x60, 0x6f, 0x6a, 0x17,
    },
    {
        0x9a, 0xf2, 0xbf, 0xc4, 0xf1, 0xcf, 0xa5, 0x92, 0xc9, 0x90, 0xc1, 0x9a, 0x8b, 0x78, 0x67, 0x2b,
        0x79, 0xa7, 0xe9, 0x4e, 0x65, 0xa8, 0x36, 0xf5, 0xbb, 0x47, 0xd3, 0x8b, 0x92, 0xee, 0x20, 0xf9,
    },
    {
        0x4e, 0xdb, 0xf1, 0xd5, 0x2b, 0x3d, 0xb0, 0xc7, 0xdc, 0x24, 0x82, 0xcb, 0x44, 0xfa, 0xd5, 0xea,
        0x4c, 0xd1, 0x38, 0xa5, 0xba, 0x57, 0x8f, 0x36, 0xb5, 0x9f, 0x77, 0x1f, 0xa7, 0x92, 0x99, 0x15,
    },
    {
        0x16, 0x98, 0x38, 0x28, 0xab, 0xd1, 0x75, 0x7c, 0xd2, 0x53, 0xde, 0x9b, 0xb0, 0x8d, 0xbc, 0xb7,
        0xea, 0x71, 0xc8, 0xae, 0x51, 0xdd, 0xf5, 0xcb, 0x31, 0xfc, 0x9f, 0x01, 0x41, 0x89, 0xb7, 0xa4,
    },
    {
        0xfe, 0x0d, 0x00, 0xc4, 0x12, 0x28, 0x28, 0x89, 0x59, 0x21, 0xf6, 0x7f, 0x74, 0x22, 0x41, 0x71,
        0x75, 0x63, 0x28, 0x28, 0x82, 0x8a, 0x48, 0x22, 0x3c, 0x30, 0xb3, 0xfb, 0x2b, 0x42, 0x93, 0x13,
    },
    {
        0x25, 0xca, 0x40, 0xaa, 0xfc, 0x28, 0x53, 0x98, 0xd4, 0x1d, 0x0f, 0xcc, 0x4c, 0xdb, 0xc8, 0x46,
        0xd4, 0xae, 0xa1, 0x5d, 0xd1, 0x78, 0xf5, 0x24, 0xb9, 0x86, 0x8e, 0x1a, 0x1b, 0x1e, 0x2c, 0xa9,
    },
};
static const uint8_t opr_ring_c2[12][32] = {
    {
        0xc9, 0x39, 0x93, 0x74, 0x5d, 0x99, 0xf4, 0xa8, 0xda, 0x93, 0x25, 0xc2, 0x68, 0x41, 0x41, 0x40,
        0x3f, 0xd0, 0xe4, 0x60, 0xf8, 0xb1, 0xc5, 0x0f, 0x3c, 0xdc, 0xae, 0xbf, 0x9b, 0x84, 0x9d, 0x4f,
    },
    {
        0x68, 0xf8, 0xcc, 0x40, 0xa8, 0xfe, 0x0a, 0x73, 0xaf, 0x02, 0x67, 0xa7, 0x9d, 0xee, 0x79, 0xc1,
        0x04, 0x43, 0x50, 0xeb, 0xc6, 0x07, 0x69, 0x8b, 0x9f, 0x6c, 0x0a, 0xfc, 0x02, 0xf7, 0xfa, 0x1d,
    },
    {
        0x6a, 0x7b, 0xc8, 0x80, 0xa5, 0x19, 0x63, 0xbf, 0xe0, 0x3a, 0x4c, 0x7c, 0x35, 0x1b, 0x8e, 0xd1,
        0xba, 0x46, 0x98, 0x8e, 0xa5, 0x2f, 0x6d, 0xbc, 0xab, 0x58, 0x6c, 0x5f, 0x51, 0xa5, 0x4a, 0x29,
    },
    {
        0x3e, 0xb2, 0x5a, 0x88, 0x1d, 0x9f, 0x4e, 0xba, 0x7c, 0x8d, 0x9c, 0x99, 0xaa, 0x80, 0xed, 0xf3,
        0xd1, 0xb9, 0xd8, 0x95, 0xf1, 0x22, 0xec, 0x26, 0x83, 0xd5, 0x0d, 0x96, 0xdb, 0xaf, 0x12, 0xfa,
    },
    {
        0x42, 0xed, 0xec, 0xe9, 0xdf, 0xa5, 0x4f, 0x1a, 0x3e, 0xed, 0x0b, 0xce, 0x58, 0x07, 0x65, 0x0e,
        0xed, 0x39, 0x11, 0xb1, 0xf9, 0xdd, 0x12, 0x13, 0xe2, 0xdb, 0xc3, 0x7a, 0xe0, 0x9e, 0x34, 0x09,
    },
    {
        0xa5, 0x4c, 0x83, 0xc3, 0x9b, 0x94, 0xe0, 0xe6, 0x53, 0x76, 0x21, 0x29, 0xe3, 0x12, 0x0f, 0xee,
        0xc8, 0xb5, 0xb0, 0xd3, 0x3c, 0x16, 0x2d, 0xd1, 0xed, 0x05, 0x64, 0x26, 0x7a, 0x3a, 0x3b, 0x36,
    },
    {
        0xc2, 0xf9, 0x2e, 0x97, 0xee, 0x7f, 0xc3, 0xa4, 0xc6, 0xde, 0x9a, 0x0a, 0xb4, 0x52, 0xef, 0x00,
        0x17, 0x24, 0x4d, 0xa4, 0x3d, 0xac, 0xb3, 0x72, 0xa3, 0xe5, 0x6b, 0x5a, 0x06, 0x38, 0x4f, 0x32,
    },
    {
        0xbb, 0x54, 0x0e, 0x64, 0x6e, 0x84, 0xea, 0xa1, 0xcb, 0xf4, 0x5f, 0x49, 0x1a, 0xa4, 0x7f, 0xe4,
        0xb0, 0x9b, 0x23, 0xb1, 0x79, 0x68, 0x9e, 0xe4, 0x74, 0xce, 0x2b, 0xbe, 0xb6, 0x30, 0x7b, 0x0e,
    },
    {
        0xee, 0x26, 0x2d, 0x70, 0x0c, 0xe7, 0xfb, 0xef, 0x4b, 0x0b, 0x99, 0x4c, 0xda, 0x7f, 0xf8, 0xb3,
        0xc5, 0xaa, 0x05, 0x28, 0x70, 0x09, 0xab, 0xba, 0xb0, 0x41, 0xfc, 0xc3, 0xda, 0x97, 0x4b, 0x1d,
    },
    {
        0x1f, 0xf2, 0x06, 0x3e, 0xfa, 0xec, 0xc6, 0x13, 0x9a, 0xb7, 0x36, 0xa1, 0x0f, 0x5c, 0xfe, 0x7b,
        0xe9, 0xba, 0x62, 0x78, 0x22, 0x04, 0x09, 0xde, 0x6f, 0xf8, 0xf9, 0x20, 0x5d, 0xd1, 0xc7, 0xf2,
    },
    {
        0x16, 0x5a, 0xda, 0xe3, 0x1a, 0x41, 0x52, 0xd9, 0x23, 0x82, 0x51, 0x70, 0xe9, 0x64, 0x88, 0x1f,
        0x57, 0x47, 0x06, 0x27, 0xde, 0x37, 0xf4, 0xec, 0x72, 0xc7, 0xdd, 0x51, 0x64, 0xc5, 0x99, 0xe8,
    },
    {
        0xb7, 0x28, 0x72, 0xf1, 0xbd, 0x17, 0xc3, 0x01, 0x5d, 0x7a, 0x0b, 0x07, 0x2b, 0x2f, 0xc8, 0x5a,
        0x43, 0x06, 0x23, 0xee, 0x44, 0xa5, 0x67, 0x86, 0x9f, 0x55, 0x62, 0x20, 0xb4, 0x77, 0xeb, 0xba,
    },
};
static const int opr_ring_challenge[12] = {
    2, 1, 2, 0, 0, 0, 0, 1, 2, 1, 0, 0,
};
static const uint8_t opr_ring_resp_a[12][32] = {
    {
        0xaa, 0x10, 0x7a, 0x5d, 0x09, 0x5f, 0xe1, 0x85, 0xd7, 0x8c, 0x43, 0x02, 0x5a, 0xf0, 0x62, 0xf8,
        0x0c, 0x3c, 0xee, 0x7f, 0x79, 0x03, 0x86, 0x1f, 0x6f, 0x2c, 0x4a, 0x82, 0x68, 0x2c, 0x58, 0x2f,
    },
    {
        0x32, 0xcd, 0xdc, 0xb2, 0xdc, 0x53, 0xb5, 0xa9, 0x41, 0x69, 0x47, 0x18, 0x81, 0xfd, 0x42, 0x3f,
        0x50, 0xd4, 0xb6, 0x02, 0x37, 0xb8, 0xa5, 0xfd, 0x9e, 0x16, 0x5d, 0x44, 0x0b, 0x82, 0x29, 0xf2,
    },
    {
        0xe6, 0x99, 0x37, 0x3e, 0xfa, 0xa5, 0x5d, 0xba, 0x35, 0x15, 0x31, 0x31, 0x63, 0xc9, 0x0b, 0x41,
        0xc6, 0x24, 0xab, 0xde, 0x6c, 0x20, 0x78, 0xee, 0x2b, 0x41, 0x03, 0x02, 0xc3, 0xf9, 0xcb, 0x71,
    },
    {
        0xda, 0x6a, 0xa7, 0x74, 0x89, 0xc7, 0x3e, 0xd0, 0xb9, 0x6c, 0x9f, 0xd3, 0xa7, 0xe7, 0xa3, 0xfd,
        0x45, 0x0a, 0x82, 0x0a, 0x8a, 0x65, 0xe5, 0x38, 0xdf, 0x15, 0xa9, 0x39, 0xdc, 0xaa, 0x5c, 0xaa,
    },
    {
        0x6b, 0x8d, 0xf7, 0x9c, 0x78, 0x47, 0xe1, 0x5f, 0xdf, 0x6b, 0x67, 0x19, 0x0b, 0x4c, 0x90, 0x9b,
        0x1f, 0x80, 0x25, 0x6e, 0x82, 0x6a, 0x81, 0x7d, 0x30, 0xf1, 0x79, 0x56, 0xe6, 0xe6, 0x0f, 0x89,
    },
    {
        0x90, 0x01, 0x92, 0xc3, 0xcc, 0x53, 0x68, 0x14, 0x16, 0x23, 0xb8, 0xa6, 0xd5, 0xb3, 0xbe, 0xbf,
        0xb7, 0x71, 0x22, 0x69, 0x06, 0xae, 0xc0, 0x0d, 0x4b, 0x3f, 0xda, 0xf0, 0x64, 0x26, 0x12, 0x20,
    },
    {
        0xb2, 0xce, 0x7a, 0xc6, 0x24, 0x7b, 0x11, 0x06, 0xda, 0x7f, 0x3e, 0xf5, 0xcf, 0xf4, 0xb5, 0x08,
        0xcd, 0x4e, 0x5a, 0x57, 0x87, 0x8e, 0xbf, 0xb2, 0x7f, 0x3c, 0x62, 0x43, 0x7b, 0x6b, 0x23, 0x4d,
    },
    {
        0x4d, 0x7e, 0x8e, 0xb9, 0x72, 0x27, 0x2a, 0x60, 0xee, 0x22, 0x3e, 0x80, 0x0c, 0xfe, 0xb7, 0x16,
        0xdd, 0x66, 0xda, 0x9b, 0x37, 0xf7, 0xcf, 0xe6, 0xe9, 0x4d, 0x0f, 0x8c, 0x89, 0x2f, 0xb3, 0x2a,
    },
    {
        0xae, 0x59, 0x5f, 0x4d, 0x5d, 0x8a, 0x50, 0xcb, 0x41, 0x8b, 0x9d, 0xbb, 0x8f, 0xbd, 0x45, 0xfc,
        0xf2, 0xf0, 0x50, 0x63, 0x37, 0xfe, 0x8e, 0x23, 0x72, 0x10, 0x24, 0x6d, 0x84, 0x10, 0xe8, 0x08,
    },
    {
        0xd6, 0xe7, 0x46, 0x8b, 0xba, 0x43, 0x5a, 0xad, 0x6d, 0xdd, 0xbf, 0x97, 0x0d, 0x94, 0x4f, 0xcd,
        0xf4, 0x89, 0xc8, 0xf0, 0x30, 0xc0, 0xfa, 0xcc, 0xad, 0x19, 0x4c, 0x5f, 0x88, 0x3e, 0xcd, 0x23,
    },
    {
        0x9d, 0xd0, 0x34, 0xcb, 0x8d, 0xd6, 0x52, 0xf5, 0x2c, 0x03, 0x59, 0x19, 0x6f, 0x9a, 0x26, 0xf7,
        0xef, 0x82, 0x23, 0x08, 0x8f, 0xf8, 0x59, 0x5b, 0x89, 0xe6, 0x44, 0xbc, 0x84, 0xaf, 0x58, 0xdb,
    },
    {
        0x01, 0x8e, 0x30, 0xff, 0x5a, 0x52, 0xdb, 0xc5, 0xdb, 0x51, 0xa2, 0x25, 0x7c, 0xaf, 0xd4, 0x68,
        0xa1, 0xb2, 0x50, 0x9c, 0x1a, 0xbe, 0xfe, 0xe1, 0xdb, 0x65, 0x60, 0xde, 0x08, 0x6b, 0xc5, 0xb1,
    },
};
static const uint8_t opr_ring_resp_b[12][32] = {
    {
        0x1c, 0x48, 0x5b, 0x75, 0x94, 0xb3, 0xd8, 0x6e, 0xea, 0xd3, 0x46, 0x9f, 0x75, 0x6e, 0x7d, 0xa7,
        0x27, 0x5d, 0x9d, 0x89, 0x1f, 0x57, 0x3b, 0x81, 0xe7, 0x1f, 0x1f, 0x5a, 0x3e, 0x74, 0xd8, 0x7c,
    },
    {
        0x72, 0xac, 0xcb, 0x1f, 0xaa, 0x77, 0x3a, 0x52, 0x11, 0x19, 0x3a, 0x0e, 0xdc, 0x32, 0x66, 0xdd,
        0x08, 0x87, 0x0f, 0xfa, 0xb9, 0xd1, 0x72, 0x09, 0x8b, 0xdb, 0xe1, 0xd0, 0x1b, 0x8d, 0xc9, 0x75,
    },
    {
        0x42, 0x4e, 0x8c, 0xf2, 0x09, 0xe1, 0xf3, 0xe2, 0x2d, 0x1d, 0x11, 0x51, 0x53, 0xc9, 0x35, 0x30,
        0xbd, 0x78, 0x46, 0xd9, 0x8f, 0x01, 0xb4, 0xb8, 0xba, 0x63, 0x80, 0x4f, 0x73, 0x85, 0x2a, 0x45,
    },
    {
        0xda, 0x6a, 0x27, 0x74, 0x0b, 0xc7, 0x3e, 0x90, 0xb9, 0x6c, 0x8f, 0xd3, 0xa7, 0xef, 0xa3, 0xff,
        0x45, 0x0a, 0x82, 0x6a, 0x8a, 0x65, 0xe5, 0x38, 0xdd, 0x15, 0x99, 0x39, 0x58, 0xaa, 0x7c, 0xab,
    },
    {
        0x6b, 0x8d, 0xf7, 0x9e, 0x78, 0x47, 0xe1, 0x5f, 0x9f, 0x6b, 0x43, 0x19, 0x0b, 0x4c, 0x90, 0x9a,
        0x0f, 0x80, 0x29, 0x7e, 0x82, 0x62, 0x83, 0x7d, 0x30, 0xf3, 0xf9, 0x56, 0xe6, 0xf6, 0x8f, 0xa9,
    },
    {
        0x90, 0x01, 0xb2, 0xc1, 0xc8, 0x83, 0x68, 0x14, 0x17, 0x23, 0xbc, 0xa2, 0xd5, 0xb3, 0xbe, 0xff,
        0x97, 0x71, 0x22, 0xe9, 0x24, 0xae, 0xc4, 0x0d, 0x4b, 0x3f, 0xda, 0xf8, 0x64, 0x26, 0x12, 0x20,
    },
    {
        0x32, 0xce, 0x72, 0x86, 0xa7, 0x7b, 0x11, 0x06, 0x9a, 0x7f, 0x3e, 0xf5, 0xcf, 0xf4, 0xb4, 0x08,
        0xcd, 0x4e, 0xda, 0x46, 0x97, 0x8e, 0xbf, 0xf8, 0x7f, 0x3c, 0x62, 0x43, 0x7b, 0x6b, 0x33, 0x4d,
    },
    {
        0xec, 0x7d, 0x34, 0x89, 0xa8, 0x52, 0x9c, 0xf8, 0xbb, 0x51, 0x92, 0xa9, 0xe6, 0xdf, 0xf4, 0xc0,
        0xb8, 0xa4, 0x18, 0x7e, 0x49, 0x9e, 0x83, 0x2c, 0x9e, 0xac, 0xcc, 0xf7, 0x01, 0xd3, 0x5e, 0x9a,
    },
    {
        0x3c, 0x21, 0x51, 0x95, 0x70, 0xbf, 0xa1, 0xb4, 0x8f, 0xaa, 0x11, 0xc9, 0x5a, 0x7e, 0x1a, 0x6d,
        0xae, 0x06, 0xf2, 0xc4, 0xf6, 0x60, 0xac, 0x7d, 0x41, 0x2d, 0x57, 0x23, 0x4e, 0xe3, 0x2d, 0x5b,
    },
    {
        0x41, 0x64, 0x50, 0x25, 0x65, 0x3a, 0x7b, 0x3d, 0xae, 0x47, 0x9d, 0x39, 0x45, 0x5a, 0x1e, 0x3a,
        0xea, 0xba, 0x38, 0x2d, 0x0a, 0x08, 0x12, 0xfd, 0x94, 0x66, 0xf4, 0x8d, 0xb1, 0xc2, 0x82, 0x3a,
    },
    {
        0x99, 0xd4, 0x76, 0xcb, 0x8d, 0xd6, 0x53, 0xf5, 0x2c, 0x02, 0x59, 0x19, 0xcf, 0x9a, 0x22, 0xd7,
        0xeb, 0x82, 0x23, 0x08, 0x8d, 0xf8, 0x59, 0x5b, 0x8d, 0xc6, 0x44, 0xbc, 0x84, 0xaf, 0xd8, 0x5b,
    },
    {
        0x01, 0x8e, 0x32, 0xbf, 0x5a, 0x52, 0xdb, 0xc5, 0xdb, 0x51, 0xa2, 0x25, 0x7c, 0xab, 0xd0, 0x68,
        0xa1, 0xb0, 0x7a, 0x8f, 0x1a, 0xbd, 0xff, 0xe0, 0xdb, 0x64, 0x60, 0xde, 0x08, 0x6b, 0xc5, 0xb1,
    },
};

/* Ring-LWR Sigma signing: the inline mask draw TODO #294 was about.
 * The stream accepts on the FIRST attempt -- see operation_replay.json.
 */
#define OPR_SIGMA_N       1024
#define OPR_SIGMA_Q       65537
#define OPR_SIGMA_GAMMA   8192
#define OPR_SIGMA_T       16
#define OPR_SIGMA_THRESH  16761855
static const uint8_t opr_sigma_msg[32] = {
    0x48, 0x65, 0x72, 0x72, 0x61, 0x64, 0x75, 0x72, 0x61, 0x4b, 0x45, 0x78, 0x20, 0x6f, 0x70, 0x65,
    0x72, 0x61, 0x74, 0x69, 0x6f, 0x6e, 0x20, 0x72, 0x65, 0x70, 0x6c, 0x61, 0x79, 0x00, 0x00, 0x00,
};
static const uint8_t opr_sigma_stream[3144] = {
    0x9b, 0x12, 0x7c, 0x59, 0xe6, 0x77, 0x90, 0x77, 0x85, 0x21, 0x6f, 0x51, 0xe5, 0x68, 0x29, 0x3c,
    0x75, 0xff, 0x36, 0xbe, 0xab, 0x00, 0x22, 0xcd, 0x67, 0x5a, 0xec, 0x9f, 0xd6, 0x3d, 0x72, 0x51,
    0xc7, 0x7e, 0xb7, 0x19, 0x07, 0xa5, 0x51, 0x58, 0xfd, 0x06, 0xf8, 0x35, 0xbf, 0x67, 0xd9, 0xae,
    0x03, 0x76, 0xf0, 0x2f, 0x61, 0x71, 0xc5, 0x4a, 0x9b, 0xd0, 0x11, 0x3d, 0xfd, 0x40, 0xa1, 0x6e,
    0x5d, 0x66, 0xf0, 0x1a, 0x65, 0x54, 0x39, 0x04, 0xc2, 0xae, 0x50, 0x90, 0x11, 0xf6, 0xa1, 0x82,
    0xe4, 0xa8, 0x1e, 0x0f, 0xf2, 0x63, 0x58, 0x8a, 0xde, 0xd3, 0xc7, 0xb7, 0xd1, 0x37, 0xb8, 0xb2,
    0xcc, 0x3d, 0x02, 0x4b, 0xbf, 0x83, 0x53, 0x9a, 0x58, 0x8b, 0x59, 0x60, 0x8d, 0xe9, 0x1b, 0x8d,
    0xb2, 0x02, 0x1e, 0x61, 0xd5, 0x22, 0xd9, 0x92, 0x55, 0x9b, 0xa3, 0x6c, 0x6b, 0x52, 0x30, 0x7e,
    0x40, 0x09, 0xa7, 0x17, 0x07, 0x9d, 0x87, 0x65, 0x25, 0x07, 0xd5, 0x37, 0xd8, 0x76, 0x83, 0xcc,
    0x31, 0xf4, 0x35, 0x13, 0xbd, 0xd9, 0xf5, 0x5a, 0xc4, 0x49, 0xb1, 0xa6, 0xfc, 0x1f, 0xe4, 0xf1,
    0xe3, 0xe4, 0x11, 0x0c, 0xfe, 0xf0, 0x00, 0xea, 0xc8, 0xe0, 0x46, 0x5c, 0xbf, 0x75, 0x5f, 0x82,
    0xf0, 0x42, 0xec, 0xde, 0xb5, 0xec, 0x08, 0xd7, 0x80, 0x17, 0x46, 0x87, 0x9f, 0xbd, 0x9a, 0x58,
    0xd6, 0xa6, 0xfb, 0x22, 0xe6, 0x9e, 0xe4, 0x70, 0x14, 0xee, 0xa1, 0x4c, 0xcb, 0x55, 0x3d, 0xd1,
    0x31, 0x44, 0xa6, 0x39, 0x35, 0x05, 0x63, 0xb6, 0x1e, 0x44, 0xc3, 0xf8, 0xe1, 0x09, 0x32, 0x4d,
    0xa8, 0x84, 0x63, 0x5b, 0x4e, 0x4b, 0x99, 0x61, 0xb9, 0x1e, 0x89, 0x47, 0x35, 0x9f, 0x9e, 0x5d,
    0xd6, 0xae, 0x9f, 0x7f, 0x87, 0x51, 0xf5, 0x96, 0xc8, 0x03, 0x04, 0x14, 0x38, 0xfe, 0xdf, 0x85,
    0x11, 0x48, 0x1b, 0xfe, 0xb8, 0xab, 0x68, 0x28, 0x14, 0x33, 0xf3, 0xc4, 0xa7, 0x1a, 0x8f, 0x04,
    0x20, 0x48, 0x3f, 0x26, 0xfb, 0xd2, 0x94, 0x9e, 0xa0, 0x68, 0x8d, 0x67, 0x67, 0xc5, 0x57, 0x7d,
    0x6a, 0x75, 0xb8, 0xfc, 0xab, 0xed, 0x36, 0x4e, 0x62, 0x38, 0x99, 0x7e, 0xe1, 0xe2, 0xf1, 0x32,
    0xe8, 0x3c, 0x58, 0xa5, 0xf3, 0x79, 0x04, 0xc7, 0x3b, 0x41, 0x2d, 0x51, 0xc3, 0x61, 0x45, 0xa0,
    0x66, 0x78, 0xb1, 0xc0, 0x4e, 0x16, 0x13, 0xd4, 0xac, 0x90, 0x93, 0x7c, 0x35, 0xad, 0x37, 0xc1,
    0xab, 0xe8, 0xc1, 0x45, 0x70, 0xc1, 0xa2, 0x79, 0xd6, 0x5c, 0xf8, 0xca, 0xec, 0xd1, 0x11, 0x94,
    0x26, 0x82, 0x2b, 0xe5, 0xe0, 0x68, 0x3a, 0x9c, 0x27, 0xe9, 0x85, 0x45, 0x99, 0x58, 0xdd, 0xab,
    0x89, 0x82, 0xef, 0xe9, 0x8c, 0x2c, 0xda, 0xaf, 0x15, 0xbf, 0x02, 0x84, 0x68, 0xe4, 0x8c, 0x27,
    0xa2, 0xd7, 0xab, 0xf3, 0xf2, 0x4b, 0x30, 0x3f, 0x25, 0xa6, 0x95, 0xb2, 0x5a, 0xdd, 0x23, 0xb1,
    0xc8, 0x6c, 0x41, 0xa3, 0xf0, 0x3e, 0x2a, 0x84, 0xc2, 0x8d, 0xc2, 0x96, 0xee, 0xf8, 0x10, 0xf1,
    0x80, 0x80, 0x06, 0x5f, 0x23, 0xff, 0x8d, 0x6c, 0x3d, 0x84, 0x47, 0x64, 0x19, 0xed, 0xe2, 0xe1,
    0x9c, 0xd1, 0x41, 0x49, 0x05, 0x1c, 0xf2, 0x2a, 0x66, 0x57, 0xdd, 0x9f, 0x69, 0xa7, 0xab, 0x7b,
    0xf8, 0xed, 0xe2, 0x56, 0xa8, 0x61, 0xcf, 0x68, 0x06, 0xaa, 0x5a, 0xa3, 0x59, 0x3b, 0x98, 0xcf,
    0xa6, 0xbe, 0x1e, 0x95, 0xad, 0x4e, 0xf1, 0x43, 0x41, 0x44, 0x8e, 0x64, 0xfa, 0x07, 0xbb, 0x0e,
    0x97, 0x5d, 0xeb, 0xc4, 0x96, 0x45, 0x64, 0x38, 0x14, 0x68, 0xef, 0x78, 0x8d, 0x95, 0x04, 0x3b,
    0x51, 0xf7, 0xb9, 0x0a, 0x82, 0x4d, 0xdd, 0xaf, 0xee, 0xbf, 0x76, 0x8f, 0xaf, 0x51, 0x55, 0xa8,
    0x72, 0x5c, 0x1c, 0x30, 0xe6, 0xdf, 0xa6, 0x52, 0xf5, 0x53, 0x3f, 0x70, 0x18, 0xe7, 0xb9, 0xc9,
    0xbd, 0xf2, 0xd8, 0x20, 0x2a, 0xf9, 0x19, 0x32, 0xe3, 0x52, 0xdc, 0x16, 0x6b, 0x42, 0x78, 0x6c,
    0x3c, 0x20, 0x4d, 0x2e, 0x25, 0x22, 0xb0, 0x6d, 0xca, 0x25, 0xd7, 0x49, 0xbf, 0x1f, 0x28, 0x3f,
    0x24, 0x47, 0xf2, 0xc9, 0x73, 0x89, 0x69, 0xf3, 0x5d, 0x85, 0x08, 0x39, 0x7d, 0x12, 0x2a, 0x22,
    0xe4, 0x0d, 0xea, 0x8f, 0xd0, 0x83, 0x9b, 0x89, 0xa2, 0x9c, 0x9e, 0x56, 0x5b, 0x3c, 0x28, 0xcf,
    0xad, 0x9a, 0x17, 0x2b, 0x79, 0x94, 0x74, 0x97, 0x47, 0x2e, 0x42, 0x76, 0xf3, 0x7a, 0x2f, 0xe4,
    0x82, 0x79, 0xf9, 0x22, 0xb4, 0x95, 0x0d, 0x09, 0x5f, 0xef, 0xaa, 0x44, 0xe2, 0xfb, 0xfa, 0x8a,
    0x5f, 0xed, 0xd9, 0xe9, 0x73, 0x82, 0xb9, 0x32, 0x79, 0xeb, 0x2c, 0xfd, 0xfd, 0xfa, 0x52, 0x1e,
    0x99, 0xd5, 0xca, 0xe6, 0x10, 0x17, 0x29, 0xf9, 0x6a, 0xec, 0x04, 0xde, 0x3c, 0xbf, 0x63, 0x9f,
    0xb7, 0xee, 0x54, 0xfd, 0xd6, 0x21, 0x73, 0x38, 0x94, 0xec, 0x0a, 0x95, 0x06, 0x51, 0xc1, 0x1b,
    0xa5, 0x4d, 0xa5, 0x2a, 0xe0, 0x12, 0x49, 0x00, 0x9d, 0x73, 0xf9, 0xff, 0x76, 0xfe, 0xfe, 0xd5,
    0xf7, 0xb7, 0x61, 0x26, 0xd0, 0xee, 0x03, 0x6d, 0x53, 0x0c, 0x6a, 0xcc, 0xa9, 0x8f, 0x93, 0xeb,
    0xb0, 0x34, 0xe8, 0x3c, 0x75, 0x81, 0xef, 0xa9, 0xc7, 0xc9, 0xd4, 0x30, 0x17, 0xc6, 0x18, 0xa6,
    0x90, 0xb7, 0xec, 0x75, 0xca, 0xc4, 0xf4, 0x2e, 0x65, 0x98, 0x1b, 0x88, 0xd9, 0xef, 0x56, 0xb8,
    0x13, 0xef, 0x36, 0x7f, 0xe4, 0xe4, 0xe0, 0xcc, 0xc6, 0x2a, 0xdf, 0xc2, 0x2a, 0xb3, 0xcc, 0x81,
    0xc9, 0x54, 0x40, 0x69, 0xc5, 0xfd, 0x12, 0x9e, 0xa1, 0xba, 0x18, 0xbb, 0x08, 0x96, 0xf3, 0xd9,
    0x25, 0x49, 0x99, 0x66, 0xe6, 0xd4, 0xce, 0x18, 0xaf, 0x69, 0x09, 0xa3, 0x20, 0x70, 0x8b, 0x0e,
    0xb4, 0xdd, 0x49, 0x5c, 0x2d, 0xec, 0x83, 0x10, 0xef, 0x17, 0x36, 0x1d, 0x63, 0xfe, 0x7c, 0x07,
    0x9a, 0x37, 0xf9, 0x44, 0x38, 0x7e, 0x78, 0xc3, 0x21, 0xa7, 0xd8, 0xed, 0xfc, 0x70, 0x96, 0x48,
    0xbf, 0xcd, 0x4a, 0x15, 0x87, 0xa9, 0xf8, 0x89, 0xaa, 0xc8, 0xda, 0x1d, 0xe6, 0x0a, 0x50, 0x5d,
    0x07, 0x5d, 0xb4, 0x94, 0x46, 0xf1, 0xdd, 0x6e, 0x99, 0x88, 0xc3, 0x8a, 0x78, 0x47, 0x50, 0xcc,
    0xe2, 0x50, 0xba, 0xf6, 0x0b, 0x3b, 0xba, 0x83, 0xa4, 0xfb, 0xe6, 0x17, 0x7f, 0x0f, 0x39, 0xf3,
    0x8d, 0xbd, 0x74, 0xbc, 0x6e, 0xa7, 0x3d, 0x14, 0xee, 0xd2, 0x72, 0xd3, 0xeb, 0xe1, 0x8a, 0x9a,
    0x8c, 0xd2, 0x1b, 0x16, 0xb9, 0x95, 0x9e, 0x83, 0xe4, 0x98, 0x17, 0x60, 0x03, 0x2b, 0xda, 0xb4,
    0xc4, 0x32, 0xd0, 0x07, 0xe0, 0x6e, 0xd0, 0x59, 0x3d, 0x5c, 0x1a, 0x60, 0xfe, 0x86, 0x0c, 0x97,
    0x5b, 0x8d, 0xd9, 0xf2, 0x09, 0x49, 0xb7, 0x68, 0xd6, 0x59, 0x6d, 0xbd, 0xf3, 0x54, 0x33, 0x09,
    0x37, 0x62, 0x13, 0xdd, 0x83, 0x1e, 0xb9, 0x6d, 0x45, 0xe6, 0x51, 0x80, 0x02, 0xe9, 0xdc, 0x47,
    0x75, 0xd0, 0xde, 0x00, 0x16, 0xfa, 0xad, 0xd6, 0xeb, 0x9c, 0xa6, 0x88, 0xfe, 0x19, 0x29, 0x67,
    0xcf, 0x68, 0x0f, 0xa4, 0x0e, 0x15, 0x7c, 0x97, 0xb7, 0x59, 0x45, 0xb6, 0xc8, 0xa7, 0x68, 0x85,
    0xdd, 0xf8, 0xb5, 0x01, 0xd2, 0xd5, 0x7d, 0x4e, 0x80, 0xe2, 0xa3, 0xdf, 0x0e, 0x25, 0x04, 0xa8,
    0xe8, 0x1a, 0x48, 0x86, 0x2e, 0x2f, 0xbd, 0xc9, 0x1b, 0x65, 0x73, 0x69, 0x53, 0x28, 0xad, 0x1d,
    0xd5, 0x22, 0x15, 0x0d, 0xf5, 0x91, 0xea, 0xfc, 0xac, 0x8a, 0xf7, 0x4f, 0x4d, 0x5d, 0x80, 0x91,
    0x07, 0x9b, 0x21, 0x7e, 0x91, 0x6e, 0x55, 0x8e, 0x99, 0x9f, 0xa6, 0x06, 0x88, 0xe5, 0xe3, 0xf8,
    0x0c, 0x63, 0x61, 0xb2, 0x3a, 0xe0, 0x92, 0xf9, 0x74, 0x5a, 0x07, 0x3b, 0x07, 0x21, 0x00, 0xed,
    0x3f, 0x90, 0x78, 0x21, 0x09, 0x13, 0x33, 0xf7, 0x5b, 0xa8, 0xbd, 0xc8, 0xf6, 0xe3, 0x4d, 0x86,
    0x56, 0x4e, 0x05, 0xd8, 0xfb, 0xdb, 0xc5, 0xb1, 0x07, 0xbd, 0xb0, 0xf8, 0xda, 0x7f, 0x6b, 0xbf,
    0x24, 0x19, 0x26, 0xe4, 0x7f, 0x69, 0x5f, 0x7c, 0xb2, 0x34, 0x97, 0x82, 0xa5, 0xc8, 0x12, 0x60,
    0x67, 0xd0, 0x6d, 0xce, 0x64, 0x67, 0xc9, 0x40, 0x93, 0x44, 0x2b, 0xa4, 0x2c, 0xce, 0x00, 0x84,
    0x59, 0x62, 0x15, 0xe3, 0x13, 0x71, 0xd8, 0x60, 0x1b, 0x09, 0x91, 0x66, 0x6c, 0xe1, 0x35, 0xc2,
    0xa3, 0xc6, 0xab, 0x49, 0xab, 0xe1, 0x7d, 0x97, 0xb6, 0x8b, 0xf3, 0xe0, 0xb7, 0x22, 0x2e, 0x5d,
    0xc1, 0x4f, 0xc1, 0x79, 0xb9, 0x23, 0xfa, 0x07, 0x73, 0xac, 0x10, 0x0d, 0xd1, 0xc0, 0x2e, 0xd6,
    0x7d, 0x7b, 0x4f, 0x94, 0xd7, 0x30, 0x56, 0x99, 0xd8, 0x6f, 0x24, 0xd2, 0xf6, 0xa8, 0x1c, 0xa9,
    0xa8, 0x66, 0xb5, 0x28, 0xc8, 0x3b, 0xd7, 0x95, 0x08, 0xf6, 0x61, 0xc2, 0xfd, 0x51, 0x82, 0x11,
    0x7f, 0x76, 0x04, 0x7f, 0x3b, 0x5c, 0x24, 0x8f, 0x16, 0xd9, 0x30, 0xc4, 0x49, 0xad, 0xa0, 0xf8,
    0x43, 0x1d, 0xc6, 0xbe, 0x01, 0x0b, 0x78, 0xdd, 0x10, 0x0b, 0x7f, 0x38, 0xf5, 0x98, 0xae, 0xb9,
    0xa7, 0xcd, 0x3e, 0x52, 0x24, 0x54, 0x6b, 0x3a, 0xe8, 0xef, 0xdd, 0x49, 0x53, 0x92, 0xb1, 0x84,
    0xf2, 0xce, 0x20, 0x55, 0xf1, 0x3d, 0xe8, 0xf3, 0x7f, 0x14, 0x61, 0x6a, 0xa0, 0x9d, 0xda, 0x9e,
    0xfc, 0xbe, 0xa3, 0x10, 0xb3, 0x45, 0x2a, 0xea, 0xa1, 0x65, 0x6d, 0xad, 0xf0, 0x91, 0x08, 0xbe,
    0xf9, 0xcf, 0xcc, 0xd6, 0x94, 0x57, 0xe7, 0x4f, 0x29, 0x1a, 0xf2, 0x4f, 0x96, 0x48, 0x40, 0x57,
    0x25, 0xe7, 0x5f, 0x51, 0x56, 0xac, 0xa1, 0x15, 0x5a, 0x96, 0x54, 0x90, 0x0c, 0x25, 0x85, 0x18,
    0x70, 0x5b, 0x84, 0x5f, 0x5c, 0x44, 0x9f, 0x62, 0xda, 0xbd, 0xb0, 0x2a, 0x05, 0x01, 0x1f, 0xb7,
    0x55, 0x38, 0x77, 0xf0, 0x81, 0x51, 0x80, 0x06, 0x88, 0x2d, 0x9a, 0x5c, 0x3b, 0xe3, 0x1e, 0x16,
    0x3c, 0xce, 0x6c, 0x3c, 0x9d, 0x54, 0x11, 0xe5, 0xe9, 0x7b, 0x17, 0x8b, 0xd7, 0xe3, 0x60, 0xee,
    0x4f, 0xf5, 0x30, 0x31, 0xd5, 0xa6, 0xdc, 0xb8, 0x72, 0x38, 0x4c, 0x71, 0x66, 0x23, 0xa1, 0xeb,
    0x2f, 0x87, 0x25, 0xd2, 0x2f, 0x12, 0x61, 0x88, 0xd2, 0xce, 0x45, 0x82, 0x26, 0x34, 0x19, 0x7a,
    0xfa, 0xc0, 0x6a, 0xd8, 0xd7, 0x70, 0x7d, 0x2e, 0x44, 0xd2, 0x9d, 0x6f, 0x39, 0x0e, 0x28, 0xab,
    0x4f, 0xfb, 0x6d, 0xdf, 0xe4, 0xac, 0x22, 0x78, 0xcb, 0x1e, 0x4d, 0x75, 0x14, 0xea, 0x19, 0x31,
    0x1b, 0x36, 0xc9, 0xae, 0x4c, 0x31, 0x7c, 0xc4, 0x2f, 0x72, 0x37, 0xd3, 0xf8, 0x1f, 0x96, 0xe1,
    0x6c, 0x13, 0xcb, 0x5f, 0x51, 0xb9, 0xb9, 0x00, 0x27, 0xce, 0x0a, 0x27, 0x8c, 0xb5, 0x6e, 0xf5,
    0xc6, 0x8a, 0xf5, 0x6a, 0x19, 0xce, 0xfc, 0x35, 0xc8, 0x00, 0xf1, 0x9c, 0x9a, 0xf1, 0xe9, 0x30,
    0xb2, 0x81, 0x04, 0xeb, 0xfe, 0xef, 0xc3, 0x54, 0xc4, 0x40, 0x2d, 0x4f, 0x27, 0xbb, 0x3c, 0x03,
    0x53, 0xd3, 0x46, 0x75, 0xee, 0x54, 0x56, 0xd8, 0x40, 0xb9, 0x41, 0x63, 0x30, 0x1f, 0x20, 0xc8,
    0x5f, 0x55, 0x49, 0x60, 0xa9, 0x83, 0xba, 0xed, 0x4e, 0xf2, 0x08, 0x31, 0x2e, 0x59, 0x99, 0x11,
    0x8a, 0x64, 0x55, 0xb3, 0x76, 0x0b, 0xd0, 0xe6, 0x1a, 0x6f, 0x7c, 0x28, 0xa5, 0x7c, 0x46, 0x06,
    0x8c, 0x7f, 0x15, 0xe0, 0x8e, 0x5a, 0x51, 0x02, 0x6f, 0x22, 0x3b, 0xac, 0xf0, 0x90, 0x28, 0x1c,
    0xf3, 0x4a, 0x99, 0x1a, 0x58, 0x3a, 0xea, 0x71, 0x89, 0xaa, 0x84, 0xdf, 0x6c, 0x15, 0x12, 0xf1,
    0x4e, 0xf8, 0x86, 0x11, 0x81, 0xa0, 0xf4, 0x61, 0xc7, 0x9f, 0x88, 0x71, 0x8a, 0xad, 0x41, 0xee,
    0x4d, 0xcc, 0x8b, 0xe9, 0xb1, 0x15, 0x49, 0x59, 0x7c, 0x49, 0x77, 0x29, 0x44, 0xdd, 0x3f, 0x44,
    0x08, 0x72, 0x08, 0x51, 0x98, 0x6b, 0x24, 0xce, 0x9f, 0x18, 0xbb, 0x34, 0x10, 0x7d, 0x99, 0x81,
    0x1f, 0x1f, 0xcf, 0x5e, 0x11, 0xaa, 0x00, 0x81, 0xc4, 0x28, 0x8b, 0xcb, 0xbc, 0x1b, 0xd3, 0xfb,
    0xfc, 0x45, 0x99, 0xa1, 0x1e, 0x2c, 0x97, 0xd3, 0x5c, 0xd4, 0x8d, 0xd4, 0xa3, 0xce, 0xf9, 0x46,
    0xaf, 0x03, 0xbe, 0xdc, 0x9e, 0x38, 0x4c, 0x7e, 0x4b, 0xeb, 0x31, 0xc0, 0x47, 0x02, 0x80, 0xf0,
    0xfe, 0x69, 0x24, 0xfe, 0x1a, 0x09, 0x6c, 0xa7, 0xf3, 0xba, 0x7b, 0xa7, 0xa0, 0x66, 0x7c, 0x00,
    0x38, 0x4c, 0x2e, 0xa0, 0x83, 0x0d, 0x84, 0xf8, 0x82, 0xc3, 0x8a, 0x20, 0x9b, 0x01, 0x5e, 0x13,
    0x8f, 0x3a, 0x06, 0xec, 0x23, 0x07, 0x2a, 0x56, 0x02, 0x47, 0x5c, 0xe0, 0x98, 0x7b, 0x07, 0xc3,
    0x2d, 0x71, 0x47, 0x4c, 0x62, 0xdd, 0xd1, 0x04, 0xe1, 0x95, 0x34, 0x28, 0x6b, 0xa6, 0x97, 0x35,
    0x5c, 0xfc, 0xdc, 0x29, 0xa4, 0x48, 0x83, 0x54, 0x73, 0xcf, 0x85, 0x38, 0x02, 0x3b, 0x63, 0x46,
    0x13, 0x80, 0x47, 0x35, 0x13, 0x71, 0xd1, 0xa1, 0x95, 0x9a, 0x25, 0xf9, 0x4d, 0x0b, 0x40, 0x3c,
    0xf1, 0x13, 0xe3, 0x97, 0x29, 0x81, 0x7b, 0xe5, 0xfe, 0xfb, 0x51, 0x32, 0xcd, 0x0e, 0x1f, 0x09,
    0xd0, 0x59, 0x10, 0x6e, 0x6b, 0x2f, 0x58, 0xe1, 0x1d, 0xf5, 0x45, 0xa9, 0x34, 0x5e, 0x1a, 0x4e,
    0xe8, 0x88, 0xc1, 0xa9, 0x30, 0x21, 0x0c, 0xee, 0x5c, 0xce, 0xda, 0xd1, 0xc3, 0x53, 0xd1, 0x68,
    0xa9, 0xd4, 0x8b, 0xa4, 0xd8, 0xf9, 0x5b, 0x82, 0x8f, 0xf9, 0x79, 0x7f, 0x1f, 0xe6, 0x39, 0xcd,
    0x79, 0xbe, 0xee, 0x19, 0x6b, 0xed, 0xcb, 0x62, 0x40, 0xaa, 0x35, 0xb3, 0xa7, 0x36, 0xe3, 0x70,
    0xea, 0x46, 0xd2, 0x6d, 0x1a, 0xea, 0xe4, 0xf0, 0xb7, 0xbd, 0x70, 0x4e, 0xee, 0xa1, 0x1a, 0x30,
    0x3f, 0x20, 0x90, 0x49, 0xe0, 0x58, 0xb7, 0x0e, 0x2b, 0x54, 0x4b, 0x29, 0xa7, 0xef, 0x1c, 0x0a,
    0xa4, 0xd1, 0xb0, 0x40, 0x78, 0x24, 0x01, 0x83, 0x5f, 0xfa, 0x94, 0x90, 0xa1, 0x2c, 0x64, 0xf9,
    0xfe, 0x8b, 0x96, 0xca, 0xd6, 0xce, 0xff, 0xa9, 0x75, 0x48, 0x09, 0x22, 0x61, 0x6e, 0xab, 0xfe,
    0xe6, 0x90, 0x0e, 0x7c, 0x49, 0x4f, 0xc0, 0xad, 0x2a, 0x4e, 0xa2, 0x4a, 0x12, 0x96, 0xcf, 0x45,
    0x69, 0xf7, 0xc8, 0x52, 0x0a, 0x3a, 0xb4, 0x39, 0xc7, 0xfc, 0x8a, 0x16, 0x19, 0xa8, 0x2d, 0x6f,
    0x9c, 0x57, 0xad, 0x7e, 0xf7, 0x90, 0x32, 0xde, 0x33, 0xaf, 0x49, 0x7a, 0xab, 0x06, 0x99, 0x9c,
    0xcf, 0xec, 0x53, 0x21, 0xd5, 0xd5, 0xfd, 0x3d, 0xe9, 0xba, 0x19, 0xf8, 0x31, 0xa4, 0x68, 0xc6,
    0x9a, 0x1a, 0x80, 0x07, 0x86, 0x29, 0x6b, 0x9e, 0x8b, 0x73, 0xfe, 0x5c, 0x83, 0xff, 0x59, 0xbc,
    0xac, 0xad, 0xd3, 0x81, 0xa7, 0xd4, 0x26, 0x08, 0x99, 0x30, 0xa8, 0x9c, 0x52, 0x7a, 0x07, 0xf8,
    0x59, 0xed, 0xca, 0x77, 0x15, 0x11, 0x46, 0x27, 0x7c, 0x29, 0x34, 0x9c, 0x4e, 0xec, 0x0d, 0xd4,
    0xe2, 0x9a, 0xf6, 0xdb, 0xe8, 0xaf, 0xf4, 0xf4, 0x7d, 0xa8, 0x8d, 0xbc, 0x42, 0x81, 0x69, 0x97,
    0xf5, 0x1e, 0xa6, 0xd6, 0xde, 0x45, 0x46, 0xda, 0xea, 0xd0, 0x85, 0x74, 0x1e, 0x4f, 0x91, 0xb0,
    0xaa, 0x80, 0xa2, 0x30, 0x55, 0x63, 0x4b, 0x0a, 0xe5, 0x17, 0x61, 0x4f, 0x46, 0x3b, 0xe0, 0xac,
    0xe6, 0xc8, 0x99, 0x28, 0xaa, 0xa1, 0x91, 0x56, 0x12, 0xa1, 0x97, 0xd7, 0x36, 0xf8, 0x82, 0x85,
    0x65, 0x50, 0x4f, 0x6b, 0x95, 0x1f, 0x8a, 0xa0, 0xda, 0x81, 0x6b, 0x67, 0x14, 0x63, 0x88, 0x97,
    0x58, 0x4e, 0x49, 0x43, 0x6b, 0x91, 0x3a, 0x7c, 0x77, 0x1d, 0xe1, 0xef, 0x45, 0x9f, 0x0e, 0x50,
    0x4c, 0x4f, 0x6a, 0x56, 0x3f, 0xf8, 0xab, 0x7b, 0x45, 0x8a, 0xe8, 0x5b, 0x6a, 0x3b, 0x60, 0x33,
    0x01, 0x7b, 0x14, 0x5b, 0xee, 0x1f, 0x3b, 0x08, 0x66, 0xb4, 0x1d, 0xb3, 0xcc, 0x96, 0x2b, 0x37,
    0xbc, 0x3b, 0x81, 0x64, 0x25, 0x18, 0xb1, 0xb2, 0xf7, 0xe4, 0x07, 0x2c, 0xa2, 0xb4, 0xca, 0xff,
    0x8f, 0x82, 0x71, 0xf0, 0x9a, 0x54, 0xb3, 0x37, 0x13, 0x79, 0x38, 0xd5, 0xb7, 0x84, 0xbc, 0x46,
    0xe7, 0x6e, 0x7f, 0x97, 0xf3, 0x47, 0x58, 0xe3, 0x77, 0xd2, 0x60, 0x19, 0xea, 0xad, 0xc2, 0x94,
    0x1c, 0x26, 0x45, 0x2a, 0x02, 0x9e, 0x72, 0x42, 0xe7, 0xac, 0x98, 0xfc, 0x2d, 0xa7, 0xbb, 0x8e,
    0xb5, 0x8b, 0x4a, 0xd1, 0xcc, 0x6f, 0xc3, 0x26, 0x1f, 0x2a, 0x75, 0x60, 0x43, 0xa2, 0xe7, 0xef,
    0xd2, 0x45, 0xd6, 0x38, 0x2f, 0x3f, 0x78, 0x4f, 0xea, 0xcc, 0x7e, 0x4f, 0x50, 0xee, 0x84, 0xde,
    0xf7, 0xfe, 0x52, 0x34, 0x87, 0x30, 0x11, 0x29, 0x71, 0x22, 0x5f, 0x12, 0xef, 0xec, 0x3f, 0xfb,
    0x82, 0x7a, 0x18, 0xe0, 0x04, 0xdb, 0x4d, 0x0c, 0xf3, 0x25, 0x23, 0x81, 0x04, 0x30, 0xb0, 0xe1,
    0x90, 0x65, 0xc2, 0x1a, 0x69, 0x79, 0x5c, 0x09, 0xaa, 0x96, 0xc6, 0x28, 0x09, 0x3a, 0x2f, 0xc9,
    0x04, 0x8a, 0x11, 0x4c, 0xe3, 0xe3, 0xe7, 0x24, 0xb9, 0x64, 0x26, 0xe6, 0x49, 0xa6, 0x8f, 0x02,
    0x43, 0x51, 0x22, 0x08, 0x51, 0xbc, 0x15, 0xb1, 0x3b, 0x2d, 0xe9, 0xa1, 0x3b, 0x3e, 0x9b, 0x00,
    0x2d, 0x7d, 0xdf, 0xc6, 0x96, 0xaf, 0x0c, 0x46, 0x0b, 0x4b, 0x49, 0x05, 0xaf, 0x1e, 0xa2, 0xda,
    0x62, 0xda, 0xea, 0xba, 0x43, 0x92, 0x4c, 0xe4, 0x9f, 0x47, 0x42, 0x25, 0x65, 0xc0, 0x5c, 0xcf,
    0x62, 0xee, 0xf6, 0xb3, 0x7d, 0x8c, 0xc5, 0x8f, 0xe0, 0xb4, 0xbf, 0x83, 0x2e, 0xde, 0x8b, 0xb5,
    0xfa, 0xb6, 0xf8, 0x31, 0x9f, 0xe9, 0xb8, 0x8e, 0x3a, 0xdd, 0x9c, 0x03, 0xc1, 0x71, 0x17, 0x43,
    0xf9, 0x3b, 0x90, 0xa6, 0x60, 0x83, 0x70, 0x60, 0xc2, 0x5b, 0x4f, 0x6d, 0xe4, 0x9d, 0x67, 0x1b,
    0xe1, 0x9a, 0x03, 0xe8, 0x18, 0x7b, 0x3c, 0x05, 0xe9, 0xc8, 0x8f, 0x63, 0x8f, 0xb5, 0x8d, 0x76,
    0x6c, 0xe2, 0x76, 0xe4, 0x8c, 0xf3, 0xff, 0x84, 0x72, 0xe0, 0x55, 0x9d, 0xdd, 0x1a, 0xe8, 0xb8,
    0x0f, 0x0e, 0x5c, 0x12, 0x2a, 0x4d, 0x56, 0x32, 0xd0, 0xd2, 0x5a, 0x90, 0xd9, 0xe6, 0x8c, 0xc5,
    0xa9, 0x2d, 0x80, 0x0d, 0xec, 0xe2, 0xd3, 0xba, 0x8e, 0x31, 0x4a, 0x7a, 0xc7, 0xed, 0x2d, 0x7c,
    0x85, 0x03, 0x87, 0xa4, 0x31, 0x30, 0xed, 0xbf, 0x4d, 0x5f, 0x61, 0xb9, 0x51, 0xef, 0xd9, 0x88,
    0xb2, 0xdb, 0xe4, 0x76, 0xf5, 0xcb, 0x75, 0x4b, 0x16, 0xb7, 0x99, 0x79, 0xda, 0x43, 0x6a, 0x9f,
    0x7d, 0x34, 0x5d, 0xdd, 0xd8, 0xfc, 0x0d, 0x8a, 0xf3, 0x92, 0xe6, 0xe8, 0x8f, 0x65, 0x8e, 0x6a,
    0xc2, 0x45, 0xcc, 0xc8, 0x68, 0xfd, 0x7c, 0x0c, 0x3e, 0xe0, 0x54, 0x3d, 0x41, 0x6f, 0x64, 0xa6,
    0x07, 0xb5, 0x48, 0x72, 0x33, 0xb6, 0x16, 0xe3, 0xd6, 0x90, 0x63, 0x64, 0xe5, 0x57, 0xc3, 0x66,
    0x6e, 0x5c, 0x53, 0x37, 0x3e, 0xb7, 0x66, 0x08, 0xc3, 0x93, 0x81, 0x32, 0xa1, 0x18, 0x1d, 0xb3,
    0x5a, 0xb8, 0x68, 0xc9, 0xf0, 0xab, 0xc6, 0xb7, 0x31, 0x31, 0xfa, 0x17, 0xe4, 0x80, 0x18, 0x6b,
    0x4b, 0xdd, 0xb9, 0xfe, 0x5f, 0xfd, 0xf4, 0xc4, 0xe8, 0x59, 0x0b, 0x79, 0xf8, 0xdb, 0x4a, 0x15,
    0x6c, 0xdb, 0x98, 0x57, 0xdd, 0x92, 0x94, 0x5b, 0xd0, 0x30, 0xd9, 0x97, 0x9d, 0x42, 0xc0, 0x1b,
    0x46, 0x33, 0xec, 0xeb, 0x44, 0x67, 0x86, 0xfc, 0x25, 0xb5, 0xed, 0x8f, 0x90, 0x71, 0xfe, 0xd0,
    0xc7, 0x21, 0x46, 0x5c, 0x50, 0x7b, 0x99, 0x18, 0x0a, 0x6b, 0x4d, 0x0f, 0x69, 0x3d, 0x56, 0x64,
    0x43, 0x03, 0x8d, 0x00, 0x6b, 0xe3, 0xeb, 0xeb, 0xca, 0xb8, 0xea, 0x52, 0x79, 0x12, 0x03, 0xf8,
    0xdd, 0x8d, 0xc9, 0xda, 0xb0, 0x7a, 0x3f, 0x03, 0x66, 0xf1, 0xfc, 0x19, 0x35, 0x9e, 0x5c, 0x9d,
    0x1e, 0x5b, 0x6c, 0xd1, 0x0e, 0x54, 0x69, 0x45, 0xf9, 0x19, 0x0b, 0x1d, 0x35, 0x55, 0xf0, 0x3c,
    0xa1, 0xe3, 0x3c, 0x24, 0x8f, 0xbb, 0x55, 0x8d, 0xfc, 0x1c, 0x88, 0x99, 0x7b, 0xaf, 0x15, 0xb6,
    0xb0, 0xaf, 0x34, 0xaf, 0xc8, 0x6b, 0x63, 0x41, 0xbb, 0x7e, 0x93, 0xab, 0xfa, 0x53, 0x36, 0xaa,
    0x27, 0x9c, 0x14, 0x44, 0x02, 0x86, 0xbc, 0x7b, 0x34, 0x55, 0xa3, 0x61, 0xcf, 0x2b, 0x59, 0xf2,
    0xb1, 0x41, 0x15, 0x9a, 0x96, 0xd4, 0x07, 0x02, 0x36, 0x06, 0xda, 0x7c, 0x1a, 0x2a, 0xd6, 0x50,
    0xa6, 0x12, 0x56, 0x5b, 0x37, 0x72, 0x49, 0x5b, 0x00, 0x10, 0x91, 0x23, 0x07, 0x81, 0x00, 0xf1,
    0x56, 0x5c, 0xc7, 0xed, 0x9c, 0x0b, 0x15, 0x6c, 0x1a, 0xa6, 0xac, 0x21, 0x48, 0xfd, 0xd9, 0x71,
    0x96, 0x50, 0xf9, 0x7a, 0x97, 0x0b, 0x69, 0xbc, 0x3e, 0x4c, 0x77, 0x7c, 0xb3, 0x97, 0x1c, 0xfa,
    0x66, 0x2d, 0xdc, 0x24, 0x17, 0xd7, 0x12, 0x3a, 0x76, 0xc7, 0xe5, 0xb7, 0xbb, 0x0d, 0xb7, 0x51,
    0xd6, 0x04, 0x09, 0xca, 0x95, 0x90, 0x8d, 0x3d, 0x51, 0x88, 0xf1, 0x75, 0xfb, 0x3a, 0x49, 0x15,
    0xa2, 0x56, 0x3e, 0x01, 0x3a, 0x70, 0x8c, 0xb6, 0x36, 0x99, 0xea, 0x0c, 0xe9, 0xb3, 0xd5, 0xbe,
    0x3e, 0xdd, 0xcd, 0xb9, 0x23, 0x94, 0x0c, 0x84, 0x54, 0x91, 0x40, 0x8d, 0xfc, 0x94, 0xfe, 0x3b,
    0x8b, 0x9f, 0x96, 0x2f, 0xf5, 0xc2, 0x31, 0x20, 0xd7, 0x41, 0x1f, 0xbc, 0x62, 0x6b, 0x9e, 0x31,
    0xda, 0xa5, 0x15, 0x6a, 0x7e, 0x35, 0xbc, 0xc5, 0xb0, 0xf1, 0x6e, 0x70, 0x56, 0x8e, 0xf8, 0x9d,
    0x27, 0x61, 0x4a, 0xc9, 0xc9, 0x9d, 0x01, 0x2f, 0xe3, 0xd2, 0xa4, 0xa1, 0x9d, 0xc5, 0xda, 0x2d,
    0x6e, 0xf2, 0x4d, 0x73, 0xb8, 0xf2, 0xcd, 0xbe, 0x18, 0x74, 0xc4, 0x04, 0x54, 0x32, 0xc4, 0xa2,
    0x66, 0x06, 0x86, 0x3f, 0xf1, 0xc7, 0x94, 0x3e, 0x39, 0x8e, 0xf6, 0xc3, 0x59, 0xe8, 0x3d, 0xd2,
    0x50, 0xc9, 0xe1, 0xe8, 0x4f, 0x1d, 0xfc, 0x2b, 0x4a, 0x81, 0xba, 0xe5, 0xd9, 0x8d, 0x21, 0x7d,
    0xcb, 0x94, 0x97, 0xd2, 0xb5, 0x7a, 0xcc, 0x05, 0x99, 0x35, 0x7c, 0xd1, 0x70, 0x8b, 0x67, 0x7d,
    0xa7, 0x02, 0x1b, 0x82, 0x7c, 0xe9, 0x85, 0xd2, 0xb6, 0xfb, 0x82, 0xe8, 0x4a, 0x6c, 0x8c, 0xe0,
    0x44, 0x2a, 0x29, 0x14, 0x24, 0x5d, 0x17, 0x9f, 0xb9, 0xb5, 0x71, 0x8b, 0xc3, 0x2e, 0xa2, 0xae,
    0xef, 0x16, 0x95, 0xe7, 0x61, 0xce, 0xf7, 0xfe, 0xa3, 0x97, 0x71, 0xbb, 0x0b, 0xb4, 0x10, 0x5f,
    0x74, 0xf1, 0xdf, 0xd1, 0xf4, 0x8c, 0x7c, 0x82, 0xc0, 0x51, 0x9f, 0x22, 0x83, 0xfc, 0xfc, 0x22,
    0x19, 0xa0, 0x23, 0xb0, 0x68, 0x35, 0x63, 0xf0, 0x2c, 0xf8, 0xa6, 0x59, 0x69, 0xe6, 0xe6, 0x5c,
    0x79, 0x90, 0xe5, 0x24, 0xa3, 0xef, 0x5b, 0x8c, 0xc7, 0x38, 0xf1, 0x74, 0xea, 0x0a, 0x92, 0x10,
    0x95, 0xfd, 0x28, 0x5b, 0x0b, 0x65, 0x9e, 0x15, 0x8e, 0xd5, 0x2d, 0x82, 0xa0, 0x39, 0x0d, 0xd7,
    0xc8, 0xa1, 0x32, 0x75, 0x66, 0x1d, 0x18, 0xc1, 0xd9, 0x06, 0x50, 0x87, 0xfb, 0xa1, 0x26, 0x9f,
    0x0a, 0x52, 0x92, 0xb3, 0xb9, 0xc4, 0xaf, 0x56, 0xa0, 0x94, 0x75, 0xfd, 0x08, 0x4b, 0x08, 0x4f,
    0x8c, 0x39, 0x79, 0xec, 0xa0, 0xaa, 0x97, 0xaa, 0x43, 0x5f, 0xf4, 0x4e, 0x40, 0x88, 0x07, 0xe0,
    0x38, 0x1c, 0x9d, 0xeb, 0x9a, 0xd5, 0x1b, 0xfe,
};
static const int32_t opr_sigma_s[1024] = {
    65536, 1, 1, 1, 1, 0, 65536, 1, 0, 0, 0, 0,
    1, 65536, 0, 1, 0, 1, 65536, 1, 1, 0, 0, 65536,
    65536, 0, 1, 65536, 0, 0, 65536, 1, 1, 0, 0, 0,
    1, 0, 0, 1, 0, 0, 0, 65536, 0, 1, 0, 0,
    65536, 1, 65536, 0, 65536, 65536, 65536, 1, 65536, 0, 1, 1,
    0, 65536, 0, 0, 0, 0, 0, 0, 65536, 1, 1, 65536,
    0, 65536, 1, 1, 1, 0, 0, 65536, 0, 1, 65536, 0,
    0, 0, 1, 1, 0, 65536, 65536, 0, 65536, 1, 65536, 1,
    0, 0, 0, 1, 0, 0, 65536, 0, 0, 65536, 65536, 0,
    1, 0, 0, 0, 0, 0, 0, 65536, 1, 65536, 1, 65536,
    1, 65536, 65536, 0, 1, 65536, 0, 65536, 65536, 0, 65536, 1,
    0, 1, 0, 65536, 0, 0, 0, 1, 0, 65536, 65536, 0,
    0, 1, 1, 65536, 65536, 0, 0, 1, 0, 1, 0, 0,
    1, 0, 0, 0, 0, 1, 0, 0, 1, 0, 0, 1,
    0, 1, 65536, 0, 65536, 1, 0, 1, 65536, 1, 0, 0,
    0, 0, 1, 0, 65536, 65536, 0, 0, 1, 65536, 65536, 0,
    0, 65536, 1, 1, 65536, 0, 0, 65536, 65536, 65536, 65536, 0,
    0, 65536, 0, 1, 65536, 1, 0, 1, 1, 65536, 0, 65536,
    65536, 0, 1, 0, 65536, 1, 0, 1, 0, 0, 0, 1,
    0, 65536, 1, 0, 65536, 0, 0, 0, 0, 0, 1, 65536,
    0, 1, 0, 65536, 0, 0, 1, 0, 0, 0, 0, 65536,
    0, 1, 0, 65536, 65536, 65536, 0, 1, 65536, 0, 1, 0,
    0, 0, 0, 65536, 0, 65536, 65536, 1, 1, 0, 0, 1,
    65536, 1, 0, 0, 1, 65536, 0, 0, 1, 0, 0, 65536,
    0, 1, 65536, 0, 0, 0, 65536, 0, 1, 1, 0, 65536,
    0, 65536, 0, 1, 0, 65536, 0, 1, 0, 1, 0, 65536,
    0, 1, 0, 65536, 0, 0, 65536, 65536, 1, 0, 0, 0,
    0, 0, 65536, 0, 1, 65536, 1, 0, 65536, 65536, 0, 65536,
    1, 1, 0, 0, 0, 0, 0, 0, 0, 0, 65536, 0,
    0, 65536, 65536, 0, 1, 65536, 0, 0, 65536, 0, 1, 65536,
    0, 0, 0, 0, 0, 65536, 0, 1, 65536, 0, 65536, 65536,
    0, 0, 65536, 0, 65536, 0, 0, 65536, 0, 0, 1, 0,
    0, 65536, 0, 0, 0, 65536, 1, 0, 1, 1, 0, 0,
    0, 0, 0, 0, 1, 1, 0, 65536, 0, 0, 0, 0,
    0, 1, 1, 1, 0, 0, 0, 0, 0, 1, 0, 1,
    1, 1, 1, 1, 1, 1, 0, 0, 0, 1, 65536, 1,
    65536, 0, 0, 0, 1, 0, 0, 0, 65536, 65536, 0, 65536,
    1, 65536, 0, 0, 0, 1, 0, 0, 65536, 65536, 0, 0,
    65536, 1, 0, 1, 0, 65536, 0, 65536, 0, 0, 1, 1,
    65536, 1, 65536, 65536, 1, 0, 1, 0, 0, 0, 0, 0,
    65536, 0, 0, 1, 1, 65536, 0, 0, 1, 1, 1, 65536,
    65536, 0, 1, 1, 1, 1, 0, 0, 65536, 65536, 0, 1,
    0, 65536, 0, 1, 1, 0, 1, 1, 1, 1, 0, 1,
    1, 65536, 0, 0, 65536, 0, 65536, 0, 65536, 65536, 0, 65536,
    65536, 1, 1, 0, 65536, 0, 1, 1, 0, 1, 1, 1,
    0, 1, 65536, 0, 1, 0, 0, 65536, 65536, 0, 1, 0,
    0, 0, 0, 0, 65536, 65536, 1, 1, 0, 0, 65536, 0,
    0, 0, 1, 65536, 0, 0, 0, 1, 65536, 0, 0, 1,
    1, 1, 0, 65536, 65536, 0, 0, 0, 1, 1, 1, 65536,
    0, 1, 65536, 0, 0, 65536, 65536, 0, 0, 1, 65536, 1,
    65536, 65536, 0, 1, 0, 0, 65536, 0, 1, 0, 65536, 1,
    1, 0, 65536, 65536, 0, 0, 0, 65536, 0, 0, 0, 0,
    0, 65536, 65536, 1, 0, 1, 0, 0, 65536, 0, 0, 65536,
    1, 0, 0, 1, 0, 1, 0, 0, 0, 65536, 0, 0,
    0, 0, 1, 0, 0, 0, 65536, 0, 1, 65536, 1, 0,
    0, 1, 0, 0, 0, 65536, 0, 65536, 0, 0, 1, 1,
    65536, 1, 1, 0, 1, 0, 65536, 0, 0, 0, 1, 1,
    0, 1, 0, 65536, 0, 0, 0, 0, 0, 0, 65536, 0,
    0, 65536, 1, 65536, 1, 0, 65536, 0, 1, 0, 0, 1,
    0, 0, 65536, 0, 0, 0, 0, 1, 65536, 0, 65536, 0,
    0, 1, 65536, 1, 0, 65536, 65536, 0, 0, 65536, 0, 0,
    0, 65536, 1, 0, 1, 0, 0, 65536, 0, 65536, 1, 65536,
    0, 1, 65536, 65536, 0, 0, 0, 0, 65536, 1, 0, 1,
    65536, 0, 0, 1, 1, 1, 1, 0, 0, 0, 1, 1,
    1, 0, 0, 0, 0, 65536, 0, 0, 1, 0, 0, 65536,
    0, 65536, 65536, 0, 65536, 0, 65536, 65536, 0, 0, 0, 65536,
    65536, 1, 1, 65536, 65536, 1, 0, 65536, 0, 1, 0, 1,
    0, 0, 0, 0, 65536, 0, 65536, 1, 1, 0, 1, 65536,
    0, 0, 65536, 65536, 0, 1, 65536, 0, 1, 65536, 65536, 1,
    0, 0, 0, 1, 65536, 1, 0, 0, 0, 0, 65536, 65536,
    0, 65536, 1, 1, 65536, 0, 0, 0, 1, 1, 0, 65536,
    1, 1, 65536, 0, 0, 0, 0, 65536, 65536, 1, 0, 65536,
    65536, 65536, 65536, 0, 0, 65536, 0, 1, 0, 1, 65536, 0,
    65536, 65536, 65536, 0, 0, 0, 65536, 1, 65536, 65536, 0, 0,
    0, 0, 0, 0, 1, 0, 65536, 0, 0, 1, 65536, 1,
    65536, 0, 65536, 0, 0, 0, 0, 0, 0, 0, 1, 0,
    0, 0, 0, 0, 1, 65536, 65536, 1, 0, 65536, 0, 0,
    0, 65536, 1, 0, 0, 0, 65536, 65536, 1, 1, 1, 0,
    65536, 1, 0, 65536, 65536, 0, 1, 0, 65536, 65536, 65536, 65536,
    0, 65536, 0, 65536, 65536, 0, 1, 1, 0, 65536, 0, 65536,
    1, 0, 1, 0, 1, 1, 0, 0, 0, 1, 0, 65536,
    1, 65536, 0, 0, 1, 0, 0, 0, 65536, 1, 0, 0,
    0, 1, 65536, 0, 0, 65536, 0, 0, 0, 1, 65536, 65536,
    0, 0, 0, 0, 65536, 1, 0, 65536, 65536, 0, 0, 65536,
    65536, 65536, 1, 65536, 0, 65536, 0, 65536, 65536, 1, 0, 0,
    1, 0, 0, 0,
};
static const int32_t opr_sigma_m[1024] = {
    29742, 5459, 11452, 42242, 49359, 17229, 8173, 57845, 47844, 43199, 52017, 14061,
    40995, 25350, 37881, 44470, 48031, 4773, 40182, 33838, 43058, 46368, 40925, 46095,
    35690, 53073, 41614, 3296, 4290, 56179, 10373, 13792, 41358, 36184, 13745, 53102,
    8377, 20548, 45481, 36522, 16280, 4594, 58509, 38323, 9178, 58018, 753, 12932,
    27617, 19084, 41837, 20482, 7561, 52704, 37600, 26726, 56294, 38689, 63470, 2768,
    6322, 34584, 13518, 53695, 61814, 850, 1938, 25995, 61437, 17970, 10413, 38578,
    2482, 5727, 26126, 64686, 35858, 39770, 7748, 38348, 25086, 55480, 49195, 54626,
    51784, 4570, 44095, 6573, 15233, 26113, 36172, 31147, 34611, 12740, 39439, 39208,
    1054, 54818, 20283, 17773, 38119, 31482, 55719, 20114, 25327, 62696, 34814, 18,
    18865, 24580, 42725, 1776, 56676, 34283, 42654, 18406, 29501, 25632, 56063, 50744,
    56308, 38742, 53500, 48520, 8961, 11668, 30454, 3095, 49015, 4436, 4987, 51806,
    8851, 56218, 44839, 46318, 13989, 64528, 8175, 25432, 37050, 49473, 1605, 36740,
    62225, 61259, 48257, 29496, 13765, 38057, 57088, 12642, 44022, 5734, 31495, 29330,
    31943, 51811, 46417, 10429, 21509, 13321, 43185, 30672, 1496, 53079, 431, 3184,
    61309, 7671, 48143, 38523, 14347, 42152, 44172, 32576, 14409, 27384, 40324, 40400,
    13472, 8967, 45081, 36418, 28301, 17031, 53759, 59567, 15230, 59492, 40477, 10428,
    3475, 36886, 56329, 17009, 21749, 6447, 62602, 62906, 37224, 61046, 38969, 63314,
    1847, 62278, 1271, 13058, 7477, 2495, 10468, 54888, 44408, 53923, 60442, 38041,
    7952, 7157, 34483, 18004, 32794, 20178, 57218, 24085, 36385, 63443, 37275, 16412,
    62985, 35476, 37835, 39392, 60972, 17597, 2351, 28394, 5076, 18431, 20974, 33458,
    29483, 26676, 10083, 30082, 3956, 12825, 16220, 34179, 41886, 51780, 62875, 27341,
    12188, 46478, 20689, 50537, 28039, 5054, 10232, 23882, 38744, 52076, 8987, 23486,
    28253, 28827, 9945, 18072, 19523, 24873, 388, 61495, 22897, 62172, 14826, 36280,
    47075, 26402, 28109, 21609, 40895, 58899, 30935, 38364, 46972, 56116, 45417, 58017,
    14369, 1892, 35089, 39858, 34367, 4921, 52582, 60922, 552, 31940, 10619, 61137,
    52779, 18915, 35985, 59973, 58532, 53854, 43963, 46227, 56663, 4836, 64404, 37510,
    18376, 44019, 19878, 8121, 64697, 30115, 25469, 10978, 13643, 15461, 41596, 28971,
    4870, 10108, 19119, 12859, 35627, 57075, 38254, 62856, 55826, 29610, 40715, 56969,
    41606, 25363, 43729, 22809, 35893, 4240, 64002, 47873, 31296, 58517, 11614, 30251,
    14357, 58870, 5748, 55397, 8553, 26111, 37392, 46562, 45716, 55227, 39991, 26123,
    41943, 14385, 23355, 60270, 53857, 51043, 52196, 62818, 52982, 37069, 49929, 41347,
    60574, 641, 36745, 2063, 59372, 60159, 15719, 558, 34655, 3314, 16682, 26992,
    21366, 36440, 14596, 17481, 58693, 15406, 61841, 17696, 49346, 14422, 38576, 59429,
    51140, 54487, 49283, 36730, 2455, 11496, 54723, 56221, 53736, 51402, 893, 7549,
    3240, 39595, 16435, 32934, 63020, 8011, 1079, 46545, 1827, 57964, 14666, 1531,
    21369, 23945, 44959, 33256, 47931, 17019, 54141, 62582, 60005, 22541, 15982, 18197,
    6860, 6659, 26846, 55233, 53290, 16957, 46636, 47604, 30762, 60912, 32, 25332,
    65183, 31874, 43848, 50860, 13017, 33181, 23921, 28298, 50503, 55558, 39063, 4473,
    23742, 45933, 64824, 61783, 42942, 41961, 42904, 27185, 43722, 23554, 3953, 7391,
    40733, 32190, 16109, 55446, 57958, 41998, 49553, 14704, 11572, 2442, 43536, 36958,
    61667, 23696, 50607, 21087, 35285, 9110, 8888, 4623, 62661, 24283, 41235, 24650,
    46043, 38057, 6067, 35900, 18769, 38635, 47218, 49454, 56972, 61063, 4884, 26,
    57025, 39552, 63283, 12972, 28292, 15314, 25444, 6633, 25502, 58472, 6818, 64657,
    5709, 4373, 50551, 20334, 28904, 3704, 31412, 40623, 55424, 52278, 7064, 13537,
    17062, 2389, 22291, 62156, 3978, 18004, 6459, 3369, 9952, 15885, 11667, 8580,
    41116, 9511, 26852, 50318, 3753, 1398, 1884, 55677, 39633, 60448, 50667, 53707,
    58629, 11985, 9830, 57090, 7979, 6502, 6810, 34542, 23854, 6065, 47774, 59921,
    33761, 36186, 14833, 55914, 7757, 2248, 12544, 36451, 26937, 47224, 26441, 62966,
    24840, 11991, 60578, 40515, 47520, 38528, 2495, 49177, 16337, 23929, 55928, 13151,
    2680, 57076, 25022, 44103, 14191, 28637, 44280, 8860, 25464, 44824, 28396, 23331,
    24627, 28236, 34261, 26038, 50232, 31987, 5195, 60609, 21701, 34856, 34659, 44946,
    320, 6131, 60823, 34152, 65236, 6027, 60980, 65237, 22410, 7915, 52051, 29441,
    16033, 27221, 16633, 11502, 64729, 6319, 8388, 54821, 16153, 8829, 21749, 3384,
    19865, 2461, 35826, 36788, 23365, 47142, 56270, 15925, 5276, 11794, 45298, 20877,
    11325, 56646, 46505, 58819, 26216, 24041, 62010, 53596, 3661, 41150, 38847, 52517,
    53678, 24152, 62473, 53134, 44464, 2552, 53501, 51237, 59827, 37179, 31742, 11509,
    20366, 57993, 5909, 46278, 31261, 11539, 32149, 60436, 21740, 14966, 37564, 5360,
    45882, 14754, 27040, 53009, 9197, 32869, 21088, 30947, 47484, 13522, 39629, 47602,
    39500, 56309, 51160, 25436, 47892, 46683, 13087, 29989, 54918, 31876, 58358, 33067,
    27133, 32546, 10497, 35450, 33710, 60908, 59141, 8604, 7137, 39144, 44584, 48771,
    5273, 17960, 20707, 11403, 47733, 842, 23327, 19433, 56721, 39946, 30349, 20641,
    35887, 54984, 4610, 2932, 28737, 6267, 3930, 12074, 39984, 26811, 20246, 32459,
    14827, 21893, 31485, 7158, 21742, 49935, 13234, 46879, 54882, 51123, 16801, 40055,
    3792, 54650, 1795, 5979, 55505, 47959, 16188, 9761, 27688, 1830, 343, 12197,
    65198, 32648, 54208, 22015, 42097, 59122, 53247, 53344, 51948, 17737, 35942, 24833,
    5783, 20190, 21952, 14736, 28539, 63501, 4208, 13260, 2, 8629, 63398, 9396,
    48288, 51623, 8316, 6037, 50629, 8987, 54661, 65054, 26027, 3609, 47186, 21105,
    10798, 38001, 18208, 44527, 33328, 32185, 5656, 52538, 25693, 58737, 10529, 39068,
    19564, 9682, 4157, 30780, 14645, 30506, 53783, 19815, 21731, 627, 64187, 1226,
    52931, 34415, 25648, 45794, 33763, 25237, 58611, 31809, 29956, 36688, 59167, 14717,
    25052, 21156, 62631, 6453, 52388, 9697, 982, 55776, 55801, 11406, 2260, 10909,
    37890, 4324, 32541, 15834, 37629, 101, 692, 57293, 19132, 52497, 54120, 26136,
    35629, 20883, 59584, 23495, 30233, 58630, 53338, 25955, 13996, 34918, 48246, 17445,
    47744, 21498, 59278, 26716, 23957, 65056, 48498, 25378, 25986, 38944, 19065, 30016,
    5206, 60324, 31603, 61085, 43933, 37216, 6982, 61308, 41912, 1188, 6987, 18658,
    56771, 23512, 19854, 191, 19560, 13724, 52122, 61621, 46271, 52190, 56192, 59559,
    5171, 48755, 35047, 6276, 43247, 9340, 21840, 21318, 58421, 22097, 64663, 32746,
    15651, 8642, 39311, 36713, 4517, 39321, 34404, 48711, 44476, 19103, 6482, 5938,
    9512, 50413, 48898, 33070, 54781, 41015, 17085, 15705, 50254, 10686, 39671, 13965,
    7385, 7389, 15893, 55283, 2339, 44895, 33244, 45876, 15547, 32793, 23659, 13116,
    37930, 49660, 2799, 64553, 18205, 35908, 43578, 27096, 2899, 3543, 53464, 23975,
    22870, 36688, 26669, 6270, 31732, 4469, 10919, 23791, 51867, 30784, 34296, 25855,
    8098, 33588, 32366, 62340, 61520, 31100, 34054, 55902, 41532, 42029, 46214, 16463,
    50597, 19226, 21808, 42102, 17530, 11796, 59371, 14874, 53021, 42213, 57685, 34643,
    24656, 12355, 53408, 4874, 49777, 60236, 54375, 12206, 40326, 17901, 62828, 35030,
    51833, 25701, 61940, 52143,
};
static const int32_t opr_sigma_cpub[1024] = {
    545, 3754, 1499, 2745, 3757, 2158, 1156, 3963, 3608, 4040, 2212, 884,
    3570, 715, 3380, 2993, 2041, 1910, 1876, 126, 1010, 1530, 1434, 1836,
    3556, 1552, 1493, 1813, 820, 2484, 2097, 3259, 765, 1219, 2092, 811,
    936, 2895, 1951, 1936, 3492, 521, 1148, 2068, 1445, 885, 1595, 2017,
    3560, 561, 929, 2859, 3907, 3276, 3815, 309, 1751, 805, 3130, 1149,
    2492, 3643, 1236, 3555, 4005, 212, 1076, 3473, 414, 192, 3707, 3067,
    2352, 581, 2916, 1541, 96, 104, 2953, 3621, 3435, 565, 2235, 2845,
    1121, 4038, 247, 3580, 2415, 3582, 3832, 3480, 388, 321, 1106, 1233,
    2836, 810, 983, 1883, 1985, 1863, 2716, 3179, 952, 3085, 1076, 1336,
    3925, 3913, 1897, 124, 203, 2111, 1553, 2218, 3845, 1135, 510, 3440,
    537, 2670, 2924, 1286, 3968, 88, 2240, 2456, 3581, 3475, 835, 1211,
    2229, 2879, 2094, 3984, 1169, 972, 244, 1582, 3476, 1959, 634, 1161,
    1544, 2702, 3611, 389, 3353, 609, 3124, 2172, 880, 231, 1764, 1849,
    2663, 1789, 1316, 2466, 2630, 2846, 91, 3893, 2871, 1639, 2154, 3255,
    3971, 3740, 3111, 1745, 3879, 1366, 20, 1233, 2798, 3598, 2756, 3649,
    3719, 3497, 3169, 2498, 3804, 2593, 1559, 1060, 2603, 40, 2374, 2488,
    2289, 1671, 1531, 4081, 1507, 1786, 2500, 226, 1361, 1917, 4022, 97,
    2072, 2805, 1056, 600, 3255, 1455, 234, 2505, 1152, 3930, 3449, 2344,
    1967, 63, 1117, 1178, 1869, 3758, 3355, 360, 3373, 1953, 3606, 2935,
    2050, 931, 2303, 2767, 282, 1462, 1064, 3072, 1294, 251, 2166, 3168,
    33, 176, 3971, 690, 1562, 3685, 1614, 3049, 1008, 616, 2184, 1517,
    675, 2189, 2078, 1523, 2175, 4025, 470, 3008, 2496, 3052, 3349, 80,
    2190, 3549, 1946, 1710, 2568, 1596, 3914, 1894, 105, 2560, 2607, 1161,
    3457, 697, 2095, 452, 1299, 2200, 781, 2211, 2998, 2806, 1791, 1711,
    4092, 2856, 2283, 3295, 334, 3277, 2529, 1568, 693, 729, 1617, 1824,
    509, 3444, 3889, 1529, 1657, 1088, 904, 2831, 921, 3606, 3305, 603,
    1804, 1355, 2559, 1115, 1390, 3807, 2115, 2663, 161, 678, 3990, 1098,
    3844, 3417, 2201, 2636, 2035, 2205, 2072, 308, 3629, 480, 1006, 3960,
    1989, 2034, 176, 1638, 888, 1015, 3952, 2031, 4002, 1820, 476, 3347,
    2510, 255, 2162, 1614, 700, 3714, 1092, 3451, 362, 1849, 743, 995,
    2936, 306, 1658, 455, 2418, 2749, 3003, 735, 1287, 1516, 3908, 1497,
    1642, 2120, 139, 2504, 2523, 1821, 3702, 1912, 3321, 2769, 3062, 3208,
    2281, 1201, 2781, 4091, 2208, 553, 3139, 2652, 3814, 3495, 38, 816,
    1184, 1624, 2365, 3544, 1997, 3245, 1445, 3551, 4063, 89, 1608, 1020,
    924, 2256, 2832, 2536, 2613, 3873, 2682, 871, 2781, 2276, 3343, 3474,
    2911, 291, 2409, 1360, 1649, 444, 3217, 164, 1618, 3251, 1101, 146,
    1208, 1339, 3152, 2478, 4077, 2398, 618, 384, 2596, 674, 2709, 147,
    2903, 3980, 3623, 1988, 1893, 511, 148, 2722, 924, 2732, 3163, 2218,
    3400, 4076, 3332, 1339, 2692, 1650, 1318, 1678, 1185, 2809, 1956, 3311,
    1994, 3142, 1494, 1571, 929, 4081, 3406, 361, 3893, 2688, 434, 1044,
    2184, 361, 2867, 168, 3292, 836, 1828, 1716, 1939, 829, 212, 3989,
    642, 2126, 767, 249, 4044, 3895, 1515, 1243, 36, 1278, 1068, 1690,
    2221, 1672, 248, 1693, 3822, 1488, 2736, 3488, 3472, 319, 3287, 3262,
    274, 1526, 180, 2269, 3899, 2983, 3689, 2099, 3923, 2567, 3775, 1568,
    419, 1764, 1053, 2477, 2316, 1051, 891, 165, 1582, 1822, 917, 3201,
    408, 1347, 1271, 1913, 3708, 1708, 1548, 1648, 3144, 2796, 3963, 3942,
    2089, 3021, 508, 2124, 128, 3868, 2067, 2827, 1058, 2273, 3381, 1996,
    2356, 2305, 1981, 2546, 1184, 355, 3736, 290, 3638, 3161, 2184, 133,
    3793, 2340, 3736, 1352, 802, 182, 1700, 2242, 1429, 1877, 3547, 2696,
    91, 1724, 510, 2761, 3357, 2120, 2002, 1058, 1812, 3050, 1135, 154,
    850, 3036, 1920, 925, 3396, 2140, 275, 3829, 849, 598, 3073, 951,
    1273, 1477, 354, 302, 1391, 1521, 955, 2813, 3875, 3912, 3637, 2041,
    135, 3681, 231, 3061, 1525, 1365, 2051, 345, 244, 3264, 1023, 3664,
    563, 3348, 2906, 2763, 2174, 2946, 4021, 3480, 3549, 967, 1192, 1788,
    1085, 2676, 1338, 2243, 3896, 2876, 785, 216, 3139, 2210, 2486, 2518,
    498, 2061, 474, 974, 3926, 1522, 927, 1351, 1553, 2579, 2653, 1436,
    2099, 1789, 2095, 967, 1644, 2689, 350, 761, 2287, 1257, 2648, 1143,
    575, 1145, 2647, 1819, 2387, 2357, 3390, 1233, 1163, 2798, 866, 441,
    3301, 2663, 725, 691, 965, 1981, 3796, 771, 1750, 940, 2125, 997,
    3871, 2746, 2851, 692, 1034, 3890, 8, 217, 532, 3401, 1620, 1194,
    407, 210, 3816, 658, 2695, 2982, 3331, 509, 1416, 1894, 449, 180,
    4007, 530, 3830, 3684, 3046, 1703, 2358, 563, 2175, 2851, 3070, 3134,
    3129, 3550, 892, 705, 3770, 123, 305, 2034, 683, 590, 1928, 2827,
    1716, 2970, 3030, 2418, 3258, 850, 286, 3479, 32, 4038, 130, 57,
    3576, 815, 4015, 9, 3262, 2730, 1478, 1492, 1338, 1981, 2474, 3106,
    127, 2625, 631, 2545, 2184, 1950, 1047, 2100, 2860, 1666, 299, 3693,
    155, 2378, 2947, 1595, 3900, 3895, 1500, 3940, 3201, 439, 324, 1613,
    4032, 1754, 2808, 2720, 2007, 3626, 657, 3875, 1792, 3124, 281, 2917,
    2697, 3969, 4071, 3627, 2731, 1032, 66, 2981, 2115, 2390, 3642, 182,
    3035, 2467, 3436, 2843, 397, 1088, 94, 1265, 676, 1745, 3283, 1523,
    864, 884, 3485, 612, 3760, 1214, 439, 3011, 2005, 2260, 721, 1387,
    2604, 2492, 3864, 1389, 1809, 2323, 847, 386, 3451, 1139, 1343, 2731,
    1918, 3047, 1245, 1487, 3787, 101, 1802, 440, 1993, 1847, 2800, 1487,
    202, 3193, 2914, 3961, 2071, 950, 2533, 734, 1121, 1655, 319, 2783,
    1111, 206, 2435, 1643, 3666, 3088, 2707, 2879, 1431, 3275, 16, 1126,
    2590, 3988, 3738, 1501, 1948, 661, 225, 3530, 36, 94, 1505, 1600,
    821, 1483, 2241, 3610, 2441, 3826, 1671, 3450, 1003, 2756, 1229, 3050,
    2459, 2202, 644, 3133, 4043, 3650, 455, 1745, 3804, 1604, 3436, 3696,
    3615, 2512, 1242, 106, 459, 276, 1538, 850, 942, 114, 318, 2322,
    3191, 120, 2934, 4071, 3187, 1268, 1614, 2245, 2586, 1967, 3515, 1835,
    2010, 1307, 122, 1339, 3939, 1335, 383, 1651, 656, 3809, 2313, 1729,
    3761, 469, 601, 3683, 1654, 3887, 3494, 1064, 2502, 2503, 1949, 1206,
    3951, 2372, 1177, 40, 741, 3623, 349, 3001, 857, 3904, 3995, 1708,
    307, 3752, 979, 2840, 1441, 1300, 4051, 120, 1212, 1928, 3835, 489,
    115, 2663, 2507, 1839, 454, 1258, 3943, 4090, 1818, 1788, 21, 761,
    1220, 3645, 997, 3109,
};
static const int32_t opr_sigma_w[1024] = {
    -9172, -12333, 6810, 22693, 16372, -6671, 3211, -30080, 2879, -22197, -3875, -3127,
    -20139, -7801, 4633, 6948, -21416, -23272, 26701, -9021, 6469, 6482, -6725, 14528,
    -6415, 5852, -27056, 1957, -20867, 29508, 4217, -16330, 23152, -9419, -31380, -8577,
    -24074, 7827, 28161, -27340, 30486, -15974, 1780, 4204, -26366, -30445, 18696, 7561,
    23996, 29053, -7910, -30571, 8119, -4209, -4671, -9711, 19282, -27906, 25600, -8,
    -25134, -19613, -23418, 13607, 4465, -4511, -29338, 12715, 28974, -6238, 25595, 1086,
    18456, 14459, -31831, -25118, 9712, 6028, -12746, -24722, -13628, -19050, 22488, -7786,
    -29450, 30177, -5664, 27785, -27051, -24566, 15357, 22191, -20052, 25208, -31398, -9136,
    -5596, -15555, 17251, 13841, -10472, -5264, 6137, 17664, 130, 25884, -3877, -20570,
    -23141, 22340, -17277, 26816, 9999, 17351, -8037, 4725, -19777, 6705, -29228, -26347,
    14259, 19113, 12202, 11486, 29149, -3101, -32005, 29888, -32052, 30916, -11475, 8572,
    -7702, 9498, 17282, 2149, -30328, 12055, 24229, 27623, -3601, 5103, -2137, -14103,
    -25355, 18749, 1859, 18616, 14621, -27654, -22712, 10397, -12517, 24531, 25351, -23523,
    -12834, 22497, -17332, 31671, 18912, 21307, -5591, 11127, 27689, -23943, -17960, -18966,
    25502, -31830, -30380, 5542, -15494, -7377, 16780, -14811, -29105, 608, 11516, -31935,
    30253, 13667, 17510, -12597, 16018, 24736, -28, -25707, -28374, 2886, 29932, -20790,
    14979, 2911, -8190, 24566, 30655, 27243, 1505, -28875, 22724, 24930, -9245, -23778,
    -3106, 24851, 1032, 27111, 12761, -9131, -32078, -2094, 17825, -18789, -9007, 20106,
    -6192, 688, 16689, -32229, 5895, -17546, -3663, -28796, -26671, 2459, 19090, -9615,
    -19648, -1486, 8835, 28419, -25325, -14028, 18169, 31838, 16211, -5651, 21857, 10563,
    -27386, -32514, 20978, 23663, 12986, -20768, 5497, -8700, 11641, -12552, 24896, -323,
    -23889, 24921, -12605, -17581, -9484, 15825, 10989, -11942, 31739, -28382, 32524, 28142,
    -20859, 16914, -3129, -32110, 11466, -13913, 12306, 1090, 13359, 30631, -11303, 16038,
    -18238, 64, -13055, -23654, 32645, 20764, -23058, 10895, -2292, -5285, 5121, 3262,
    18734, 10420, -13412, 26467, -17853, 10076, 6792, -27748, -22905, -26159, 2553, -23666,
    9239, 17923, 4161, 11630, -19733, -18517, 486, -15294, -16044, -30957, -17077, -1959,
    -20051, 11232, 17772, -30291, 19399, 3278, 11306, 7936, -15903, 32033, -22970, -16721,
    -6321, -22056, -18559, -16114, 3509, -19047, 32103, 2710, -8874, 18173, 22423, 3954,
    13978, -7739, -10902, -20323, 9906, 1634, 6142, -2242, -15125, 21037, -30210, -22063,
    29294, -18992, 9539, 11015, 16394, 7657, 9833, 317, 8544, -17921, 3991, 8504,
    -30182, -27618, 13172, 23851, -2076, -19393, 221, 18257, 14820, 17335, -20180, -15138,
    -3956, 32412, -10745, -13413, -14674, 24761, 2305, -25536, 10097, -28056, 28066, 12054,
    3559, -21129, 17902, 20434, -11545, 20652, -31476, -13393, 7170, -15539, 3165, 7899,
    2042, -18876, 15140, -2863, -4037, 15107, 24172, 8149, 7176, -26919, -5092, 24508,
    -31394, 30726, 12040, 27379, 23990, -24251, -21539, -2919, 21740, -12852, -13350, -6437,
    13968, -28493, -18719, 9780, 16368, -29006, 5989, -9864, -16985, -18575, -30948, 27932,
    32431, 19429, 16791, -2466, -20978, -24876, 10563, -765, -1958, -82, -11405, -30694,
    29104, -13812, -18586, 23122, -31178, -19942, 1550, -11963, 5868, 1423, -13194, -13548,
    14496, 16973, 17793, -17627, -2213, 20246, 30616, 29264, -13241, -10764, 8010, -3853,
    24016, -21665, -19183, -7616, 10525, 8293, 25868, -12768, 2063, -18556, -17512, 3659,
    -22703, -5834, 15542, -18517, 21493, -14233, -8284, -1409, -2976, -5235, 5819, 20281,
    2091, -20102, -24090, 25791, -13626, 30843, -19322, -7548, -29923, -23932, -14978, -19122,
    22775, -6265, -10027, -8471, -13787, 26889, 14807, 22777, 28661, 17654, -18902, -19592,
    25443, -6856, -16633, 13290, -25858, 15749, 20374, -19609, -25518, -18126, -2512, 21569,
    28808, 26554, -4201, -7131, -20935, 32437, -20728, -2050, -10686, -21002, 2299, -204,
    32236, 4990, -16973, -6621, 22621, 28328, 32032, -8423, -9549, 12846, -31555, 14909,
    -370, 2297, 2889, 20357, -5380, -3841, -29215, 19776, 6232, -19999, 5985, 30204,
    13216, -8698, 642, -23440, 18255, -24279, -3423, 28813, -25442, 4377, 7735, -27800,
    20758, 31734, 12040, -4773, 18911, 27125, -25165, 9651, -23919, 2747, -18310, -32208,
    29748, 25769, 13281, -10994, -783, -29172, -32313, 3500, -17170, 14820, 18897, 18995,
    -13054, -8204, 15881, -29122, -1728, 6368, 6699, 21532, -19198, 29341, -20997, -25915,
    15078, 18893, -11414, -23226, -4235, 2768, 1025, -15209, -4837, -20116, -18595, 6936,
    5706, -3257, -26355, 505, 29197, 32266, 9452, -13759, -347, 8005, -24177, -14497,
    26627, 18492, 15153, -27766, -8888, 27948, 24139, -22244, -20679, -25399, 6251, -1811,
    -12479, 25840, -14515, 5676, 14422, 31458, -24326, 15039, -4842, 20702, 22170, -20413,
    -9763, -14226, 6182, -23206, -5838, 9608, -32526, -6533, -28439, -3058, -22281, 12821,
    22524, 24589, -30850, 29319, -27978, 18181, -6923, -1235, 25004, -18116, 6833, -28863,
    -13232, -1996, -23791, -26645, -4853, -17674, -1657, -30538, 29646, -1057, -19489, -20570,
    -19301, 10175, -1814, -5660, -6792, 1206, 9069, 31157, -31152, 1124, -4570, 707,
    -29222, 4319, 1482, 15386, -27944, -18761, 1141, 7956, 4992, 1970, -28460, -18163,
    -31065, 23798, -9481, -3709, 1635, -30165, -14072, -27796, -26324, -32694, -13655, 29790,
    -11918, -11751, -7076, 16278, 29110, -29341, 4994, 4571, -8809, -5994, 2111, 9298,
    -19356, -28149, 18055, -269, -32726, 24392, 10649, -24484, -3271, 21790, 4850, 18751,
    -12813, 13672, 29282, 27696, -2086, 892, 21896, -22485, 29671, -29234, 23076, -23844,
    -10560, -31647, 15544, -15197, -10290, -9455, 7609, 21905, -2055, 16855, 7592, 2013,
    14411, 15110, 23562, 9272, 9765, -1761, -11284, 1307, 1295, 15200, -19224, -13860,
    10215, 5325, 4294, 25865, 29773, 14863, 6830, -32100, -29441, 13923, -3152, 9467,
    17045, -21699, -30647, 8313, -275, 21886, -26021, -12312, -18462, -10753, -29719, 26456,
    32079, -25419, 13388, -16723, -9075, 16106, 7430, 31871, 24798, -20635, -31710, 27977,
    13963, 20924, 24980, -166, 29337, 20065, 22587, -27863, 7843, -17221, -6858, -31394,
    20131, -23644, 23650, 2044, 22430, -15626, -17448, -547, -1468, -20038, -20916, 1299,
    -951, 19027, -5520, -17766, 6055, 30403, 18746, -22258, 16820, -20580, 2763, -9628,
    -11661, -12729, 6780, 21144, 30075, 15590, 18985, -29568, -19750, -29379, 21490, 26102,
    3558, 17799, -30956, -29677, -15029, 18114, 26273, 2903, 21689, 21074, 18163, 22953,
    26896, 10871, -9393, -30764, -9441, -6634, 12222, -4466, 27277, 9584, 29837, -19652,
    -293, -5368, 23101, -4099, -15654, 1891, 23711, 4264, 7894, 18889, -5789, 20530,
    12229, -14419, -13291, 17917, -29188, 7168, 9378, 15898, -18752, -25182, 21204, 22958,
    18376, -28829, -7258, -23800, -23139, 28289, 6244, 2280, -18305, 10464, 8091, 15334,
    29069, 21813, 23014, 28255, 22157, -32645, 1098, -6560, 25560, -19397, 5118, 15204,
    -7248, 14673, 8918, 30023, -15462, 14304, 8080, 4757, -26177, -32031, -15504, 10551,
    24430, -19948, 14168, -28264, 15164, -2148, 31425, -16377, 20859, 185, 21083, -28636,
    29227, 28534, -5655, 20956, -17544, 23044, 25605, -12353, 31248, -12858, -8875, -17215,
    -9968, 2095, 30433, 14415, 1837, 30375, -29596, 3995, -29890, -6029, -10075, -9543,
    11313, 26907, 2706, 5434, 5711, 28521, -19932, 12001, 31281, 28564, -17351, -9731,
    3162, -30116, -28106, -9528, -29292, 26784, 23934, -14978, -14567, -852, -26718, -4352,
    -20341, 25822, 12252, -13566,
};
static const int32_t opr_sigma_c[1024] = {
    0, 0, 0, 0, 0, 0, 0, 0, 0, 0, 0, 0,
    0, 0, 0, 0, 0, 0, 0, 0, 0, 0, 0, 0,
    0, 0, 0, 0, 0, 0, 1, 0, 0, 0, 0, 0,
    0, 0, 0, 0, 0, 0, 0, 0, 0, 0, 0, 0,
    0, 0, 0, 0, 0, 0, 0, 0, 0, 0, 0, 0,
    0, 0, 0, 0, 0, 0, 0, 0, 0, 0, 0, 0,
    0, 0, 0, 0, 0, 0, 0, 0, 0, 0, 0, 0,
    0, 0, 0, 0, 0, 0, 0, 1, 0, 0, 0, 0,
    0, 0, 0, 0, 0, 0, 0, 0, 0, 0, 0, 0,
    0, 0, 0, 0, 0, 0, 0, 0, 0, 0, 0, 0,
    0, 0, 0, 0, 0, 0, 0, 0, 0, 0, 0, 0,
    0, 0, 0, 0, 0, 0, 0, 0, 0, 0, 0, 0,
    0, 0, 0, 0, 0, 0, 0, 0, 0, 0, 0, 0,
    0, 0, 0, 0, 0, 0, 0, 0, 0, 0, 0, 0,
    0, 0, 0, 0, 0, 0, 0, 0, 0, 0, 0, 0,
    65536, 0, 0, 0, 0, 0, 0, 0, 0, 0, 0, 0,
    0, 0, 0, 0, 0, 0, 0, 0, 0, 0, 0, 0,
    0, 0, 0, 0, 0, 0, 0, 0, 0, 0, 0, 0,
    0, 0, 0, 0, 0, 0, 0, 0, 0, 0, 0, 0,
    0, 0, 0, 0, 0, 0, 0, 0, 0, 0, 0, 0,
    0, 0, 0, 0, 0, 0, 0, 0, 0, 0, 0, 0,
    0, 0, 0, 0, 0, 0, 0, 0, 0, 0, 0, 0,
    0, 0, 0, 0, 0, 0, 0, 0, 0, 0, 0, 0,
    0, 0, 0, 0, 0, 0, 65536, 0, 0, 0, 0, 0,
    0, 0, 0, 0, 0, 0, 0, 0, 0, 0, 0, 0,
    0, 65536, 0, 0, 0, 0, 0, 0, 0, 0, 0, 0,
    0, 0, 0, 0, 0, 0, 0, 0, 0, 0, 0, 0,
    0, 0, 0, 0, 0, 0, 0, 0, 0, 0, 0, 0,
    0, 0, 0, 0, 0, 0, 0, 0, 0, 0, 0, 0,
    0, 0, 0, 0, 0, 0, 0, 0, 0, 0, 0, 1,
    0, 0, 0, 0, 0, 0, 0, 0, 0, 0, 0, 0,
    0, 0, 0, 0, 0, 0, 0, 0, 0, 0, 0, 0,
    0, 0, 0, 0, 0, 0, 0, 0, 0, 0, 0, 0,
    0, 0, 0, 0, 0, 0, 0, 0, 0, 0, 0, 0,
    0, 0, 0, 0, 0, 0, 0, 0, 0, 0, 0, 0,
    0, 0, 0, 0, 0, 0, 0, 0, 0, 0, 0, 0,
    0, 0, 0, 0, 0, 0, 0, 0, 0, 0, 0, 0,
    0, 0, 0, 0, 0, 0, 0, 0, 0, 0, 0, 0,
    0, 0, 0, 0, 0, 0, 0, 0, 0, 0, 0, 0,
    0, 0, 0, 0, 0, 0, 0, 0, 0, 0, 0, 0,
    0, 0, 0, 0, 0, 0, 0, 0, 1, 0, 0, 0,
    0, 0, 0, 0, 0, 0, 0, 0, 0, 0, 0, 0,
    0, 0, 0, 0, 0, 0, 0, 0, 0, 0, 0, 0,
    0, 0, 0, 0, 0, 0, 0, 0, 65536, 0, 0, 0,
    0, 0, 0, 0, 0, 0, 0, 0, 0, 0, 0, 0,
    0, 0, 0, 0, 0, 0, 0, 0, 0, 0, 0, 0,
    0, 0, 0, 0, 0, 0, 0, 0, 0, 0, 0, 0,
    0, 0, 0, 0, 0, 0, 0, 0, 0, 0, 0, 0,
    0, 0, 0, 0, 0, 0, 0, 0, 0, 0, 0, 0,
    0, 0, 0, 0, 0, 0, 0, 0, 0, 0, 0, 0,
    0, 0, 0, 0, 0, 0, 0, 0, 0, 0, 0, 0,
    0, 0, 0, 0, 0, 0, 1, 0, 0, 0, 0, 0,
    0, 0, 0, 0, 0, 0, 0, 0, 0, 0, 0, 0,
    0, 0, 0, 0, 0, 0, 0, 0, 0, 0, 0, 0,
    0, 0, 0, 0, 0, 0, 0, 0, 0, 0, 0, 0,
    0, 0, 0, 0, 0, 0, 0, 0, 0, 0, 0, 0,
    0, 0, 0, 0, 0, 0, 0, 0, 0, 0, 0, 0,
    0, 0, 0, 0, 0, 0, 0, 0, 0, 0, 0, 0,
    0, 0, 0, 0, 0, 0, 0, 0, 0, 0, 65536, 0,
    0, 0, 0, 0, 0, 0, 0, 0, 0, 0, 0, 0,
    0, 0, 0, 0, 0, 0, 0, 0, 0, 0, 0, 0,
    0, 0, 0, 0, 0, 0, 0, 0, 0, 0, 0, 0,
    0, 0, 0, 0, 0, 0, 0, 0, 0, 0, 0, 0,
    0, 0, 0, 0, 0, 0, 0, 0, 0, 0, 0, 0,
    0, 0, 0, 0, 0, 0, 0, 0, 0, 0, 0, 0,
    0, 0, 0, 0, 0, 0, 0, 0, 0, 0, 0, 1,
    0, 0, 0, 0, 0, 0, 0, 0, 0, 0, 0, 0,
    0, 0, 0, 0, 0, 0, 0, 0, 0, 0, 0, 0,
    0, 0, 0, 0, 0, 0, 0, 0, 0, 0, 0, 0,
    0, 0, 0, 0, 0, 0, 0, 0, 0, 0, 1, 0,
    0, 0, 0, 0, 0, 0, 0, 0, 0, 0, 0, 0,
    0, 0, 0, 0, 0, 0, 0, 0, 0, 0, 0, 0,
    0, 0, 0, 0, 0, 0, 0, 0, 0, 0, 0, 0,
    0, 0, 0, 0, 0, 0, 0, 0, 0, 0, 0, 0,
    0, 0, 0, 0, 0, 0, 0, 0, 0, 0, 0, 0,
    0, 0, 0, 0, 0, 0, 0, 0, 0, 0, 0, 0,
    0, 0, 0, 0, 0, 0, 0, 0, 0, 0, 0, 0,
    0, 0, 0, 0, 0, 0, 0, 0, 0, 0, 0, 0,
    0, 0, 0, 0, 0, 0, 0, 0, 0, 0, 0, 0,
    0, 0, 0, 0, 0, 0, 0, 0, 0, 0, 0, 0,
    0, 0, 0, 0, 0, 0, 0, 0, 0, 0, 0, 0,
    0, 0, 0, 0, 0, 65536, 0, 0, 0, 0, 0, 0,
    0, 0, 0, 0, 0, 0, 0, 0, 0, 0, 65536, 0,
    0, 0, 0, 1, 1, 0, 0, 0, 0, 0, 0, 0,
    0, 0, 0, 0, 0, 0, 0, 0, 0, 0, 0, 0,
    0, 0, 0, 0,
};
static const int32_t opr_sigma_z[1024] = {
    -4080, 1291, 5445, 3789, 1171, 5385, 7635, 716, -1716, -3139, -4096, 5409,
    1335, 7079, 4572, -2033, 5858, 179, -6265, -4605, 7336, -1110, -2394, 6065,
    2886, -4172, -8098, -1166, -111, -851, 5298, 6098, 6608, 7762, -1776, -2257,
    1766, 4049, 346, -1784, -1458, 2461, 7547, 1777, -662, 883, 5256, -7694,
    4974, 7562, -2326, 4224, -1039, 29, -4934, 7469, -737, 7686, -7824, 3026,
    2349, 7355, -6523, -2210, 931, 1561, 3206, -624, -3571, 3587, 5792, 931,
    -7095, -734, -4894, 331, -5539, 6038, -6892, -1054, 2882, -6827, -3337, -7161,
    7674, -4299, 7755, 1398, 5028, 1035, -7707, 7684, -4443, -528, 1329, -2971,
    5133, 2040, -4726, -1888, -152, 1905, 1167, -7454, -8125, -7655, -173, 4061,
    -2850, 2363, 6634, 5394, 1551, 4014, 5963, 5972, -4764, 1078, 1330, 6398,
    2279, -1983, 2067, 3551, 2728, -3326, -7069, -5997, -2786, 3709, 7785, -3302,
    -1099, -6747, 742, 2440, -5450, 3228, 4411, -7072, 7931, 7129, 759, -216,
    -4406, -7179, 1694, -960, 1545, 5884, -3294, -4640, 2620, -2390, -4798, -1126,
    -5059, -8138, 704, 6891, -1137, -3272, 5760, 3541, -3378, -3828, -6240, -905,
    7098, 3345, 1819, -1347, -1015, 5130, 3874, 5675, 4072, 2683, 4732, -1333,
    -7987, 6769, 3313, 4063, 688, 7671, 7814, 4516, -6245, -1606, 6497, 2526,
    -5541, -4537, -6347, -1049, 6840, 2651, 2844, 4679, 3368, 4512, 955, 5949,
    -3524, -54, -7631, 5790, 3162, 4060, 3988, 2389, 5727, -1703, 739, 2462,
    2646, 6470, -471, -3770, -481, -3065, -2854, 8149, -5362, -156, 8054, 6192,
    7460, 5211, 1357, 8117, -5344, 1628, 2398, 1895, -8166, -6874, 3265, -2677,
    5544, -5904, 2716, -1753, 3055, -3823, 7947, -713, 1994, 1963, 7828, 7963,
    6650, -188, 6820, 4478, -5884, 1337, -2697, -6138, 4110, 5278, -1271, 8029,
    -3210, 903, -6736, 6244, 7578, -360, 2715, -2941, -5559, -6320, -6710, -2312,
    -6473, -6680, -3725, -1626, -6566, 5661, -5217, 6579, 7052, 746, -3098, 6584,
    6968, 2998, -3077, 3978, -551, -5526, -2477, -979, -2944, -7769, 4441, -4296,
    2895, 7161, 148, -5507, -5018, -6780, 1527, 3161, -3995, 5952, -714, 6384,
    1338, -7964, -7160, -1344, 6735, 2107, -6557, 2308, 1231, -5241, -2618, -7086,
    1097, -1056, 7932, 6648, 162, -5462, 2262, -6114, 3846, -1983, 1928, 3197,
    -321, 5467, 6402, 5413, -948, -6826, 7692, -3111, -705, -5941, 5250, 34,
    -89, 4211, 6897, -8089, -4229, -5999, 5773, 6949, -146, -3020, -1821, -7619,
    7570, -2401, 7546, 1664, 1893, 4162, -8120, -4286, -4404, 300, 7536, 2713,
    -4787, -2220, 701, -2409, -5851, 2885, -7731, 2096, -303, 5168, -789, 3539,
    -4933, 5947, -7285, -4772, 7402, 6691, -3175, -2600, 3010, 4961, 2357, 5007,
    6321, -6493, -7826, -7988, 5121, 6495, -4478, 3425, 3197, 7996, 6882, 6320,
    -5312, 5300, 5870, 6939, -3105, 2050, -6688, 3895, -5541, 4068, 4060, 284,
    -1189, 6720, -4568, 2518, 744, 3540, 7893, -5735, -2664, 2018, -5171, 7993,
    1737, -2716, -3370, -3526, 1367, 4094, -697, -429, 6724, -7082, 5848, 5903,
    -4229, -6125, -1582, -1399, -4741, -925, 1442, -2660, 0, -5059, 4378, -1510,
    5766, 1114, 2221, 950, -3673, -3924, -7923, -1878, 7294, -3064, 3156, -1495,
    -4793, -4786, -474, -57, -1246, -3307, 4276, -5932, 4172, 3171, -3305, -2455,
    -3558, -4033, 7492, -6415, 4922, -7498, 1601, 6391, 7631, -1924, 3342, -7449,
    3021, -7443, -4496, 6423, -3590, 3199, -2329, 7810, -416, -973, -120, 6370,
    4301, 3477, -4313, -3038, -5638, -2346, 1714, -7144, 7394, -5415, -7890, 6948,
    -5018, 4823, -2061, 2441, 2142, 2198, 4354, -7632, -267, -6631, 3942, 7993,
    -5294, 3439, -1955, 5631, -980, -6299, -3722, 798, -2498, -4175, 7869, -4382,
    2494, -7648, -5747, -3187, -7772, -1109, -3841, -5503, -5013, 3559, -1631, -5218,
    2560, -7165, 3835, 860, -5884, 4380, 1459, 6754, -5304, -8056, 5741, -6382,
    7921, -4366, 3081, 2617, -6316, -2818, -7411, -6777, -958, 383, 1951, -2917,
    7016, 933, -3487, -7691, 7004, -3478, 5112, -4133, -2100, -5850, 7155, 840,
    -7979, 7015, 4487, -306, -2607, 2423, -69, -7723, -694, 1871, 1577, -5014,
    -4760, -8173, 1378, -6062, 5622, -4625, 7490, 5685, 7434, 2952, -241, 4874,
    5192, 2178, 2514, 321, 6800, 3427, 4052, -4153, -2759, 2849, 2172, -1972,
    -4324, 5923, -7334, -3927, 2526, 6821, -6016, 7276, -6600, 234, 7223, -5060,
    -4450, 1944, -6263, -4885, 5662, -5896, 5879, -6614, 1994, -1385, 7234, 4253,
    3705, 2331, -1429, -4235, -3415, 2244, 6094, 1589, -2024, -6643, -805, 7308,
    7498, 2492, 7770, 695, 3646, -4083, 6204, -6461, -3853, 7052, -1158, -5595,
    -2195, 1345, 4265, -5353, -8096, 4799, -3007, -6716, -4900, -898, 3681, 44,
    500, 1260, -4673, -68, -6914, 2557, -3124, -2740, 6054, 823, 2649, -5599,
    7680, -3388, -2760, -6135, -4210, 5417, 3007, -5164, -4548, 7839, 6298, 1583,
    6584, -8021, -1129, 6795, 4742, -5688, 5909, -8071, -2018, 5399, 3203, -6098,
    -8142, -2417, 5192, 5873, -7717, 1620, -2572, -2106, -3965, 2631, -3823, -7024,
    -408, 1695, 6604, 6380, -6029, -5850, 787, 5299, 471, -4472, 5334, 5965,
    -5934, -4179, -797, -4546, 3565, 4223, -3722, 7239, 6158, -7840, -5183, 746,
    4255, -4896, -2207, -1496, -3041, -5989, -6071, -4313, 91, 6352, 1453, -5007,
    -4077, -3690, 4325, 2286, 7600, 3455, -7394, -5750, -5350, 3845, -2093, 1870,
    -3775, -1095, 1119, -1584, 3439, 6848, -4918, 7343, -563, 6107, 3517, 5354,
    -849, -7837, -7264, -4164, -7699, -7977, 3242, 1186, -2432, -2850, -6919, -5055,
    4939, 2827, 695, 7088, -373, -1378, 5231, -1066, -4947, -4090, -4241, -5846,
    2777, 3238, 5953, -5710, 2569, -7411, 530, 3327, -470, -4335, -6836, 266,
    -6241, -2676, 6003, 2449, 4711, -2681, -5446, 1181, 851, -8043, -6865, 6168,
    -165, -8067, 1145, -6753, 5446, -3326, 857, -7677, -1382, 7646, -6354, 7906,
    -2663, -2065, -6065, -7160, 4405, 1060, 2796, 5765, 7285, 1351, 6600, -6486,
    -1566, -974, -1664, -1836, -8121, -6710, 1937, -6819, 5464, -4559, -4915, -6698,
    6744, -5618, -4555, -2705, -7547, 3038, 2077, 1902, -4067, -1625, -2169, 7447,
    4194, 5437, -1108, 2913, -3023, 6147, -760, 3814, 186, -4308, -4951, -6106,
    3366, 3539, 3834, 408, 7076, 6055, 2378, -3621, -6478, 4711, -194, -1720,
    7760, -2965, -7653, -1436, 2666, 1229, -1572, -6252, -3950, -6410, 4440, -6535,
    -5977, -1798, -359, -2689, -4451, -2787, 6805, 5706, -2995, 577, 171, -4386,
    -6644, 6191, -4360, -5704, -4558, -3954, 4660, -6102, -3150, 6764, 5128, 1954,
    4141, 7142, 5610, -5585, -4116, 6744, 6040, -3150, 7769, -2374, 7142, -898,
    423, 7307, -7485, 2733, -4704, 1257, -5985, 7868, -4337, -1218, 2569, -5714,
    4076, -2695, -7873, -7210, -6927, 4293, 7143, 5257, 1748, -4742, 1225, 7092,
    -8046, -2569, 7490, -2686, 6138, -1765, -4224, 1359, 8063, 6876, -3937, 7935,
    2912, -8027, -3196, -2516, 4756, -7936, 3178, -2675, -4750, -100, 6469, -4718,
    4104, 4420, -7987, -544, 6893, -1775, 4057, 799, 6126, 2183, -1821, 739,
    3276, -6905, 4384, -3610,
};

/* HCRED-KKW proving: M roots of 32 bytes, one per emulation, and
 * nothing else -- so OPR_KKW_CONSUMED is exact where the sigma
 * row's is null.  n is 256 because HCRED_N is a compile-time
 * constant here and in Java, not a choice (TODO #303).
 */
#define OPR_KKW_CONSUMED 128
#define OPR_KKW_N       256
#define OPR_KKW_N_PAR   4
#define OPR_KKW_M       4
#define OPR_KKW_TAU     2
#define OPR_KKW_I       2688
#define OPR_KKW_G       2944
#define OPR_KKW_MAXPATH 2
#define OPR_KKW_W       66

static const int32_t opr_kkw_m_poly[256] = {
    2546, 50265, 23321, 39987, 62164, 59513, 18467, 58637, 49369, 6343, 45208, 21581,
    18675, 50290, 1128, 25039, 6579, 20971, 48377, 31776, 17198, 60103, 45291, 57147,
    29834, 38405, 11116, 18291, 7712, 17645, 7376, 51171, 41286, 3533, 62972, 8789,
    56460, 48125, 35683, 26845, 33398, 52186, 33717, 45405, 44024, 43609, 29192, 64584,
    16367, 58216, 58369, 47023, 14425, 31484, 54037, 47279, 1864, 9627, 43488, 15137,
    2769, 46210, 24880, 61886, 61965, 33883, 10351, 27481, 21353, 38947, 52773, 50152,
    32311, 2623, 18059, 47295, 528, 63929, 65273, 27794, 38624, 44417, 24529, 15065,
    45685, 11319, 50053, 9793, 24694, 29425, 13022, 18220, 58352, 64074, 18895, 16911,
    62816, 17554, 44450, 49412, 32598, 6253, 58368, 38379, 64543, 28434, 37522, 47839,
    30937, 9762, 20679, 8363, 16917, 44836, 26611, 44709, 61233, 63952, 32613, 56443,
    53499, 61061, 57267, 58528, 40031, 12920, 49480, 7656, 53702, 29060, 9841, 55089,
    24375, 9263, 1535, 46478, 61257, 23371, 5811, 9873, 29394, 12792, 31131, 49730,
    4599, 3839, 59397, 31911, 21610, 12519, 32022, 33465, 14233, 57162, 31273, 7463,
    46521, 43191, 55876, 57779, 17857, 63930, 34062, 45203, 7797, 13484, 49151, 54616,
    59691, 15562, 20221, 35936, 40948, 24652, 59871, 27044, 54649, 2268, 6451, 154,
    53274, 23732, 42825, 32404, 7458, 38222, 13906, 40075, 32726, 1741, 33732, 27792,
    37337, 34038, 14839, 55423, 49235, 63981, 63861, 64778, 5694, 37890, 22521, 47559,
    64716, 50756, 44012, 39617, 17583, 31389, 8723, 64692, 18940, 28651, 16690, 33784,
    33453, 36128, 11513, 59149, 42471, 39726, 58989, 59123, 42642, 56090, 11991, 32361,
    51656, 56022, 17409, 22360, 50160, 39200, 49046, 42736, 25110, 26729, 19568, 42867,
    13637, 16548, 30728, 35958, 56052, 12625, 39328, 32378, 41900, 20296, 57034, 48946,
    8244, 65031, 25722, 34812,
};
static const int32_t opr_kkw_c_poly[256] = {
    3990, 645, 520, 1684, 2895, 1450, 2681, 3251, 728, 980, 3253, 473,
    2711, 178, 3224, 3622, 2097, 3615, 2857, 3802, 1817, 598, 2346, 3052,
    2990, 3358, 2600, 228, 1955, 315, 457, 3943, 3026, 3939, 4069, 1306,
    1878, 974, 3227, 2889, 2668, 146, 1227, 78, 3194, 448, 1617, 3354,
    3894, 1202, 3713, 2949, 2389, 140, 517, 754, 2551, 2295, 1281, 2701,
    2791, 320, 85, 3617, 3869, 2866, 3813, 2842, 1787, 1135, 844, 1077,
    293, 2346, 794, 2273, 3216, 3123, 2556, 2333, 2123, 2012, 1881, 882,
    2921, 3748, 2602, 2591, 1395, 1633, 389, 3609, 286, 1118, 219, 4083,
    1163, 2467, 2686, 2732, 1232, 2407, 2998, 3053, 529, 4075, 3163, 1979,
    1845, 3958, 1358, 1316, 1174, 3907, 1881, 333, 2915, 2918, 809, 1769,
    3135, 2373, 3736, 2784, 3315, 1605, 789, 2262, 1341, 2357, 629, 3546,
    3740, 440, 2338, 582, 3741, 335, 933, 1746, 3211, 139, 1237, 1717,
    2771, 600, 1281, 2743, 138, 3072, 89, 311, 2979, 2141, 3891, 722,
    1511, 3253, 1431, 2635, 3342, 2233, 3782, 1113, 2543, 3534, 2701, 2608,
    1840, 4041, 3946, 263, 348, 153, 1031, 2686, 1962, 2488, 483, 591,
    508, 3399, 1149, 525, 3337, 3214, 2156, 1366, 1827, 4091, 3427, 2006,
    2167, 830, 1059, 3073, 795, 3910, 4080, 2097, 1038, 2694, 3464, 885,
    510, 1594, 2630, 1371, 3863, 3539, 2233, 762, 1555, 4047, 104, 3571,
    174, 2505, 1788, 3684, 325, 2617, 83, 443, 83, 783, 82, 927,
    397, 2080, 458, 3174, 125, 3146, 1851, 4048, 1908, 2655, 553, 3451,
    1289, 111, 2759, 743, 256, 3649, 1232, 3602, 4023, 2003, 938, 742,
    3358, 516, 47, 3192,
};
static const uint8_t opr_kkw_seed_H[32] = {
    0xb1, 0x6b, 0xbe, 0xe9, 0x16, 0x9d, 0x86, 0x65, 0x1e, 0x71, 0xdf, 0x75, 0x7b, 0x55, 0xae, 0xac,
    0x54, 0x99, 0x85, 0x54, 0x10, 0x22, 0xcb, 0xb6, 0x9c, 0x95, 0xea, 0x87, 0x95, 0x72, 0xc2, 0xf1,
};
/* NOTE: herradura.h's internal syndrome order (reverse of the big-endian
 * integer Python/Go use); pass straight to hcred_verify_kkw. */
static const uint8_t opr_kkw_syndrome[16] = {
    0xa8, 0xee, 0xdd, 0x0c, 0xe1, 0x28, 0x21, 0x72, 0xb8, 0xac, 0xd2, 0x82, 0xda, 0x76, 0x51, 0x25,
};
static const uint8_t opr_kkw_msg[45] = {
    0x48, 0x65, 0x72, 0x72, 0x61, 0x64, 0x75, 0x72, 0x61, 0x4b, 0x45, 0x78, 0x20, 0x4b, 0x4b, 0x57,
    0x20, 0x6f, 0x70, 0x65, 0x72, 0x61, 0x74, 0x69, 0x6f, 0x6e, 0x20, 0x72, 0x65, 0x70, 0x6c, 0x61,
    0x79, 0x20, 0x28, 0x54, 0x4f, 0x44, 0x4f, 0x20, 0x23, 0x33, 0x30, 0x33, 0x29,
};
#define OPR_KKW_MSG_LEN 45

static const int32_t opr_kkw_pre_e[2] = {
    0, 2,
};
static const uint8_t opr_kkw_pre_root[2][32] = {
    { 0x20, 0x18, 0xfc, 0xe2, 0x18, 0x7b, 0x09, 0x8e, 0x87, 0x32, 0xb1, 0x81, 0x13, 0x27, 0x26, 0x03, 0x73, 0xa3, 0xf7, 0x79, 0xf0, 0x04, 0x58, 0xe5, 0x56, 0xf4, 0x70, 0xa9, 0x8a, 0x4a, 0x0d, 0x4c, },
    { 0xbf, 0x72, 0x6c, 0x15, 0xb0, 0xc4, 0x84, 0xcf, 0x0f, 0x35, 0x63, 0xce, 0xb2, 0x62, 0x00, 0x32, 0x40, 0xff, 0xae, 0x38, 0x06, 0xf4, 0xdc, 0x4b, 0x10, 0x44, 0x38, 0x78, 0x0c, 0x9f, 0xc8, 0x0e, },
};

static const int32_t opr_kkw_online_e[2] = {
    1, 3,
};
static const int32_t opr_kkw_pbar[2] = {
    2, 3,
};
static const int32_t opr_kkw_u[2] = {
    2863, 1602,
};
static const int32_t opr_kkw_path_len[2] = {
    2, 2,
};
static const int32_t opr_kkw_has_aux[2] = {
    1, 0,
};

static const int32_t opr_kkw_path_l[2][OPR_KKW_MAXPATH] = {
    { 2, 1, },
    { 2, 1, },
};
static const int32_t opr_kkw_path_i[2][OPR_KKW_MAXPATH] = {
    { 3, 0, },
    { 2, 0, },
};
static const uint8_t opr_kkw_path_node[2][OPR_KKW_MAXPATH][32] = {
    {
        { 0x86, 0xbd, 0x4b, 0xe7, 0xa9, 0x6c, 0x17, 0x78, 0x82, 0x33, 0x9d, 0x7c, 0xe7, 0x51, 0xfe, 0x94, 0x6e, 0x18, 0x60, 0x86, 0xea, 0xa8, 0x8e, 0x14, 0xbd, 0x08, 0xf1, 0xcb, 0x94, 0x17, 0xbd, 0xa2, },
        { 0x98, 0x79, 0x8d, 0xca, 0x7b, 0xe1, 0xf9, 0x89, 0x19, 0xf8, 0x48, 0x5c, 0x2f, 0xe5, 0x6e, 0x1e, 0x28, 0x40, 0x5f, 0xe2, 0xf2, 0x83, 0x50, 0x96, 0x27, 0x97, 0x10, 0x10, 0x0f, 0xc6, 0x85, 0x39, },
    },
    {
        { 0xad, 0x18, 0xf4, 0xef, 0x4b, 0x56, 0x06, 0x2f, 0xd2, 0xf7, 0xdb, 0x50, 0x4a, 0x77, 0x98, 0xdd, 0xe8, 0xc0, 0x6f, 0x28, 0x19, 0x62, 0x01, 0x73, 0xd0, 0xef, 0x4d, 0xbf, 0xa8, 0x56, 0xa7, 0x75, },
        { 0xe6, 0x8a, 0x71, 0xbd, 0x0d, 0x71, 0x67, 0xbc, 0x4a, 0xa6, 0x3c, 0x50, 0xc3, 0xde, 0xd7, 0xe5, 0x1d, 0xb3, 0x2a, 0x5f, 0xcd, 0x74, 0xa5, 0x57, 0x8a, 0xe9, 0xbf, 0xc6, 0x46, 0x7a, 0x0e, 0xc1, },
    },
};

static const uint8_t opr_kkw_com_h[2][32] = {
    { 0x5c, 0xbe, 0xc1, 0xfc, 0xcd, 0x36, 0xa8, 0x64, 0x32, 0xee, 0xc5, 0xce, 0xee, 0x4b, 0x0f, 0x15, 0x26, 0xd2, 0x60, 0xff, 0xd7, 0xc6, 0xe4, 0x38, 0x5e, 0x61, 0x05, 0xe5, 0x5c, 0x10, 0x87, 0x65, },
    { 0xcc, 0xce, 0x69, 0x5c, 0x29, 0xbc, 0x71, 0x08, 0x88, 0xc3, 0xfa, 0x39, 0x66, 0x96, 0x86, 0xbe, 0x3a, 0xc2, 0xf1, 0x37, 0xee, 0xd4, 0x7b, 0x96, 0x52, 0xe8, 0x9d, 0x01, 0x6f, 0xa3, 0x92, 0x6b, },
};

static const int32_t opr_kkw_zin[2][2688] = {
    {
        161, 3498, 51415, 32914, 65253, 26191, 62951, 24766, 39477, 63379, 46852, 61139,
        19390, 20979, 11331, 40313, 36185, 59756, 62130, 29321, 6519, 56968, 9811, 56189,
        33118, 56393, 35335, 43666, 53484, 31427, 9461, 43764, 31305, 17781, 12119, 49818,
        23602, 43715, 38651, 56557, 56562, 47349, 13044, 24712, 29292, 15413, 45382, 44335,
        64658, 64350, 63568, 35257, 13515, 55004, 261, 27949, 55656, 4381, 58947, 38039,
        11881, 32137, 36229, 1978, 5756, 48639, 25473, 65485, 48358, 59553, 7938, 17547,
        2374, 63051, 32817, 37661, 60410, 50053, 54629, 1092, 3173, 46710, 25866, 26701,
        46477, 19370, 44127, 39210, 14614, 1985, 44075, 50497, 20991, 30017, 28631, 51817,
        39574, 52623, 57931, 19902, 49290, 4607, 57923, 23085, 30823, 60426, 50788, 4398,
        29418, 56111, 4060, 62981, 19723, 20511, 11814, 13783, 25338, 57384, 23568, 11293,
        21908, 882, 33725, 33618, 33647, 41557, 64428, 28192, 56543, 9241, 30691, 43729,
        2685, 53459, 20367, 4520, 14395, 58707, 12966, 35803, 3518, 27727, 12567, 20012,
        63427, 8353, 14457, 9080, 10917, 38647, 35990, 43124, 54760, 35663, 57176, 54886,
        4737, 8227, 65156, 22205, 61572, 26209, 39026, 42075, 18086, 39280, 28908, 29440,
        29212, 31508, 53956, 57651, 40986, 61980, 4981, 63759, 49703, 19570, 58037, 52651,
        36583, 62955, 31474, 8698, 45153, 38382, 41036, 17424, 14345, 16679, 17940, 14243,
        61274, 63825, 46349, 24756, 3530, 37469, 63542, 57635, 1384, 22629, 39916, 55912,
        36222, 334, 20891, 20439, 22164, 30820, 38476, 20335, 11041, 64328, 47229, 9042,
        45820, 58054, 25937, 737, 55696, 2362, 54471, 64714, 39818, 34719, 16733, 11861,
        2957, 24893, 57504, 29389, 47236, 12397, 3991, 27218, 39392, 39620, 51390, 33912,
        26735, 35541, 56010, 16464, 60446, 22536, 47096, 63478, 7744, 64613, 29407, 12302,
        34162, 40177, 37216, 35325, 23779, 21019, 49004, 50991, 37735, 15324, 5809, 40010,
        38078, 54402, 5874, 56390, 29195, 11083, 15674, 4687, 37398, 12454, 23635, 44749,
        12815, 1068, 37161, 9669, 34922, 32927, 58421, 16029, 54009, 10099, 61703, 19990,
        55536, 51445, 36133, 1405, 35928, 2194, 36304, 19680, 36174, 41024, 3209, 58242,
        17811, 35479, 30087, 47662, 19132, 64900, 47829, 11553, 19611, 55256, 53312, 51781,
        46700, 44163, 30304, 37930, 47404, 40698, 39332, 36371, 31424, 62177, 9407, 22013,
        37219, 54365, 63309, 36137, 29524, 36729, 5337, 14654, 36631, 53027, 45036, 64265,
        26242, 21166, 26489, 26777, 47328, 46522, 58079, 15843, 44391, 56041, 55581, 43279,
        31013, 29292, 59410, 60531, 9216, 25238, 32362, 8700, 61840, 11094, 17783, 34238,
        49756, 48656, 7288, 52576, 48765, 5223, 41913, 33545, 15340, 33892, 11246, 54864,
        10825, 30983, 43444, 14972, 60519, 4022, 442, 13505, 18600, 9970, 20806, 40146,
        12514, 23478, 22213, 31938, 23213, 20830, 30218, 65248, 17141, 19476, 27176, 35330,
        55648, 47390, 44183, 53685, 57616, 1344, 64403, 8483, 36766, 22635, 42653, 58291,
        26487, 16815, 22499, 18975, 43391, 24923, 11071, 64646, 48360, 42658, 25124, 11804,
        10752, 64269, 61173, 42690, 5449, 59682, 46440, 37548, 11983, 23094, 61363, 38470,
        31956, 44406, 8844, 39324, 40013, 40360, 34060, 26125, 20420, 51354, 55568, 38783,
        13426, 64666, 34999, 48535, 47205, 61587, 28677, 61460, 16620, 35173, 33857, 21810,
        15028, 42666, 2813, 20186, 4496, 34065, 18476, 35525, 11273, 4353, 12201, 30870,
        54610, 42076, 6411, 60155, 54294, 11779, 42234, 49492, 47044, 61371, 63825, 58717,
        25924, 43975, 58470, 27854, 7276, 59610, 55569, 20798, 48343, 17358, 46932, 22259,
        11565, 26149, 55133, 20819, 55869, 38405, 35205, 60245, 25902, 50486, 13476, 52668,
        48629, 21244, 62817, 21986, 49212, 36545, 29286, 28607, 52569, 18055, 42971, 31284,
        42391, 55735, 39825, 12672, 25380, 4112, 43173, 64215, 43489, 44380, 52376, 43694,
        64116, 13431, 4071, 46597, 23106, 45744, 4380, 45675, 6541, 26212, 19026, 32453,
        25879, 51783, 26209, 13416, 11410, 20646, 18081, 36978, 4873, 48764, 35101, 33072,
        9547, 55836, 19601, 3720, 6861, 19653, 47661, 48710, 59386, 52353, 48717, 28475,
        9927, 56787, 19805, 58878, 41282, 22473, 16471, 18928, 11889, 41992, 17196, 53884,
        40823, 11233, 3992, 40806, 55661, 64426, 41940, 28641, 33897, 1620, 6715, 56677,
        51102, 38580, 21519, 52884, 814, 48804, 11146, 27580, 15586, 39822, 6584, 65113,
        12666, 32887, 6473, 216, 32636, 44916, 320, 56299, 50437, 56919, 24043, 54249,
        3554, 33349, 7893, 26525, 5182, 27548, 26965, 3117, 21111, 60876, 53146, 13325,
        25153, 38433, 8072, 16255, 63277, 61485, 8422, 8431, 3253, 11677, 13434, 6107,
        64150, 1664, 49221, 15444, 29702, 49084, 4852, 27033, 46887, 17594, 15326, 59487,
        58928, 30579, 15803, 55266, 33689, 21455, 9218, 29855, 29321, 36856, 10505, 31288,
        59604, 34135, 7549, 913, 21664, 54828, 50574, 722, 12991, 50573, 5615, 51440,
        40918, 34991, 2985, 65460, 47307, 61310, 2381, 19054, 42064, 33268, 22098, 18473,
        43149, 26560, 27969, 17672, 12248, 2927, 55630, 22119, 49522, 23832, 20641, 36559,
        17400, 56766, 50356, 28856, 45326, 39017, 43878, 37927, 49182, 35185, 41877, 8622,
        64533, 40421, 14903, 53487, 25871, 2607, 9594, 33283, 41146, 23819, 22071, 33627,
        33065, 11272, 39528, 3293, 24064, 32491, 22476, 40126, 33024, 1211, 44566, 32069,
        52980, 6754, 16659, 4517, 21418, 51697, 59095, 59058, 16892, 31573, 33511, 54730,
        22537, 24779, 9500, 25374, 25831, 57137, 53264, 5928, 54028, 18234, 33702, 28445,
        57099, 47654, 12068, 16819, 27442, 19883, 39706, 33933, 13349, 20923, 25561, 45510,
        53917, 30911, 53164, 38454, 25121, 8609, 10350, 42801, 38748, 55445, 30895, 9390,
        50145, 7469, 52578, 23546, 45828, 30166, 36897, 48517, 47859, 49535, 31592, 4711,
        17827, 22947, 19139, 27797, 43700, 7711, 23620, 31952, 12991, 36315, 22442, 25564,
        8739, 28974, 15646, 11282, 40411, 58148, 467, 344, 16619, 19810, 48531, 55873,
        57993, 19300, 60354, 64190, 45569, 51565, 24190, 46482, 38153, 10955, 2197, 2160,
        40476, 20050, 14004, 39483, 37263, 57584, 45119, 4914, 7205, 6717, 17609, 56804,
        32359, 267, 27287, 35923, 36415, 64815, 4186, 18358, 60896, 53101, 26786, 43999,
        19947, 22113, 51569, 31370, 16412, 46118, 17928, 39713, 63742, 28550, 61853, 26951,
        23917, 37724, 27684, 14687, 55025, 10261, 21825, 20687, 59773, 7121, 10957, 38363,
        39335, 57484, 26585, 65041, 12768, 50347, 7331, 15935, 20972, 5868, 44834, 4872,
        25103, 6279, 53815, 44070, 30003, 38606, 2266, 12860, 40514, 9594, 16433, 19876,
        53540, 29021, 54890, 25264, 23388, 152, 15682, 58203, 44601, 27233, 16968, 54991,
        8673, 47659, 13397, 59297, 12911, 25876, 45560, 14877, 15010, 6852, 5491, 53591,
        64823, 11332, 27671, 26148, 12277, 1341, 17904, 50117, 65164, 24946, 10541, 46765,
        42840, 4163, 6934, 64673, 22426, 1836, 43572, 4186, 46968, 9890, 32397, 56406,
        1780, 39550, 12579, 20110, 1484, 47364, 4529, 57354, 50553, 13862, 16553, 52294,
        44210, 43205, 18782, 25843, 1509, 42024, 30432, 25006, 59492, 58345, 3960, 31607,
        47974, 39838, 9034, 11712, 16192, 4262, 45010, 9324, 22525, 24816, 36885, 17814,
        12693, 53680, 19480, 5478, 2680, 14888, 9478, 37691, 33607, 61414, 26870, 39999,
        7577, 35379, 54145, 46618, 11924, 12153, 12827, 3816, 17744, 4022, 36768, 29975,
        11221, 21173, 49411, 21542, 29341, 3736, 60349, 21149, 33552, 28446, 16903, 36220,
        24910, 4044, 29973, 15949, 18023, 26702, 42708, 6265, 19235, 8522, 3834, 64925,
        39092, 47795, 41357, 5637, 18444, 22868, 34137, 295, 48667, 5728, 43790, 46604,
        55402, 46459, 33084, 27945, 36800, 51388, 11975, 26402, 28233, 24418, 9309, 65315,
        19019, 64608, 63939, 18513, 32050, 63799, 54375, 11949, 4648, 34127, 41501, 40978,
        40922, 53690, 20182, 40205, 38872, 7152, 15560, 35684, 50146, 18443, 32524, 22877,
        3941, 8785, 1996, 43530, 41621, 40582, 12555, 28583, 38992, 19171, 2757, 41454,
        42366, 2462, 7941, 11612, 22896, 51032, 9736, 8620, 21939, 12414, 63092, 35098,
        64069, 7163, 57641, 54803, 31925, 38043, 49357, 12340, 50089, 13702, 61180, 35371,
        748, 19764, 52336, 26148, 1788, 15577, 26068, 36370, 22921, 61006, 10748, 42910,
        24033, 19957, 44706, 1921, 36672, 30738, 11313, 38515, 37388, 46953, 30705, 30618,
        5602, 50439, 43656, 40103, 10038, 58221, 38845, 54959, 63196, 12577, 20313, 18933,
        33016, 47497, 8086, 11991, 3758, 48990, 8881, 26730, 11789, 8073, 28429, 34221,
        58114, 28561, 33281, 35819, 39378, 33173, 3087, 1036, 15921, 30509, 24585, 1802,
        21156, 23171, 16545, 63980, 38508, 25586, 7159, 2959, 1690, 29888, 43209, 7924,
        50483, 17130, 6631, 42060, 36446, 61522, 20838, 52272, 32355, 8312, 59550, 47929,
        42910, 10756, 60343, 39769, 49877, 9452, 39911, 56580, 15726, 21535, 54822, 56665,
        11681, 44701, 5380, 30107, 57546, 3394, 24342, 62194, 37962, 46685, 2391, 49443,
        14846, 20156, 29205, 19138, 39208, 50988, 673, 44200, 38629, 45725, 41561, 10211,
        64328, 8587, 57247, 41455, 50908, 29726, 1628, 60801, 6055, 1569, 17985, 38417,
        32349, 5492, 65140, 40477, 36385, 15060, 60921, 21230, 38156, 7011, 33985, 7896,
        50877, 24748, 53116, 50959, 2545, 18587, 46340, 49410, 58793, 56311, 15468, 46615,
        14307, 46585, 17587, 61280, 47648, 29671, 6773, 20004, 62128, 55499, 47634, 29193,
        1884, 22219, 49401, 23863, 29505, 64153, 13656, 43765, 9000, 15321, 44155, 52765,
        3992, 9936, 7266, 54977, 61797, 54244, 8529, 44582, 53229, 22286, 17867, 32605,
        26536, 36930, 15091, 8681, 13955, 33543, 47157, 14367, 59196, 43292, 13698, 2032,
        49630, 51898, 48636, 21694, 43531, 39235, 53180, 33447, 27983, 59935, 8906, 35817,
        41808, 22795, 43536, 51782, 12877, 59871, 17057, 5264, 9125, 39107, 63211, 36253,
        50188, 54917, 17618, 23120, 26911, 2657, 51245, 60808, 25775, 33640, 16548, 37034,
        28999, 50308, 10357, 39616, 11071, 17633, 39042, 26773, 24699, 388, 62178, 25146,
        37600, 38269, 52859, 13173, 60360, 604, 48582, 53155, 58310, 24256, 17316, 42113,
        21809, 38615, 44376, 11037, 60338, 16724, 17806, 1363, 7667, 13497, 14555, 4961,
        46924, 63523, 60170, 1686, 4368, 21429, 50654, 27267, 40267, 40909, 45991, 65325,
        3814, 65216, 54318, 42485, 49816, 14429, 41771, 39473, 40042, 39535, 5694, 42891,
        23558, 40417, 15664, 5290, 56146, 37516, 4800, 58233, 41983, 13406, 29063, 61740,
        2538, 43447, 20676, 35029, 11606, 39031, 5801, 38680, 54268, 47898, 57931, 6846,
        11843, 52895, 19039, 730, 1140, 47856, 44403, 59231, 46088, 51002, 11007, 26117,
        1822, 57180, 58554, 9866, 44828, 15740, 63843, 62260, 47433, 54649, 64092, 20782,
        10310, 47119, 4058, 41060, 7948, 22536, 28555, 11481, 56284, 4948, 45039, 44953,
        35030, 50756, 57725, 53082, 35424, 18019, 24359, 2440, 42815, 54661, 37063, 21672,
        43147, 49140, 40230, 52666, 55047, 49781, 14575, 227, 25017, 45363, 34410, 37672,
        17109, 21651, 61849, 58622, 18452, 49101, 16378, 27094, 60488, 29549, 36946, 36779,
        56193, 53549, 57460, 19860, 8194, 12606, 20759, 38235, 29743, 32537, 35813, 33810,
        6165, 50216, 37719, 57517, 40070, 59782, 25710, 26963, 55197, 2514, 12505, 62093,
        51928, 17431, 29527, 25409, 64548, 27847, 24399, 23994, 37939, 38816, 12717, 13664,
        49981, 35119, 28049, 29904, 18099, 44289, 49336, 27818, 58034, 23459, 22191, 41633,
        54797, 49202, 6866, 33051, 52199, 48200, 11958, 59601, 55183, 4616, 526, 43140,
        52536, 35078, 24952, 33415, 36367, 62047, 44301, 16228, 8861, 1437, 30313, 23317,
        64253, 1744, 32171, 49478, 14872, 33537, 21679, 18849, 42019, 17042, 63875, 60199,
        33864, 62239, 43253, 56705, 17275, 47192, 42173, 38885, 15177, 41689, 62801, 64443,
        53157, 36724, 55471, 5045, 22134, 33487, 41337, 44682, 45640, 30814, 30112, 40735,
        28861, 20321, 51442, 59801, 57024, 28326, 30968, 62370, 55649, 230, 43063, 58558,
        22433, 132, 17846, 35071, 61464, 9431, 31655, 22217, 42785, 49646, 19563, 2061,
        26727, 43406, 57115, 60763, 14141, 2097, 61314, 62918, 25651, 63508, 5876, 26475,
        63320, 59148, 29352, 42331, 45230, 31173, 53824, 58021, 5657, 59278, 44275, 4859,
        20610, 60713, 9082, 20453, 4293, 21823, 5340, 297, 11177, 30966, 22608, 23552,
        65142, 7492, 51848, 45272, 27491, 50885, 55256, 45717, 44639, 19364, 49343, 24535,
        44360, 20145, 39314, 46702, 15114, 34984, 45870, 5454, 44186, 50774, 64537, 45448,
        16778, 14181, 18870, 18986, 35514, 37447, 47197, 44615, 12373, 45156, 57695, 61882,
        37258, 27347, 44231, 14916, 14891, 64239, 825, 39063, 49845, 46953, 27616, 23984,
        31187, 47478, 55711, 40365, 13193, 60598, 5295, 24256, 21906, 61280, 9508, 11283,
        33402, 41953, 19809, 64262, 53847, 21930, 39764, 62656, 22085, 62991, 49029, 2074,
        12126, 19626, 21514, 42821, 14164, 42415, 64550, 52910, 45003, 50867, 30961, 5960,
        4333, 7283, 9240, 53617, 31747, 62628, 63688, 33714, 58706, 38543, 11467, 61342,
        10136, 23163, 12879, 54113, 41007, 18451, 7867, 59784, 47007, 32556, 18685, 41088,
        16147, 59889, 21105, 47272, 31122, 45306, 5418, 23102, 42683, 3719, 37077, 50289,
        38528, 37902, 18643, 36675, 43571, 30843, 20890, 1723, 385, 42624, 42526, 63867,
        62831, 53478, 33846, 38988, 56051, 49506, 28137, 60995, 25984, 16896, 576, 55184,
        21471, 3790, 46976, 1449, 31341, 50223, 4532, 57163, 53617, 54751, 56014, 25352,
        61694, 28733, 31611, 65416, 15732, 22616, 23107, 53989, 36671, 4451, 27449, 39284,
        31072, 24568, 27452, 16843, 59447, 25473, 64269, 150, 62109, 26487, 18061, 30468,
        13387, 21403, 24304, 60899, 23635, 60326, 33034, 37219, 60650, 65195, 41432, 1743,
        12928, 8109, 36754, 14669, 15028, 22220, 14212, 11603, 64597, 36242, 20454, 3700,
        22803, 63514, 49087, 23378, 44787, 6646, 63497, 59295, 52826, 54508, 23454, 52313,
        1123, 45007, 31, 15097, 52482, 53751, 35074, 6833, 18700, 47308, 32791, 25491,
        51621, 58316, 26156, 49551, 42865, 62554, 55909, 13709, 18022, 20628, 45298, 49497,
        44296, 2058, 51910, 12553, 58460, 12481, 19379, 25185, 59121, 31291, 50826, 52221,
        45992, 32463, 28460, 13757, 54326, 45773, 18993, 28826, 14625, 10404, 49380, 39778,
        59212, 14846, 30138, 34170, 38590, 7332, 62813, 22607, 819, 18798, 12463, 3315,
        2435, 58710, 31108, 964, 55941, 57771, 64232, 9335, 61015, 2367, 2840, 65301,
        32309, 30325, 51769, 24541, 56131, 62999, 41138, 24608, 55483, 218, 41626, 35357,
        48147, 36129, 44161, 29164, 34017, 48817, 29835, 1474, 28139, 4365, 53834, 52647,
        46220, 21993, 48235, 12417, 22592, 11406, 59352, 52118, 39504, 38535, 65000, 63681,
        10568, 31701, 50416, 34341, 2486, 54255, 49877, 50706, 12963, 57467, 39463, 41941,
        59550, 18820, 15684, 6391, 3204, 43234, 46367, 10689, 50219, 21115, 60197, 6125,
        20160, 21658, 37295, 65202, 32942, 33089, 39867, 37770, 64514, 5341, 58033, 54408,
        13498, 31516, 61236, 50595, 42899, 47591, 40979, 56474, 23025, 33717, 63352, 54100,
        9718, 39219, 24901, 1280, 10195, 58832, 37353, 16482, 17166, 43279, 59482, 8496,
        44735, 31846, 34668, 45323, 5490, 16412, 62479, 53737, 63610, 6821, 14038, 35152,
        50204, 39937, 17590, 40153, 33701, 62391, 52335, 21581, 54386, 33572, 64615, 26277,
        25999, 34365, 28432, 38797, 53925, 41876, 25715, 27771, 8883, 5880, 43072, 25884,
        55541, 60885, 60099, 46691, 25854, 34788, 40607, 36235, 2660, 54538, 17357, 9623,
        1381, 46287, 34163, 53010, 38794, 48548, 14840, 30050, 39353, 42389, 57950, 43071,
        39041, 45584, 33741, 46867, 7139, 11680, 57950, 2843, 23051, 47075, 11002, 47738,
        8362, 11962, 48630, 55909, 47107, 5502, 58815, 42542, 31134, 25938, 20949, 1848,
        25040, 20941, 22600, 14358, 24525, 6764, 43389, 65404, 26782, 32593, 52302, 51776,
        26379, 6089, 34685, 62159, 50847, 64794, 29014, 40668, 11205, 1983, 25876, 36614,
        52302, 41089, 16330, 10193, 39728, 11918, 6142, 16513, 34579, 33849, 2968, 55897,
        39106, 33208, 20588, 35433, 33120, 2166, 6023, 7611, 1630, 51132, 52497, 31425,
        16034, 64463, 50767, 20726, 29267, 1955, 8312, 15823, 29172, 63950, 17398, 32394,
        16991, 12399, 11559, 51292, 10538, 32193, 23871, 59000, 17706, 37092, 5449, 53011,
        36414, 36285, 34779, 54011, 46616, 39181, 8735, 11335, 9525, 54320, 38328, 14399,
        41372, 7224, 25126, 23298, 11062, 7275, 16547, 11189, 56675, 17999, 60671, 31765,
        11168, 19182, 48382, 17593, 3256, 48672, 6655, 60440, 27325, 49524, 63672, 34174,
        47591, 19838, 31931, 31384, 253, 30348, 45694, 31449, 13003, 2203, 1119, 36619,
        25297, 62944, 1079, 1115, 50809, 21598, 56183, 1092, 27573, 57142, 42699, 6020,
        36203, 1766, 5967, 44662, 1962, 63365, 33875, 62603, 30412, 14327, 4698, 46451,
        60916, 47041, 51230, 1415, 43595, 53272, 64572, 41278, 42634, 26677, 16741, 27328,
        41473, 29878, 43786, 56376, 62311, 35542, 57403, 8762, 33360, 48902, 45635, 4842,
        18247, 49338, 4985, 4552, 5476, 61192, 61558, 6655, 308, 14361, 25640, 11387,
        1203, 63977, 36218, 19539, 29117, 58575, 15864, 8707, 46597, 7806, 54897, 58550,
        53871, 4540, 52697, 33123, 3781, 2902, 31567, 48172, 46626, 60414, 53683, 32920,
        17854, 45780, 25086, 64169, 51836, 50786, 30797, 46284, 48062, 891, 46795, 5005,
        64501, 20660, 39503, 47336, 34919, 17637, 29462, 19498, 27429, 60502, 35973, 26923,
        11222, 12929, 45339, 54471, 39023, 59137, 37469, 47553, 14153, 40591, 1437, 1216,
        59168, 21037, 13522, 15535, 15315, 47446, 47782, 64305, 50144, 34605, 55120, 12458,
        10732, 64163, 9990, 36312, 30016, 3350, 58382, 14701, 6779, 56327, 33627, 65281,
        21337, 2003, 4653, 47131, 47970, 48286, 40233, 4692, 65220, 60486, 64642, 62217,
        11779, 40230, 15514, 64806, 13991, 34520, 31484, 13956, 17508, 51886, 57234, 40038,
        8243, 44699, 36671, 59369, 55374, 7797, 4643, 23191, 19470, 6159, 62296, 6927,
        17517, 48301, 57522, 23993, 61825, 44135, 24274, 52278, 65506, 31081, 28388, 31512,
        1526, 51956, 40278, 9031, 12695, 60416, 46419, 34805, 44764, 56057, 8839, 3032,
        50553, 1790, 42348, 45337, 32181, 13439, 64214, 61010, 49494, 37480, 58580, 16481,
        12847, 7979, 21710, 60267, 28217, 59070, 49397, 58479, 24286, 32212, 26524, 25086,
        32899, 8057, 37974, 63842, 14275, 58234, 2088, 60565, 37591, 35918, 61015, 42973,
        35805, 55651, 49636, 20089, 24569, 915, 48329, 56837, 24798, 668, 64222, 47175,
        63862, 10062, 45365, 63408, 22345, 62154, 60837, 14280, 7773, 43728, 57076, 30870,
        9469, 60756, 49346, 54131, 12371, 16237, 10874, 45529, 51869, 64929, 45767, 41748,
        49920, 11221, 26902, 27307, 23740, 29229, 27636, 11515, 52052, 29063, 61633, 4961,
        14637, 56250, 21258, 867, 30492, 27077, 9913, 59879, 54642, 39315, 40187, 52003,
        7371, 17182, 29435, 36807, 45797, 58173, 6460, 24312, 52568, 50757, 4042, 6582,
        5391, 49601, 21709, 16667, 37225, 863, 8991, 11661, 17942, 58191, 6861, 256,
        187, 16499, 36169, 16736, 60934, 4764, 56745, 51462, 60166, 61188, 51221, 47477,
        15206, 19896, 38692, 26240, 45675, 35546, 2742, 53643, 56172, 51884, 56757, 47912,
        28361, 62448, 52514, 31171, 40554, 6171, 41759, 15397, 60838, 3328, 61868, 42113,
        307, 62216, 39027, 15148, 1104, 5141, 63719, 19778, 61739, 4895, 20191, 39459,
        40083, 53886, 50906, 26222, 38571, 57070, 5572, 29341, 31996, 39101, 47093, 2918,
        25004, 20540, 5890, 28235, 36330, 22538, 10410, 3510, 42942, 60768, 35097, 58029,
        14786, 13500, 21650, 41363, 9850, 25832, 33481, 33435, 20086, 48988, 62194, 58943,
        15312, 7161, 29651, 2024, 15654, 18781, 54138, 1569, 23050, 27943, 7493, 63480,
    },
    {
        46989, 12923, 54960, 63493, 56668, 13822, 40366, 36827, 58210, 59228, 6412, 22599,
        11117, 51055, 20102, 25262, 42376, 54411, 6421, 44169, 54621, 59890, 57283, 13765,
        57398, 64044, 52177, 28063, 42361, 59652, 8892, 63230, 52895, 30188, 6063, 55238,
        47562, 1675, 60406, 33750, 5952, 33689, 48408, 58719, 40966, 58083, 50607, 61173,
        63788, 21809, 58305, 34200, 2865, 36923, 25645, 22209, 49235, 57528, 12977, 25051,
        59220, 33942, 3413, 39269, 41957, 21105, 17053, 26490, 60468, 50970, 50247, 41037,
        42833, 9128, 43057, 8290, 59697, 44031, 43166, 35369, 554, 14898, 21650, 43948,
        38475, 8447, 10445, 33920, 30647, 1857, 15186, 55190, 46405, 15491, 48261, 7886,
        24295, 10502, 29341, 44635, 43645, 6201, 17482, 25239, 20902, 65070, 63870, 31513,
        3278, 52286, 56213, 45546, 21726, 53690, 45800, 14895, 57389, 48139, 18139, 15602,
        55046, 53465, 31121, 59025, 19081, 14784, 53851, 62577, 8988, 40970, 53023, 53452,
        65148, 4253, 27432, 25530, 54980, 60753, 12647, 44695, 19015, 47206, 63204, 29046,
        44646, 947, 1864, 51435, 32484, 52858, 23699, 49666, 52736, 25799, 63995, 46291,
        5175, 16241, 55555, 61560, 51442, 49608, 45199, 60161, 38585, 12781, 14668, 37079,
        56253, 64273, 6543, 34489, 19974, 45827, 3396, 23168, 25431, 31611, 39258, 26433,
        33691, 9960, 25873, 2053, 21254, 27907, 55528, 49968, 40373, 28078, 25793, 44816,
        31346, 62925, 556, 50865, 50131, 13166, 42273, 11576, 1588, 18108, 2284, 37606,
        28447, 801, 29749, 26377, 22988, 61197, 59, 7093, 41412, 33382, 21819, 17418,
        4688, 48408, 52827, 2033, 63200, 52383, 54868, 36277, 49531, 36887, 64153, 37925,
        15161, 57492, 8589, 16863, 2787, 45109, 3721, 42542, 16797, 53145, 21467, 32247,
        56034, 3142, 2871, 23496, 4510, 43362, 39758, 27600, 51104, 27897, 44389, 37225,
        30417, 50359, 8232, 58767, 26713, 4874, 55090, 12074, 27725, 2697, 64922, 44678,
        34003, 24556, 9443, 65128, 25551, 26828, 62031, 56085, 47125, 32339, 60276, 21406,
        51801, 46665, 18120, 29408, 36712, 36215, 20652, 3813, 25694, 34251, 46947, 35835,
        4168, 35528, 46574, 53642, 29250, 22629, 31557, 237, 33596, 58125, 40014, 57820,
        49452, 20306, 6552, 37638, 45624, 60879, 5517, 22354, 56234, 35426, 18212, 13486,
        12060, 12230, 23146, 27760, 44320, 34876, 59568, 22205, 38882, 43119, 38896, 7348,
        60593, 33176, 21212, 35855, 18918, 16244, 36094, 63355, 8267, 50897, 49422, 25694,
        50558, 14758, 59608, 52203, 30286, 32028, 46487, 15487, 25403, 11621, 45207, 19561,
        42140, 26548, 4850, 6088, 21215, 40194, 18543, 43593, 23043, 40278, 4697, 41834,
        61039, 23499, 38678, 19539, 48988, 35021, 52984, 45990, 35067, 7447, 8026, 54489,
        42029, 50255, 45241, 33378, 7007, 15895, 56694, 44139, 42880, 26826, 34964, 45889,
        18222, 34897, 60966, 4059, 51735, 23183, 61335, 32026, 14338, 2936, 46939, 47693,
        64477, 11840, 10693, 10167, 7576, 26838, 7073, 37439, 50040, 8520, 22990, 37142,
        42748, 43937, 25432, 30795, 16710, 14499, 30026, 55087, 5084, 52884, 53210, 53348,
        30825, 2290, 47056, 29743, 58384, 54707, 40443, 36262, 12426, 17458, 39050, 65525,
        33403, 14554, 19549, 15328, 10153, 4650, 16002, 4522, 7231, 45030, 4373, 4381,
        1397, 20855, 9995, 43464, 26394, 35614, 27029, 6488, 56198, 36419, 22549, 64066,
        55786, 58351, 25277, 35310, 53655, 35767, 13060, 20025, 50795, 55832, 51741, 10886,
        9604, 26440, 55660, 6093, 52444, 14372, 20670, 50434, 19536, 50245, 139, 46269,
        6968, 43079, 11114, 7942, 33508, 54376, 6747, 15681, 15046, 35785, 46070, 5991,
        11628, 5685, 18730, 45878, 21202, 21215, 28960, 21151, 62962, 52870, 44453, 62291,
        60988, 60305, 22517, 1462, 10566, 46185, 31484, 10945, 1364, 21039, 17903, 22707,
        50856, 45712, 7704, 30486, 37360, 4632, 9475, 21451, 16940, 62145, 30855, 10640,
        13628, 56193, 34227, 34798, 18224, 59668, 11144, 4268, 773, 47911, 37647, 12256,
        38072, 5224, 58446, 34599, 12816, 38456, 37997, 9158, 27673, 44825, 22132, 14813,
        22774, 31015, 57610, 6872, 33212, 4426, 24880, 55153, 40536, 48831, 35788, 2647,
        15954, 28826, 34515, 62496, 1907, 23807, 45830, 49946, 21347, 63457, 59275, 26362,
        29961, 20203, 15078, 44073, 49031, 47555, 54924, 2487, 37477, 32431, 586, 16180,
        8060, 11208, 1285, 10469, 48301, 36353, 28446, 7596, 48318, 63706, 47432, 58562,
        58975, 5508, 13088, 48727, 23409, 48232, 28988, 28951, 30089, 1079, 29048, 21288,
        60995, 39660, 20813, 33712, 42089, 60333, 32503, 42477, 62856, 14396, 35927, 61250,
        63548, 24724, 61476, 33512, 21063, 19575, 25954, 17407, 3706, 23877, 36585, 63067,
        21320, 45932, 53464, 42117, 28288, 42323, 27039, 39786, 52726, 55103, 47508, 39419,
        35257, 1112, 65164, 39377, 36068, 64636, 17152, 52544, 18801, 38872, 47082, 25686,
        13906, 17668, 21899, 30616, 11105, 45217, 33522, 56435, 43787, 58615, 36944, 56510,
        34393, 17660, 60274, 61149, 7904, 62123, 430, 47871, 34361, 22687, 4350, 28936,
        4934, 63146, 37121, 30222, 33493, 60275, 37483, 18132, 34192, 36954, 20127, 24141,
        26876, 25121, 41751, 461, 63962, 10453, 60157, 47123, 52134, 4352, 24249, 52535,
        62718, 21497, 5670, 50692, 7341, 9083, 7120, 64752, 23760, 34848, 24015, 55328,
        4522, 50882, 528, 20644, 259, 39925, 36143, 9626, 58561, 25521, 51128, 54464,
        11441, 40398, 58204, 20412, 48713, 49920, 54363, 25188, 36757, 10074, 23553, 19901,
        32218, 30466, 5638, 41418, 60026, 18492, 10398, 41410, 59867, 20763, 53262, 46060,
        48929, 3153, 8579, 57269, 6704, 47446, 50896, 46846, 2674, 45038, 2017, 32457,
        52211, 58558, 36056, 7219, 7622, 53722, 16607, 19653, 53647, 27423, 52534, 55454,
        64314, 46982, 10137, 27074, 54139, 3874, 54157, 25637, 14502, 9526, 33443, 31762,
        31672, 42810, 32779, 60229, 19191, 28229, 18855, 14611, 40286, 64715, 57228, 44299,
        50740, 24872, 20420, 35407, 37061, 4888, 44022, 39595, 49553, 14953, 8282, 5734,
        34718, 17303, 62876, 45838, 52727, 5454, 3855, 9691, 54151, 579, 54889, 41917,
        55047, 27918, 27933, 47533, 26172, 48482, 42364, 46708, 37107, 43596, 7467, 38397,
        26738, 21698, 9227, 30906, 58531, 2515, 47047, 60941, 56917, 53753, 40946, 27496,
        830, 40672, 43871, 34317, 52618, 41210, 45538, 42608, 60149, 3711, 37413, 51339,
        5162, 15309, 16765, 36775, 23426, 32296, 63204, 43978, 7442, 51341, 23101, 52735,
        43247, 40300, 60022, 36517, 61322, 9818, 25747, 24139, 56898, 33207, 49881, 60856,
        27647, 50446, 35493, 47210, 414, 57575, 39785, 32303, 14928, 24229, 57904, 64144,
        40709, 27751, 434, 26893, 19492, 52286, 50257, 47749, 29131, 9725, 51965, 29739,
        28055, 50055, 40124, 44177, 35975, 10186, 50075, 26055, 15746, 5052, 21208, 983,
        35623, 22000, 36425, 6730, 33711, 54739, 29595, 50189, 16138, 41604, 31337, 4412,
        26374, 22957, 30970, 18249, 61902, 30617, 49068, 55186, 8633, 48746, 40686, 28712,
        55684, 35773, 31195, 23391, 26964, 11522, 2031, 57162, 1742, 28508, 546, 5861,
        44686, 52353, 264, 14438, 34672, 45287, 62312, 58892, 5329, 59128, 59086, 10733,
        1965, 12955, 27612, 59677, 53305, 58414, 24235, 19313, 2396, 4969, 852, 25781,
        6435, 30887, 40355, 19901, 52256, 41334, 58871, 6842, 32872, 22591, 37188, 8790,
        8733, 57282, 26074, 35641, 7825, 29153, 30202, 31850, 25972, 36098, 7990, 59789,
        20198, 49906, 21032, 10859, 54406, 64784, 5134, 55524, 3068, 35922, 26674, 15024,
        2761, 5227, 40448, 13415, 25231, 47497, 62166, 33955, 47537, 40391, 28485, 43985,
        9173, 6605, 55212, 37561, 532, 1879, 56191, 56068, 25242, 62544, 16855, 28195,
        22807, 34699, 49756, 49199, 27295, 12972, 54792, 30893, 46776, 57852, 25134, 24804,
        39026, 23778, 33990, 44486, 13026, 28078, 45018, 5723, 19065, 49533, 4867, 3493,
        23042, 28407, 24124, 19028, 44713, 61476, 25736, 65131, 12880, 41487, 38604, 56891,
        7722, 40596, 37671, 22565, 33609, 865, 49716, 35786, 48146, 57056, 46778, 27574,
        41917, 28212, 39763, 60991, 44551, 34766, 32041, 20675, 38705, 39258, 61884, 24145,
        485, 17513, 17815, 34812, 58245, 32675, 15890, 28112, 58753, 24539, 55289, 1085,
        22159, 36249, 20615, 15966, 33310, 50013, 3928, 45449, 814, 3735, 31163, 19475,
        28566, 40252, 53166, 58704, 40673, 26725, 37473, 39442, 22887, 54706, 30877, 19251,
        36983, 53318, 65066, 57222, 31630, 227, 17903, 59968, 48521, 43888, 49564, 33385,
        10150, 775, 43535, 13791, 8746, 10840, 65315, 18819, 20435, 61524, 57390, 60556,
        30578, 9251, 32615, 9438, 57964, 45354, 33504, 47130, 37213, 1399, 36518, 11166,
        1041, 25584, 53649, 50756, 52720, 4918, 46546, 9983, 18825, 22966, 22069, 49262,
        61175, 18838, 21176, 65151, 45907, 11458, 58691, 13657, 55453, 65421, 49520, 15831,
        28632, 15842, 6549, 53588, 55366, 59867, 25437, 4242, 55880, 62265, 6413, 59447,
        24323, 6975, 58649, 64689, 19064, 41374, 18183, 63867, 9319, 51625, 34826, 43752,
        48719, 31284, 40507, 28758, 16003, 34146, 28196, 4265, 43835, 29948, 37142, 51895,
        41352, 47486, 53585, 61843, 31828, 16832, 15742, 63198, 55516, 45696, 6477, 6894,
        27800, 15206, 4940, 41306, 42186, 41412, 38606, 40785, 25922, 38504, 17308, 61284,
        10657, 8240, 29501, 28525, 51949, 32108, 30896, 53627, 61599, 64729, 64792, 15467,
        47732, 9698, 32153, 2894, 14411, 43084, 12973, 11906, 484, 12784, 44867, 14884,
        54710, 52956, 41223, 6996, 54834, 32523, 43644, 30717, 49651, 14541, 42734, 13700,
        1791, 7355, 54529, 8872, 32469, 36615, 22040, 45576, 62975, 29051, 62943, 5660,
        57337, 54014, 48682, 18758, 4774, 25355, 39142, 52784, 28272, 54779, 27555, 30527,
        55073, 8064, 43903, 55458, 12368, 47177, 48604, 49148, 29154, 49420, 10840, 63619,
        26280, 52165, 45253, 19846, 51888, 11197, 10158, 41091, 27181, 24693, 3926, 33341,
        8258, 41874, 48977, 12064, 9562, 8540, 1722, 15906, 13255, 9340, 61481, 59588,
        14217, 53044, 788, 12479, 10533, 45001, 13260, 34181, 58804, 9963, 59309, 33423,
        44634, 768, 26763, 27748, 13442, 52968, 63946, 38309, 62719, 53119, 60180, 58291,
        36437, 55323, 50285, 45438, 65199, 16832, 13519, 53078, 43337, 29697, 52993, 64100,
        37685, 9189, 38933, 14832, 12956, 34301, 50517, 5604, 47771, 58227, 47290, 18458,
        44045, 33780, 47659, 36917, 59088, 5264, 13485, 54615, 57231, 46451, 58554, 35980,
        11642, 47118, 54716, 58528, 7517, 10516, 9781, 64791, 57081, 39204, 11195, 23,
        29719, 57364, 53395, 4215, 57181, 17845, 19596, 21815, 49659, 34261, 51878, 44801,
        61832, 60695, 50818, 34900, 36674, 53351, 47070, 31415, 59956, 22974, 42377, 6280,
        54154, 17197, 45219, 51667, 7796, 1307, 29396, 63985, 16958, 12098, 18633, 38126,
        39405, 37708, 55115, 54126, 20012, 23642, 16001, 6675, 31255, 58163, 50107, 62163,
        32472, 36160, 4059, 58058, 20982, 23208, 51543, 5523, 41328, 36541, 28652, 58917,
        50510, 29416, 57775, 17414, 26992, 35402, 58788, 21574, 31584, 15550, 10921, 23866,
        48640, 26955, 4623, 24695, 43427, 40849, 59121, 55109, 28881, 59591, 31080, 28728,
        35897, 50088, 52497, 4914, 57605, 55131, 45988, 25439, 58826, 59279, 22861, 45410,
        11574, 45545, 6199, 55563, 38948, 2314, 11771, 1737, 63262, 45552, 12429, 15340,
        31327, 25366, 24684, 60335, 16396, 62345, 6168, 15698, 10367, 19109, 47228, 871,
        56795, 58060, 4183, 8728, 43678, 65314, 64304, 2356, 6857, 48529, 62320, 36508,
        33519, 30620, 63483, 5255, 15114, 28686, 53546, 24683, 51480, 24709, 517, 36663,
        25453, 1053, 38793, 19044, 34789, 53274, 40529, 8529, 50141, 31826, 4999, 52010,
        41046, 4972, 38014, 33230, 7373, 46973, 29991, 22605, 32578, 42071, 64612, 32575,
        55794, 30553, 45407, 38520, 40547, 29898, 1718, 50564, 13572, 8046, 22367, 33468,
        57022, 57796, 10110, 37889, 27008, 55307, 5491, 13215, 59931, 47844, 37139, 52917,
        17183, 33159, 56354, 28706, 50940, 40274, 10335, 64542, 28689, 27512, 64257, 43585,
        9876, 32385, 27155, 57477, 2664, 18160, 5095, 61694, 10525, 57540, 53241, 35404,
        22766, 41742, 9338, 8051, 38761, 30992, 39311, 18040, 3293, 45235, 53263, 36638,
        16660, 56842, 56623, 46969, 25533, 53226, 14361, 44827, 13008, 61019, 37407, 49937,
        47011, 25501, 62375, 64047, 22157, 31234, 17200, 33197, 49084, 27954, 22386, 33332,
        54480, 3323, 45096, 17501, 40265, 31276, 60184, 16964, 56427, 52842, 25992, 38606,
        16617, 47308, 62851, 23956, 52294, 11476, 16497, 26935, 27223, 14746, 52109, 51760,
        5206, 52943, 15165, 23233, 28091, 13643, 39252, 37339, 63477, 58659, 52537, 10516,
        38662, 55969, 63022, 33435, 21032, 9415, 56888, 52269, 33994, 41251, 57922, 65395,
        52454, 48756, 12947, 39493, 47236, 39872, 26979, 26207, 24442, 55840, 8784, 12494,
        60635, 11381, 35989, 61695, 26871, 46828, 34071, 31923, 13352, 12231, 11667, 14384,
        36478, 39607, 872, 17309, 12411, 37453, 23435, 27486, 13667, 51821, 60548, 26027,
        33041, 20838, 21948, 39286, 5462, 64933, 23874, 19390, 62010, 45858, 55183, 22872,
        20975, 39903, 7685, 2683, 26475, 12600, 28637, 39942, 59460, 57481, 11908, 8515,
        62243, 43211, 37043, 6898, 17960, 12869, 3310, 26420, 52840, 54299, 58715, 14789,
        52842, 58282, 2274, 13516, 25594, 12929, 5690, 42444, 19090, 41406, 51392, 36097,
        15323, 58390, 53200, 49957, 41946, 29342, 3286, 42617, 59734, 42032, 36929, 23429,
        8518, 61021, 16585, 33057, 34095, 32542, 50348, 63286, 39668, 29658, 60051, 52012,
        37901, 12357, 5699, 50855, 19325, 53911, 49736, 56959, 6575, 62314, 64197, 29923,
        63995, 34318, 59001, 55750, 57329, 14521, 52416, 36912, 20846, 64516, 61983, 1822,
        6547, 18037, 51341, 33495, 20603, 35828, 30003, 19293, 60385, 15617, 16954, 34571,
        50642, 25399, 38637, 28641, 42663, 27696, 40957, 53968, 9870, 61023, 33833, 19514,
        45772, 63857, 33323, 3570, 1728, 34260, 29396, 56032, 14101, 56610, 1742, 56868,
        22777, 50292, 14043, 1219, 5366, 37683, 5586, 13219, 53811, 38772, 1311, 4561,
        42930, 32289, 49530, 63517, 33208, 56767, 9958, 35983, 28, 44510, 24283, 58573,
        57533, 6594, 40168, 4117, 15625, 32715, 12941, 61247, 64026, 47172, 3794, 20079,
        56292, 32018, 555, 53039, 21526, 41818, 13684, 47671, 29537, 48879, 13809, 24938,
        18501, 51438, 16281, 19237, 53184, 60885, 56753, 50496, 39089, 28613, 56622, 51627,
        26985, 36101, 38622, 50498, 62129, 48095, 63326, 28466, 39662, 39953, 4647, 53098,
        61601, 50216, 31157, 45057, 36405, 57849, 41795, 65340, 8640, 1249, 31988, 13470,
        49824, 45368, 38273, 34156, 29539, 5886, 45388, 18071, 60686, 64871, 11018, 33598,
        58598, 31737, 11602, 5404, 4294, 34967, 44359, 17298, 37774, 30318, 53310, 40889,
        21075, 50990, 19749, 8243, 15793, 26278, 3077, 62798, 57494, 39051, 10229, 60851,
        14364, 19361, 24099, 3858, 65258, 7566, 56361, 8905, 33030, 56085, 10543, 42071,
        60792, 43492, 47499, 24640, 38672, 39263, 28066, 63736, 13519, 4857, 46516, 54371,
        56078, 1240, 34678, 664, 29530, 64839, 49396, 46871, 15356, 32739, 58631, 34901,
        43003, 52023, 32298, 35175, 47257, 49146, 40079, 45456, 54631, 10456, 47960, 62684,
        48267, 10122, 19695, 8640, 25991, 26875, 49059, 8164, 30386, 37407, 25752, 48393,
        17714, 5006, 63226, 20747, 44140, 22541, 2309, 55005, 17120, 62015, 2898, 57024,
        59480, 57662, 21132, 63074, 25142, 19191, 48258, 52762, 38944, 46981, 57633, 22256,
        24350, 49832, 44412, 34204, 1536, 3109, 64750, 63682, 54253, 61186, 4561, 58095,
        47608, 25774, 11537, 47144, 7991, 22562, 15714, 18947, 56854, 44475, 26863, 52554,
        14531, 50717, 46412, 14392, 21182, 20958, 33258, 53994, 8461, 43076, 1351, 24539,
        57187, 11880, 31968, 10087, 26273, 4334, 27999, 34579, 65364, 31946, 3531, 32339,
        9876, 29363, 63865, 58082, 19427, 33683, 61636, 52295, 34689, 25583, 58, 28044,
        30347, 63545, 11655, 11872, 29047, 53133, 30090, 59705, 49036, 11222, 22039, 17432,
        19583, 43286, 46801, 26114, 39043, 22056, 24397, 7686, 4377, 21722, 1946, 48461,
        24290, 1090, 49250, 56723, 30994, 64624, 29794, 13642, 53810, 65425, 50216, 32448,
        48805, 13578, 5321, 21624, 25015, 52940, 58100, 3170, 53400, 42840, 2599, 5585,
        34602, 25448, 19901, 21939, 28668, 33240, 20013, 1382, 34566, 34724, 33678, 23459,
        42454, 61772, 5037, 4029, 38735, 30452, 36064, 16024, 54189, 30794, 2460, 30444,
        40441, 10631, 51116, 43953, 43799, 10681, 31983, 48049, 21615, 23627, 31498, 19355,
        32979, 7143, 53244, 25391, 60950, 39408, 55286, 54327, 9477, 56102, 26683, 31676,
        40597, 31835, 54925, 43302, 23871, 19737, 1121, 30629, 52250, 43225, 54073, 37502,
        36200, 33922, 55917, 59418, 41085, 24512, 37948, 40090, 51401, 38895, 45378, 25921,
        11812, 3806, 37157, 19517, 59531, 31790, 62910, 22609, 9367, 29362, 58131, 61123,
        10873, 982, 60672, 12459, 197, 37035, 59884, 57180, 45697, 222, 56998, 31585,
        24690, 50544, 31490, 47428, 12779, 8973, 13013, 53389, 51958, 35753, 55120, 41227,
        818, 18738, 64186, 28715, 53488, 60816, 29971, 49178, 57064, 31694, 52548, 14060,
        19721, 23631, 38168, 10579, 35019, 36759, 8082, 51399, 42470, 54643, 61477, 55172,
        52826, 1885, 51180, 22070, 24535, 57932, 6323, 1444, 7494, 52981, 27405, 49231,
        45258, 62715, 49408, 37359, 43640, 34143, 55316, 15919, 27163, 5678, 52566, 14853,
        63421, 24566, 16281, 34551, 5631, 21933, 60415, 31637, 65078, 34048, 1582, 20464,
        58719, 49754, 5011, 61183, 35778, 20988, 31788, 5436, 58177, 12159, 35484, 3747,
        56434, 10228, 63553, 3423, 63733, 42419, 3770, 19379, 54342, 37678, 20569, 22526,
        57258, 10693, 4048, 37917, 4091, 17556, 63094, 39113, 1406, 30063, 40762, 20898,
        32714, 21977, 12471, 52533, 24066, 29206, 52394, 35966, 30957, 957, 16046, 18800,
        38286, 1295, 34554, 64984, 54429, 8111, 54115, 25493, 57175, 37145, 14366, 2458,
        53620, 39604, 28874, 49374, 12771, 13069, 16180, 56444, 20503, 40028, 11733, 53450,
        45997, 35300, 59420, 26399, 28385, 61570, 11506, 63093, 1984, 28249, 31006, 54035,
        34914, 3418, 23562, 64713, 44439, 47186, 15990, 12076, 35673, 20183, 18195, 33949,
        13778, 29973, 9471, 44739, 44487, 18778, 21767, 40219, 15566, 40128, 41361, 22862,
        48489, 34791, 40210, 36391, 50866, 18648, 33238, 25669, 60217, 31294, 25111, 27112,
        64447, 52820, 22259, 10415, 34346, 22960, 42200, 23151, 1227, 63269, 22883, 2958,
        35154, 50754, 22024, 41483, 4487, 54541, 29205, 16194, 22513, 14054, 12820, 52614,
        55107, 34193, 31320, 745, 13366, 18167, 4188, 22807, 14335, 25274, 324, 14566,
        43349, 7863, 15599, 58721, 2673, 814, 52039, 33454, 35830, 54884, 64179, 63003,
        31292, 9568, 1136, 10829, 8741, 22228, 21678, 64918, 18715, 38133, 30212, 56272,
        43301, 25305, 49607, 33039, 13328, 26620, 64659, 13111, 5835, 9806, 18732, 8999,
        425, 5208, 22792, 46688, 6145, 21424, 40243, 37167, 15663, 22313, 34706, 49843,
        45314, 59874, 27955, 28245, 41280, 13911, 13008, 35941, 21820, 11544, 9302, 50464,
        58641, 34346, 63659, 46792, 37314, 34880, 42526, 31069, 57308, 15789, 13429, 59235,
        14065, 17356, 37498, 39158, 42935, 46108, 43235, 23063, 2673, 18440, 38286, 56773,
        43769, 3220, 37907, 50582, 34080, 20945, 60838, 45524, 34019, 59744, 49495, 11925,
        12293, 11596, 14418, 52803, 56146, 60285, 984, 37417, 1466, 6590, 62386, 7605,
        59696, 62549, 64634, 42936, 27148, 39448, 51197, 60670, 38646, 13010, 18568, 41229,
        42664, 4040, 57189, 26403, 4289, 36495, 63155, 65355, 14255, 48930, 44923, 5299,
        51670, 28098, 36901, 16842, 1040, 59929, 21992, 52387, 41137, 55, 15526, 54521,
        17993, 50902, 19951, 43534, 7509, 26677, 17831, 31273, 3866, 14324, 27697, 5684,
    },
};

static const int32_t opr_kkw_t[2][2944] = {
    {
        40492, 42563, 62563, 56415, 6881, 61864, 22536, 8053, 47322, 21747, 44340, 3950,
        18914, 50988, 53323, 60530, 37260, 56525, 61112, 62516, 37044, 30864, 18463, 64130,
        1290, 1128, 45737, 37336, 5536, 41238, 33303, 26945, 1913, 35962, 19594, 25530,
        22549, 64975, 6739, 23106, 49704, 18717, 37493, 17674, 45958, 20940, 53895, 62779,
        3614, 48573, 42350, 23298, 24044, 35443, 21920, 49267, 62496, 52107, 29351, 42235,
        13391, 1818, 46220, 60315, 64487, 50555, 34412, 42579, 51300, 56851, 2120, 16150,
        55067, 5622, 27545, 12113, 19114, 53993, 53704, 21095, 63069, 59931, 31577, 374,
        64737, 53972, 16432, 33986, 64738, 32400, 24416, 62489, 2906, 32764, 2691, 41738,
        41356, 59703, 56163, 33924, 19391, 24667, 19382, 26954, 15236, 63732, 19370, 64861,
        24870, 3358, 34273, 52988, 64891, 60341, 3764, 6197, 57046, 42079, 11313, 64956,
        48040, 46617, 41484, 5704, 7364, 27818, 50352, 6903, 40084, 18743, 10924, 5840,
        8471, 57170, 43771, 52983, 55924, 55511, 4471, 32167, 20688, 26801, 6526, 15674,
        31883, 54049, 50167, 49418, 43121, 47347, 55874, 48558, 23989, 18062, 15214, 16977,
        18256, 24000, 10682, 40622, 12902, 22141, 26802, 34901, 46969, 2996, 39893, 47355,
        3825, 16322, 63187, 10640, 49807, 22439, 34371, 36607, 40046, 40583, 37959, 55203,
        39002, 18154, 42421, 11152, 40710, 56217, 5096, 56299, 65089, 58529, 39163, 35715,
        2719, 55111, 32290, 44909, 56461, 62216, 30567, 17531, 61091, 58475, 920, 19715,
        20121, 49890, 26746, 23502, 19672, 3435, 57218, 32505, 58453, 36984, 55292, 38063,
        610, 14542, 8836, 12513, 52471, 9491, 24174, 53024, 5996, 9517, 59543, 50283,
        53672, 41586, 28299, 32862, 8553, 1104, 55718, 59353, 30839, 41739, 17843, 59930,
        62346, 8053, 64452, 11752, 44588, 21208, 10118, 48303, 44340, 41738, 33819, 47541,
        30591, 45083, 13463, 1481, 18276, 52426, 55750, 59096, 22032, 58535, 58055, 1164,
        8581, 4225, 65098, 45650, 33100, 50422, 35379, 54216, 459, 62518, 4552, 63079,
        30561, 37801, 26385, 48440, 42568, 51410, 23774, 58360, 12750, 64943, 13523, 18387,
        63190, 11810, 19036, 65196, 47769, 19598, 53356, 14099, 65473, 8464, 37843, 8531,
        51969, 37265, 56248, 61949, 31562, 59859, 38180, 51175, 51807, 13626, 41700, 50309,
        32225, 35209, 54804, 1380, 5943, 10303, 4204, 8772, 38663, 50018, 28835, 50077,
        23236, 58207, 17611, 58338, 19170, 47732, 17391, 30098, 59912, 18504, 5797, 7658,
        6597, 49336, 56308, 39208, 15912, 1567, 51993, 15385, 11988, 12331, 7803, 47421,
        53572, 706, 38675, 11581, 58386, 3503, 33767, 30358, 36887, 22080, 22820, 53287,
        33975, 42811, 44547, 16398, 7335, 1164, 47946, 16965, 57557, 55629, 22543, 48009,
        41088, 21906, 39629, 22771, 47565, 30235, 52283, 43759, 7148, 26856, 55114, 57380,
        54411, 18578, 45109, 51246, 58210, 41315, 49659, 32362, 50940, 57330, 4338, 10532,
        19145, 37570, 7228, 42583, 13013, 39437, 18101, 13384, 15439, 46396, 11952, 5277,
        46538, 43354, 24729, 43109, 18032, 7896, 41978, 17727, 14652, 45434, 42709, 34449,
        60356, 51275, 38277, 49865, 41585, 61145, 64530, 14219, 22237, 45236, 33270, 9588,
        28374, 2607, 50593, 2623, 56302, 20860, 51999, 7648, 27012, 5217, 43731, 63541,
        20085, 42764, 52723, 62499, 51246, 61571, 13047, 3009, 58857, 45642, 30390, 33418,
        36788, 53661, 32115, 44239, 33967, 58365, 27165, 315, 19837, 35577, 34332, 43255,
        33963, 6004, 48574, 7869, 52362, 17705, 39357, 49986, 51103, 3766, 53479, 27716,
        12558, 43575, 49616, 19051, 44760, 38418, 46643, 7553, 49847, 19878, 3773, 24032,
        5312, 34567, 19749, 19832, 62395, 61283, 20292, 64267, 48550, 33941, 11462, 4198,
        18507, 5964, 1616, 36004, 24390, 27091, 55872, 17845, 61757, 46352, 33562, 54387,
        22372, 37792, 62652, 36016, 33497, 3737, 5250, 49553, 44376, 49531, 13350, 33202,
        52745, 22452, 58328, 53680, 41683, 43094, 55150, 51683, 27912, 46300, 49055, 5387,
        8415, 28139, 13877, 28670, 37694, 45505, 34207, 11313, 23445, 59013, 49054, 46609,
        62393, 29332, 40136, 44300, 44510, 41070, 44749, 1045, 13342, 57483, 45303, 46505,
        43191, 15503, 10643, 822, 29974, 16167, 43265, 54803, 53864, 7456, 15099, 59314,
        31003, 65270, 58366, 10616, 50905, 13374, 39738, 26918, 6100, 35532, 56633, 24420,
        21657, 63916, 2342, 14576, 52693, 40483, 2168, 64142, 2549, 44240, 52032, 63423,
        52445, 21890, 42292, 54973, 38169, 58427, 29169, 22516, 55933, 54578, 15868, 27222,
        19309, 38666, 6539, 10646, 12609, 37186, 8185, 16451, 47381, 51090, 24654, 7004,
        38638, 18511, 62330, 38837, 1251, 20129, 58493, 13451, 51509, 52184, 50021, 4593,
        19936, 32113, 4283, 50608, 64208, 61170, 62576, 44291, 1510, 65273, 64528, 169,
        65008, 48335, 63634, 34701, 57815, 22981, 493, 42155, 7668, 53984, 14966, 28094,
        24821, 6627, 55970, 49521, 55643, 59289, 62356, 34623, 58205, 43888, 41967, 60801,
        2514, 34653, 13147, 65037, 23679, 51122, 64554, 61255, 30550, 23711, 39705, 37705,
        57163, 5263, 18153, 45927, 15037, 62073, 17050, 35910, 62814, 38569, 10580, 22665,
        32537, 52789, 4097, 1264, 150, 40145, 27149, 41451, 51993, 15452, 55822, 16349,
        8458, 64924, 6528, 57038, 8036, 17391, 11971, 1788, 54320, 59778, 15294, 18104,
        61327, 21278, 46355, 6935, 20970, 39180, 26802, 10176, 27583, 5591, 4057, 37393,
        32482, 29379, 1341, 31154, 5343, 46223, 54821, 62175, 62159, 19423, 24197, 2109,
        32437, 10723, 14460, 30147, 4808, 36193, 47114, 43751, 15092, 47167, 27795, 24122,
        4662, 53587, 28940, 17958, 59430, 45435, 59283, 38401, 37025, 34159, 41918, 57650,
        45038, 13609, 36201, 7123, 44687, 28401, 60859, 11993, 10128, 60671, 32350, 34138,
        20039, 61528, 20109, 31762, 23107, 10335, 27270, 39639, 56328, 19303, 53090, 32215,
        63430, 32391, 35107, 49960, 57308, 28496, 8589, 9077, 12806, 28006, 29279, 3867,
        3500, 35277, 40030, 37309, 11438, 47452, 3480, 27424, 29224, 43358, 54362, 29601,
        23253, 1595, 39896, 48653, 60566, 61013, 56208, 64354, 55174, 35089, 37893, 23780,
        40769, 65240, 21801, 57628, 37243, 10776, 53571, 29628, 38770, 35855, 50832, 31908,
        17015, 14824, 45861, 35178, 21695, 48471, 45657, 6272, 48533, 54213, 52033, 62862,
        16362, 10599, 22980, 33143, 41626, 10390, 18845, 8360, 8301, 11259, 60238, 59343,
        19058, 40864, 29305, 46134, 41843, 61733, 27889, 13376, 46617, 45810, 60938, 18275,
        30455, 11548, 54007, 48007, 10621, 13633, 41396, 62949, 55368, 18197, 26732, 23665,
        40410, 15378, 61017, 46637, 56197, 38468, 7558, 8754, 35828, 38168, 42182, 46481,
        41347, 47336, 37253, 14933, 33568, 49901, 53200, 25132, 26387, 45852, 27269, 13682,
        51814, 9689, 32003, 57890, 24311, 20336, 14242, 20762, 23525, 29353, 31681, 50451,
        23875, 3055, 42373, 22960, 44961, 48122, 59743, 1829, 31547, 32209, 41554, 15771,
        57307, 50202, 17010, 49702, 58507, 39513, 21981, 57994, 4139, 4499, 17624, 6200,
        44678, 31987, 23056, 9616, 33462, 40789, 17575, 9061, 37455, 58947, 53270, 43123,
        8823, 62818, 22800, 62782, 44662, 32495, 10602, 15426, 36322, 2793, 51716, 22624,
        19702, 55926, 39304, 18411, 48336, 50945, 40879, 64190, 28943, 49993, 14313, 59476,
        210, 38134, 62580, 39884, 14594, 46322, 53522, 52422, 52305, 39758, 64778, 5230,
        11102, 33004, 1662, 12244, 676, 11660, 25740, 63428, 14076, 51706, 38716, 537,
        48829, 54549, 48970, 8886, 16079, 46981, 31824, 59673, 36822, 27107, 13814, 30895,
        17536, 24444, 56554, 36008, 45859, 62067, 50392, 61859, 52338, 56113, 5014, 28305,
        65061, 24421, 41936, 54690, 13582, 49737, 8639, 22250, 64154, 41577, 46001, 38628,
        36308, 41717, 18554, 54124, 61244, 65148, 47708, 26060, 18084, 43117, 27593, 9651,
        48377, 13120, 4091, 32785, 65384, 19635, 26699, 34346, 48457, 34295, 62898, 1778,
        38356, 10498, 59295, 47876, 10352, 37115, 44070, 54844, 10366, 29075, 23501, 24486,
        45324, 49029, 32598, 45918, 7492, 29176, 64926, 47719, 43630, 4331, 8861, 50553,
        39994, 35194, 6968, 65369, 26611, 18705, 24961, 21345, 21287, 59701, 34367, 38155,
        1501, 34486, 51498, 60431, 44120, 1517, 21352, 48911, 4082, 41039, 14925, 63427,
        32313, 4462, 11156, 11863, 28523, 46375, 13464, 4589, 57969, 63976, 2319, 42753,
        40623, 18632, 44637, 27940, 27966, 31328, 24021, 6887, 46437, 51725, 36303, 19910,
        49227, 12847, 49659, 32103, 42503, 25706, 55871, 1238, 24315, 57595, 36704, 55966,
        13225, 7371, 32011, 13545, 37562, 54341, 17250, 40659, 29077, 57659, 21742, 45779,
        34819, 44515, 10060, 26162, 9577, 29092, 14746, 48901, 65015, 61258, 58537, 34051,
        37560, 54194, 49268, 4085, 42447, 19059, 53958, 40059, 11278, 34551, 13120, 10842,
        20554, 11644, 62492, 22378, 9204, 48851, 53730, 5262, 9157, 23648, 28603, 42759,
        58203, 57478, 32753, 64380, 56527, 576, 60748, 43993, 7102, 31092, 57612, 57154,
        54447, 54402, 59573, 3075, 38221, 17297, 64694, 8112, 52842, 27627, 19817, 55550,
        43326, 22865, 55294, 53910, 33365, 62347, 12717, 1517, 35059, 48841, 20739, 56912,
        37060, 45652, 52000, 40015, 27451, 18025, 10086, 30239, 33250, 47204, 12231, 32826,
        34171, 27626, 7690, 32337, 11207, 14898, 47964, 34435, 43640, 55466, 49059, 61536,
        34944, 1924, 6191, 50132, 60627, 8298, 33856, 64813, 43189, 43231, 6593, 54987,
        28351, 53657, 3200, 62030, 47898, 53159, 35508, 17891, 55313, 16564, 61864, 54724,
        59146, 18668, 41792, 6781, 48394, 55979, 6741, 7279, 47492, 13646, 19608, 29657,
        15144, 12002, 51423, 21248, 60039, 8085, 48453, 56907, 39806, 47899, 20670, 23281,
        54413, 422, 61112, 9124, 19078, 15805, 59493, 52174, 35233, 29642, 6502, 7163,
        24339, 35646, 15184, 2785, 18558, 61972, 29377, 56660, 39182, 22930, 38398, 9568,
        30080, 39609, 14608, 29571, 28169, 54837, 12598, 10603, 8934, 53977, 51400, 56720,
        17106, 14388, 39875, 52697, 8985, 11506, 42885, 27642, 16622, 25497, 60641, 18885,
        7490, 26694, 30847, 503, 35315, 11403, 23724, 8626, 59418, 25511, 57054, 60171,
        1737, 29637, 20547, 44897, 14920, 20926, 46938, 23133, 62246, 29849, 49837, 21359,
        49372, 19517, 16992, 52893, 25948, 42223, 38214, 104, 5410, 13859, 17009, 11494,
        38559, 38278, 25923, 56638, 50009, 57041, 45931, 54306, 56225, 59288, 9586, 33481,
        10993, 52304, 44143, 53265, 11191, 42131, 56673, 32373, 60263, 50157, 28763, 56803,
        14239, 52256, 13848, 55009, 3564, 37325, 3951, 20614, 10444, 49112, 35254, 26541,
        31998, 5022, 1570, 51399, 2598, 6150, 13963, 15970, 7496, 52342, 43933, 905,
        32405, 33564, 20031, 59831, 58534, 61359, 46844, 37486, 30060, 11381, 49528, 56707,
        64721, 46847, 35132, 5012, 22053, 23398, 46770, 63952, 1754, 43441, 28946, 52303,
        48733, 9015, 45528, 65044, 47460, 53046, 16238, 35844, 3973, 9822, 48935, 43207,
        26516, 64356, 21495, 27742, 46746, 17780, 42808, 2278, 38701, 43854, 10905, 42315,
        16151, 10480, 47842, 49391, 40893, 33748, 13010, 54660, 58163, 19665, 60439, 1398,
        18089, 18448, 34082, 38879, 10732, 8574, 5878, 42700, 41587, 49034, 24790, 26107,
        58961, 16786, 49265, 21172, 30680, 64156, 47777, 36802, 58175, 44159, 37519, 38543,
        36374, 38410, 34824, 1248, 50486, 34641, 22473, 25271, 47752, 8907, 46427, 5015,
        64814, 24908, 27791, 38489, 18832, 54810, 59816, 9869, 33776, 12341, 33694, 31060,
        31527, 1426, 64975, 57212, 54483, 49443, 24939, 17960, 58249, 13880, 35429, 61658,
        49573, 25479, 14165, 56855, 39908, 50453, 29115, 47216, 47326, 18916, 43859, 39054,
        57263, 9435, 11508, 61476, 61651, 19851, 34638, 36361, 12735, 10396, 10370, 48089,
        56279, 28075, 32144, 5146, 57179, 40795, 52844, 5136, 24317, 57865, 59573, 21496,
        35897, 13373, 28542, 52997, 36560, 28401, 52277, 23358, 31676, 10713, 58208, 37727,
        2685, 28393, 14180, 39139, 37385, 32328, 44424, 17549, 41265, 42308, 29793, 50308,
        41213, 23892, 25028, 57394, 22257, 53838, 23286, 35264, 34621, 15976, 34163, 28689,
        18304, 8515, 61597, 60031, 4100, 47565, 39197, 5326, 47956, 61660, 48466, 17828,
        40625, 34550, 2218, 31121, 49300, 33726, 46269, 35008, 53914, 29699, 37224, 18925,
        12171, 50239, 38808, 1726, 58508, 14233, 46912, 18519, 56871, 10119, 32513, 26023,
        40814, 7379, 27062, 40538, 4680, 12235, 21982, 23843, 64036, 13348, 24524, 6589,
        27684, 57737, 38757, 30179, 54478, 20903, 10771, 2140, 61000, 42961, 26820, 12424,
        17881, 15588, 52399, 47587, 47471, 55377, 3773, 25777, 22862, 36751, 34469, 9861,
        4508, 52610, 4441, 9876, 36569, 57953, 6288, 17961, 36112, 136, 17508, 47928,
        42365, 29859, 22127, 19144, 49149, 39261, 37270, 25349, 35913, 2652, 4083, 24989,
        14322, 11588, 55329, 50740, 28079, 11975, 42036, 3031, 41746, 53432, 14174, 30215,
        54865, 32428, 57547, 64724, 12999, 42767, 53045, 62103, 23177, 847, 38796, 13247,
        53483, 13624, 13845, 2983, 11716, 42106, 39997, 33072, 25294, 20771, 26405, 56445,
        52672, 38666, 39128, 13940, 62981, 10960, 46529, 38111, 49054, 13354, 29006, 39532,
        49817, 35252, 63565, 609, 8098, 60453, 63478, 33504, 30682, 58543, 29862, 23217,
        27566, 13715, 39533, 38991, 14715, 13761, 46081, 61614, 43242, 12534, 55626, 62290,
        27103, 37390, 10736, 58494, 39467, 6845, 37801, 41419, 61488, 17699, 3395, 47242,
        41287, 39897, 55585, 8565, 43159, 45512, 8334, 60433, 48840, 64943, 19869, 57651,
        59111, 19990, 44751, 13714, 13811, 49753, 23451, 33457, 62634, 64613, 2454, 43067,
        30831, 37861, 62276, 44952, 46138, 58227, 25087, 40013, 43438, 46498, 20663, 32904,
        15823, 48888, 56491, 44532, 18639, 6212, 9015, 29539, 22116, 36527, 23592, 159,
        60700, 43585, 40525, 7542, 52743, 349, 49567, 55820, 51858, 33181, 46391, 58473,
        62937, 8573, 29528, 42967, 30685, 8847, 55748, 58901, 14417, 40537, 27043, 62595,
        52311, 19946, 38881, 25958, 45906, 16613, 52098, 3059, 17142, 6176, 901, 7391,
        42141, 60838, 2272, 35814, 42385, 28794, 8948, 693, 18949, 46057, 37783, 33705,
        1775, 30163, 54540, 10243, 62248, 60694, 8745, 61340, 20095, 18566, 18802, 63009,
        54507, 29576, 59581, 52665, 14772, 49174, 41229, 29396, 54621, 22194, 41405, 21300,
        2998, 63790, 56645, 53666, 12564, 41527, 59919, 25519, 12838, 46040, 43411, 23259,
        60884, 15000, 2547, 51857, 60842, 11817, 17013, 7348, 64197, 14182, 52655, 20340,
        29127, 22628, 17453, 48221, 29508, 41114, 22848, 5001, 8382, 6439, 37085, 17442,
        7579, 56110, 19782, 57915, 59411, 46915, 26383, 25040, 52981, 45559, 1214, 32679,
        45279, 29244, 50383, 6331, 27688, 32978, 32550, 35595, 20879, 6929, 61674, 32449,
        7231, 49462, 1159, 15053, 46569, 47931, 32086, 11968, 25945, 44805, 9768, 2093,
        57206, 48189, 19976, 29219, 25982, 22523, 20418, 60219, 39369, 35507, 12259, 257,
        59814, 13187, 50550, 8830, 60998, 16968, 572, 33795, 5962, 8000, 9590, 61607,
        15661, 8157, 145, 28277, 15359, 17997, 9444, 55697, 6616, 60099, 27744, 15261,
        22990, 13950, 33450, 54621, 36856, 9978, 30073, 21540, 4585, 25853, 52871, 28003,
        55492, 27418, 7899, 20805, 32907, 40075, 9768, 40450, 34195, 52688, 17148, 27214,
        25804, 5969, 25108, 49049, 35027, 10120, 27424, 61378, 24, 10663, 1590, 20344,
        59913, 44018, 34212, 20593, 51025, 38352, 32293, 44978, 12549, 64046, 19270, 14452,
        3448, 61004, 20208, 17313, 46903, 52436, 47217, 57681, 2790, 27041, 64712, 45929,
        7384, 38956, 33648, 1222, 51324, 23123, 2272, 10820, 62845, 37752, 58997, 26631,
        62508, 64522, 53872, 63995, 25288, 3519, 48461, 17975, 53417, 12269, 32782, 34258,
        57466, 51362, 932, 2617, 479, 61961, 35762, 33479, 3274, 50654, 30618, 45734,
        12728, 63673, 3305, 28958, 37185, 912, 16849, 24234, 6319, 2382, 3890, 63716,
        26394, 18769, 30168, 60701, 965, 60671, 61034, 15355, 38714, 4873, 25570, 49091,
        18724, 24693, 9589, 28678, 50369, 55920, 51954, 11283, 32945, 6808, 53188, 33276,
        3428, 46449, 52013, 55591, 5178, 63669, 32576, 2317, 17023, 54863, 29769, 2695,
        55739, 686, 44112, 18025, 38497, 45029, 18019, 62159, 12958, 51877, 11242, 4235,
        11608, 8200, 48038, 19468, 19005, 58457, 34962, 32440, 64227, 48573, 47121, 24534,
        45325, 24112, 29205, 3518, 546, 45620, 49919, 13895, 27499, 1251, 51816, 14890,
        21809, 55480, 4172, 11813, 45456, 22036, 64857, 28944, 50648, 39231, 34968, 49743,
        10295, 30714, 39036, 16449, 5997, 39146, 37220, 32381, 44226, 35646, 3949, 1793,
        36485, 13815, 3984, 11582, 24646, 37977, 38711, 48717, 62174, 39691, 32676, 20346,
        5472, 41565, 45345, 28310, 11715, 50787, 18029, 13080, 44614, 50178, 62340, 3425,
        42913, 10332, 51459, 23661, 28872, 13170, 55017, 42213, 14251, 64072, 6384, 42533,
        49566, 33322, 12425, 61536, 51565, 60973, 1603, 32023, 22918, 2423, 12508, 28777,
        29218, 57368, 13557, 6506, 64337, 38586, 28650, 60737, 14436, 4625, 55516, 55681,
        51864, 35359, 51551, 39023, 39939, 41867, 36020, 656, 62602, 44977, 3271, 46494,
        32507, 48928, 4944, 7072, 8281, 15568, 46598, 5476, 32956, 63835, 21557, 35224,
        6371, 55575, 46797, 47768, 17772, 28737, 26921, 10000, 18735, 43622, 45652, 38544,
        36537, 17801, 33040, 13805, 23254, 8704, 574, 61493, 36903, 19275, 52545, 5050,
        1270, 19390, 47696, 47565, 57128, 31902, 33898, 1768, 11746, 36945, 12497, 23480,
        48290, 21897, 20151, 64006, 32463, 42382, 25469, 48448, 27829, 43441, 31598, 8196,
        10081, 28845, 43920, 50498, 19200, 9794, 32299, 17760, 35862, 55616, 61763, 31692,
        34191, 14981, 44377, 52299, 44477, 37733, 5533, 64621, 63954, 34517, 58592, 5130,
        35018, 36120, 56847, 22011, 8693, 38900, 46500, 15215, 6795, 13752, 60851, 59085,
        53264, 2123, 7026, 21411, 20768, 64965, 45923, 61365, 37518, 36422, 27430, 30144,
        44961, 24159, 11389, 26321, 6374, 18392, 41442, 45443, 35451, 15412, 15975, 43450,
        45250, 50920, 64498, 4811, 32382, 3611, 31524, 4384, 35369, 59528, 61856, 45505,
        34285, 3857, 56204, 24432, 7751, 37350, 47393, 19546, 62136, 5683, 37265, 63094,
        58966, 46657, 18022, 51176, 8243, 47109, 846, 62337, 33276, 37395, 35652, 35637,
        37957, 36622, 4909, 43248, 9771, 55288, 36931, 18854, 4028, 8319, 47679, 4204,
        44202, 15413, 43820, 19597, 62234, 35006, 21080, 27008, 2276, 10710, 4670, 52820,
        49454, 56009, 27342, 39735, 31808, 51483, 55018, 11162, 43554, 13971, 3962, 41357,
        42600, 64886, 55519, 52006, 55403, 62881, 30896, 32701, 52535, 5781, 63513, 24569,
        52771, 59632, 57412, 23651, 64320, 20943, 61229, 60513, 57590, 40408, 62151, 30506,
        50340, 29945, 54437, 40153, 64826, 51305, 34666, 45378, 35313, 48779, 61848, 61393,
        35720, 64621, 48573, 11821, 43973, 18334, 25000, 6373, 23977, 43630, 26196, 60774,
        51552, 36083, 18195, 36430, 60538, 29218, 29527, 41050, 6477, 47315, 58161, 18596,
        5558, 18024, 9725, 35737, 12509, 51771, 26913, 59247, 11862, 53568, 35546, 22841,
        10886, 21664, 18424, 55290, 37283, 43903, 49785, 54952, 12847, 2110, 24114, 22483,
        54218, 495, 8970, 30617, 43355, 11768, 13519, 39117, 44363, 32434, 25675, 48119,
        10591, 50757, 416, 58635, 21014, 37126, 56195, 36904, 20503, 58615, 43026, 38231,
        4390, 26078, 45031, 56746, 35124, 51904, 36120, 11990, 54402, 54001, 38664, 3820,
        30131, 29371, 37485, 47085, 37286, 3107, 17093, 23654, 17419, 40666, 6579, 40750,
        60581, 17756, 59720, 31642, 26204, 38405, 30333, 18072, 54136, 60354, 52680, 8925,
        10915, 23745, 36753, 32794, 39024, 58784, 59895, 12552, 34537, 54027, 34243, 41169,
        46660, 38012, 22815, 31755, 9489, 26382, 37393, 54333, 22125, 22171, 16866, 29009,
        26860, 14021, 53858, 36432, 30767, 3021, 26202, 13271, 2475, 21455, 39378, 715,
        31653, 7145, 42793, 54517, 44035, 5196, 55136, 25900, 53507, 59531, 59731, 19933,
        60143, 8099, 12043, 25749, 61087, 31516, 21074, 38078, 58342, 16458, 27515, 58857,
        25220, 59850, 849, 15169, 36120, 60217, 64311, 3819, 21328, 37018, 52415, 46566,
        15977, 7776, 60122, 25809, 18470, 13128, 47889, 9260, 43170, 31044, 44508, 52412,
        60482, 40824, 427, 62732, 42934, 5572, 13443, 39962, 43903, 49726, 49168, 15114,
        16480, 2067, 15371, 23194, 35799, 6968, 12824, 9329, 12017, 41323, 53489, 50300,
        43350, 3315, 21455, 928, 32113, 24322, 50326, 25168, 6314, 46123, 26152, 57285,
        65250, 26837, 54354, 18559, 5815, 27353, 7880, 18800, 58739, 3375, 56667, 62994,
        30917, 40290, 21576, 58230, 26986, 32374, 1616, 51516, 5474, 53672, 58689, 63114,
        49400, 21150, 5038, 14775, 6928, 61598, 50623, 27199, 43100, 22971, 34438, 63301,
        34716, 42278, 8381, 31001, 35525, 64165, 12825, 37271, 7801, 30144, 34024, 7760,
        21727, 24629, 20198, 59230, 56153, 57360, 15319, 58501, 25827, 284, 10877, 22736,
        17614, 46212, 26471, 50363, 55959, 46134, 36277, 63956, 58483, 35077, 62026, 13000,
        30069, 9585, 10772, 51934, 40499, 58965, 7990, 28407, 23591, 19491, 35059, 18120,
        61340, 2919, 38635, 16723, 58272, 1921, 32692, 59484, 42605, 56801, 48495, 56065,
        30399, 33679, 12040, 31780, 49143, 48614, 23062, 29626, 64247, 5417, 4265, 10295,
        49123, 29353, 37329, 24549, 37969, 7009, 52359, 18681, 44075, 46267, 65509, 33516,
        15664, 60491, 39353, 17701, 36366, 3608, 45393, 65037, 34890, 8336, 47289, 46637,
        59652, 13491, 43381, 55378, 41804, 1617, 32417, 26624, 25592, 42529, 64975, 32602,
        14875, 36075, 37492, 38812, 5674, 42147, 8488, 50697, 1097, 42843, 62727, 14967,
        25032, 16500, 12417, 53771, 38749, 16627, 23360, 43082, 27174, 22015, 47181, 62370,
        6735, 55955, 30202, 45841,
    },
    {
        41606, 63750, 5070, 22157, 27327, 50166, 37375, 34791, 15431, 24736, 14078, 39870,
        7665, 27394, 47982, 29967, 488, 43762, 2913, 33400, 60452, 34313, 13110, 39486,
        15491, 8200, 6058, 4098, 17516, 40056, 2060, 1946, 37833, 45319, 12688, 24015,
        30821, 50734, 47933, 28867, 18561, 4786, 47656, 21671, 58339, 27343, 18436, 52649,
        29537, 34247, 6703, 2172, 56600, 33508, 2104, 15184, 37240, 25366, 4512, 38701,
        24188, 32389, 27955, 28083, 15921, 23945, 25651, 59937, 8506, 31637, 47453, 60930,
        4048, 5844, 2413, 1193, 18195, 31927, 28359, 6060, 60571, 38395, 46445, 31122,
        50372, 40569, 2898, 46349, 44229, 51861, 60465, 3339, 53354, 50084, 42175, 58217,
        33446, 34186, 59923, 29031, 17577, 32436, 16813, 2601, 615, 39561, 50657, 15822,
        12066, 52665, 62379, 49894, 33420, 3391, 6766, 15113, 1471, 64193, 52401, 34462,
        33428, 27191, 5879, 43454, 11575, 56397, 53997, 57849, 64, 1056, 45401, 32917,
        21139, 38192, 6800, 23945, 41956, 20964, 4963, 2259, 28406, 16155, 64508, 30858,
        504, 48804, 31318, 47773, 26396, 45054, 46890, 29823, 57030, 32, 23002, 41734,
        35549, 44410, 52048, 23635, 30157, 48643, 59689, 43191, 9951, 54564, 39791, 4210,
        64484, 39352, 22470, 865, 27448, 61987, 32921, 10860, 32458, 27292, 11152, 8376,
        33002, 45633, 14320, 48592, 46821, 53791, 21154, 10439, 25137, 19374, 45929, 7915,
        61576, 38151, 22915, 35715, 16494, 64824, 20545, 56601, 53642, 31263, 17868, 60367,
        45571, 9756, 46970, 61111, 1395, 41535, 5349, 55510, 21023, 16969, 59673, 20281,
        3372, 39584, 31525, 22267, 28200, 4331, 54744, 60473, 5203, 36468, 36289, 48558,
        16828, 65288, 25565, 5567, 11459, 3816, 9403, 29087, 60678, 35745, 29639, 9423,
        52202, 53296, 50775, 5021, 36253, 63617, 62368, 52342, 46766, 46187, 47946, 52986,
        996, 62062, 37686, 38530, 23748, 15836, 27567, 19131, 39590, 23915, 38531, 25923,
        62876, 46625, 51054, 38215, 10765, 14551, 20925, 58139, 50270, 52959, 18747, 51726,
        31630, 7214, 30063, 266, 54872, 7988, 28703, 36816, 33009, 7361, 31475, 154,
        3973, 6532, 23215, 7605, 42400, 11952, 22174, 58139, 15959, 45068, 33710, 51131,
        16585, 42743, 39724, 60724, 23491, 34733, 60556, 14360, 11779, 8671, 48839, 57753,
        51288, 47943, 20211, 2954, 14112, 56666, 24666, 23742, 10394, 65182, 39683, 60151,
        21213, 28618, 14813, 2334, 29842, 11465, 15260, 936, 46345, 18463, 41327, 22167,
        32331, 50103, 62174, 19475, 16546, 22875, 4309, 34070, 12482, 64336, 16637, 51041,
        62309, 31902, 39587, 34962, 5685, 9809, 18283, 44062, 30630, 49255, 32655, 57893,
        15325, 18844, 36907, 61585, 17149, 488, 8179, 18628, 21077, 8250, 25659, 31692,
        27726, 45226, 60105, 16526, 60435, 43257, 64479, 18186, 42027, 29937, 44055, 7994,
        57866, 48865, 34208, 6651, 33341, 45384, 39437, 10150, 17222, 53361, 62159, 41455,
        37244, 12979, 47081, 56839, 52258, 6495, 25106, 9023, 41556, 36618, 43300, 2070,
        8825, 3536, 53323, 47032, 40732, 60658, 60783, 47272, 45961, 8036, 7487, 19894,
        44908, 24886, 47754, 9280, 7505, 51997, 38002, 19122, 56481, 41843, 53755, 58459,
        40905, 58971, 23244, 45588, 61766, 35663, 46413, 1686, 13429, 51399, 29366, 54017,
        42989, 28975, 44173, 50772, 64315, 49315, 56234, 63239, 36663, 33762, 8562, 32157,
        53601, 10295, 2356, 57646, 52268, 47163, 16368, 1672, 47356, 10717, 6860, 34011,
        58592, 64779, 7649, 51245, 34193, 6808, 13855, 46814, 37366, 2869, 4237, 57383,
        41634, 22354, 31641, 23249, 34458, 42622, 4127, 3401, 26133, 41242, 17044, 47265,
        3253, 1770, 45608, 1609, 12553, 12874, 4853, 44401, 977, 28737, 30116, 63931,
        64182, 57748, 22709, 63939, 48303, 25813, 24809, 60299, 11821, 62436, 14593, 57238,
        18959, 53337, 16332, 34339, 33233, 46638, 11070, 13234, 32599, 11881, 17034, 28519,
        45490, 7256, 37934, 10538, 62722, 63855, 41696, 55666, 38980, 6722, 54312, 33559,
        40393, 57216, 34264, 63776, 37110, 45147, 18237, 852, 58760, 7694, 11290, 11179,
        21312, 51358, 31069, 36929, 1292, 52721, 23318, 48678, 64753, 62278, 27126, 58121,
        16293, 10344, 11335, 7070, 38296, 41706, 16779, 877, 45741, 31768, 44924, 22753,
        3145, 60843, 53667, 5673, 43881, 29302, 61472, 49986, 28140, 25107, 33195, 54693,
        39780, 28793, 42610, 21992, 15197, 30346, 7286, 34701, 14156, 40149, 34837, 20937,
        32438, 22552, 8717, 9176, 1325, 7014, 60584, 586, 55888, 17144, 31262, 56557,
        15730, 64849, 14595, 648, 65150, 26041, 25129, 31311, 38828, 22880, 13794, 2004,
        35138, 26374, 62203, 54689, 6822, 19062, 849, 53083, 19, 49529, 26783, 4219,
        54615, 970, 65022, 40925, 37170, 17362, 54705, 2913, 46425, 62834, 43051, 47747,
        19518, 2410, 5045, 13995, 49757, 6568, 26562, 29519, 32717, 27060, 30454, 40714,
        14139, 40243, 57630, 38071, 12601, 726, 13584, 32564, 30397, 38272, 63412, 49012,
        12175, 14746, 1051, 43228, 57067, 14065, 35302, 34575, 49258, 2060, 27595, 44684,
        52621, 54816, 35819, 38445, 20487, 30050, 17769, 26976, 44125, 65171, 15567, 6980,
        41560, 32728, 3919, 4695, 55083, 1101, 21638, 43013, 48352, 9559, 20526, 17663,
        33526, 38878, 5391, 28611, 29760, 32538, 62013, 45514, 26759, 24049, 3576, 6894,
        46509, 53879, 13131, 6551, 6558, 36591, 8278, 8752, 8524, 53338, 54877, 60826,
        63643, 37520, 6014, 10003, 61055, 36841, 31608, 41273, 43294, 8143, 60359, 54527,
        58866, 40134, 63380, 10855, 29727, 4010, 50417, 4427, 7845, 46319, 41071, 63319,
        5765, 31587, 24488, 38824, 52582, 12418, 52348, 28719, 20090, 64280, 46506, 44399,
        6830, 31453, 4090, 50855, 50232, 20652, 23685, 1275, 59313, 30553, 61133, 16853,
        1559, 42735, 43258, 20680, 22934, 30799, 61727, 40866, 41343, 6341, 3825, 42999,
        9753, 34279, 60629, 42578, 8188, 64886, 13739, 31692, 61303, 33776, 12114, 23328,
        63204, 20977, 44187, 15826, 20928, 36855, 2291, 54380, 4583, 11786, 44453, 9737,
        33477, 44664, 50169, 9030, 38943, 43563, 20845, 61391, 25821, 8121, 16146, 29273,
        5932, 58891, 3191, 27524, 37161, 44509, 37087, 41199, 35169, 53999, 16891, 33889,
        14395, 42930, 51523, 13589, 289, 25859, 39313, 12871, 11192, 5557, 34846, 23105,
        35942, 7207, 54741, 40639, 37902, 53560, 25157, 1262, 43199, 18498, 64532, 6268,
        44827, 24843, 63371, 14567, 17739, 26225, 25617, 52098, 12884, 44219, 21986, 32160,
        21470, 18998, 15882, 55706, 19926, 23740, 60212, 34507, 6752, 21161, 46987, 39671,
        51964, 17643, 55382, 50039, 56893, 8288, 36358, 27966, 39720, 3904, 62060, 40627,
        58752, 5270, 8944, 36418, 18501, 57670, 35754, 676, 61010, 31218, 37973, 20401,
        8855, 22810, 5178, 27678, 43260, 21214, 28822, 5899, 39853, 16798, 51077, 13740,
        49425, 765, 47414, 50217, 4902, 59421, 28129, 44005, 7290, 28226, 49256, 25981,
        55629, 20781, 51128, 45245, 61413, 39366, 52415, 15217, 49082, 44130, 18437, 12362,
        54607, 40824, 26499, 4983, 16405, 23642, 48180, 57299, 36494, 3693, 21141, 15020,
        30269, 36993, 13441, 19416, 20422, 26370, 62431, 33139, 22669, 63947, 23708, 13465,
        27549, 10796, 56410, 45112, 36302, 24829, 35162, 59901, 47249, 37668, 5734, 45915,
        49509, 26920, 53973, 32891, 9097, 47450, 19352, 46772, 36650, 33156, 49247, 39820,
        1797, 11763, 47209, 60636, 32436, 65452, 44854, 15695, 14282, 25767, 1097, 27728,
        38109, 46557, 28298, 31367, 61550, 46036, 20613, 4890, 7521, 28746, 6614, 19690,
        23195, 57584, 37327, 25182, 44664, 12109, 48890, 19094, 13564, 30568, 25014, 46191,
        25258, 27234, 46249, 30908, 3912, 62528, 55701, 57624, 5489, 43896, 21624, 25101,
        53898, 36919, 9222, 18310, 42998, 58092, 15825, 26690, 61901, 56331, 9470, 23521,
        50953, 29195, 14789, 9486, 45807, 55266, 21891, 36821, 29990, 33846, 52893, 64581,
        45778, 24884, 17807, 17984, 29106, 16540, 40345, 1787, 49659, 61249, 61811, 10620,
        33047, 7132, 171, 22846, 62196, 25161, 38023, 32457, 11342, 62355, 65186, 32185,
        24618, 12530, 17175, 2361, 29207, 4003, 21414, 28377, 6170, 41985, 33826, 21477,
        6570, 16921, 38787, 50333, 1029, 22735, 24712, 9828, 59595, 38405, 24438, 3941,
        26846, 6979, 44769, 53893, 19311, 57530, 28697, 7335, 52234, 14918, 471, 19960,
        43779, 4176, 43530, 41669, 2838, 10290, 7768, 33567, 42423, 3127, 13741, 3747,
        62849, 6093, 18181, 184, 47466, 17851, 57019, 62656, 2067, 18915, 56582, 617,
        20066, 4541, 62694, 62049, 62581, 17478, 25432, 29476, 46480, 40109, 19347, 25827,
        43123, 4448, 21539, 15688, 58611, 56814, 39010, 18585, 59756, 63308, 62244, 20283,
        42537, 28747, 5122, 34361, 27630, 62057, 56235, 45858, 34486, 21179, 8603, 2346,
        48513, 51853, 24530, 24179, 27157, 29927, 13283, 11801, 50493, 57654, 1472, 37746,
        41835, 59417, 38932, 20823, 22999, 25840, 14414, 22410, 48779, 22364, 6053, 1458,
        39522, 54165, 56161, 21898, 4966, 60099, 64028, 48082, 39641, 18359, 6950, 41702,
        32410, 42290, 55781, 23891, 35556, 18640, 40112, 18166, 29163, 34850, 37861, 2105,
        37383, 57725, 23173, 7586, 30579, 21623, 56569, 61476, 4007, 31344, 39631, 14531,
        32113, 44944, 12481, 65302, 7917, 29054, 63372, 52601, 55473, 17069, 30575, 10074,
        19983, 34109, 29552, 59779, 12643, 37164, 20396, 23296, 49346, 7034, 49154, 48251,
        32996, 56105, 49672, 59899, 10576, 9329, 3998, 29128, 4372, 25378, 65392, 3988,
        19404, 61703, 9739, 140, 51454, 52308, 25156, 34300, 16167, 52744, 8463, 38181,
        15530, 32997, 25464, 46679, 31423, 43354, 62352, 11030, 18647, 26746, 16378, 54573,
        43857, 57593, 28014, 48855, 26828, 46640, 24204, 2878, 13165, 20303, 13454, 25586,
        14448, 16433, 35394, 64045, 24756, 3042, 10826, 49971, 33635, 38925, 5840, 61265,
        484, 40931, 27535, 52003, 35975, 52600, 6298, 3844, 4844, 40707, 41619, 28063,
        52557, 42654, 15729, 56578, 15451, 35502, 53282, 14545, 47339, 45800, 20356, 24950,
        39957, 54376, 41483, 21332, 14187, 46728, 38176, 31198, 26032, 25985, 19327, 11096,
        49108, 3472, 5153, 17908, 31859, 911, 9391, 38794, 20578, 29911, 51965, 25389,
        15937, 60849, 37197, 26526, 23435, 63516, 33435, 33652, 23572, 27000, 14110, 44738,
        9008, 55568, 59163, 11642, 14953, 64704, 32627, 1017, 43036, 41457, 22077, 30276,
        12442, 59693, 5733, 3600, 30425, 21623, 62352, 8260, 21682, 62343, 27121, 33033,
        8301, 32089, 20603, 41452, 42584, 60139, 12923, 65230, 39601, 21312, 9153, 57034,
        63246, 14817, 34020, 56638, 26286, 19221, 54086, 32896, 22533, 43779, 7138, 40616,
        1371, 23771, 17430, 12699, 4037, 1798, 49240, 36535, 18994, 61025, 56131, 33173,
        48703, 10657, 11736, 25613, 49264, 17302, 54404, 39567, 20645, 21164, 12939, 48950,
        51494, 42277, 35590, 5256, 57547, 14652, 48577, 41505, 31515, 47250, 51732, 11599,
        64458, 31303, 61412, 48042, 29072, 44992, 49524, 42972, 30851, 39869, 1732, 38687,
        15650, 9996, 24355, 31546, 63823, 65064, 3939, 26124, 63000, 38282, 15575, 44927,
        517, 39674, 32137, 55189, 59530, 58123, 9889, 25755, 32410, 46677, 11536, 9581,
        35635, 37968, 49783, 51369, 33115, 10047, 6824, 55764, 42364, 11002, 56327, 30954,
        24616, 46620, 5596, 9111, 29831, 40341, 14363, 5261, 27530, 7554, 8550, 18638,
        42319, 41930, 47368, 23515, 15565, 41223, 3473, 5420, 31066, 34134, 15165, 891,
        21548, 31739, 49995, 11416, 57003, 60207, 46611, 32670, 31746, 11376, 55679, 40700,
        21891, 10715, 2835, 52077, 23473, 50935, 17426, 63634, 20011, 58131, 627, 38161,
        5362, 11827, 26280, 44404, 27931, 46045, 56693, 45382, 44800, 58651, 47482, 58178,
        11771, 28876, 19315, 40953, 29801, 65463, 12137, 43906, 7715, 2164, 26760, 32613,
        24456, 13359, 55633, 65240, 47588, 19867, 42090, 29995, 11717, 13560, 58820, 15014,
        43431, 17980, 15242, 57929, 1982, 4572, 50885, 49856, 5143, 22054, 29845, 5339,
        29606, 43164, 60492, 10169, 41451, 16846, 16305, 55369, 58370, 48813, 33214, 39493,
        32675, 26804, 61290, 48237, 26872, 30431, 49405, 40701, 38429, 57586, 21892, 33601,
        5057, 24473, 12323, 28031, 24731, 64415, 48374, 40528, 9393, 21717, 25714, 47741,
        37995, 12686, 25994, 46960, 3326, 48216, 4157, 4049, 51878, 31658, 22917, 51090,
        29744, 17389, 55207, 25339, 3969, 19823, 39123, 62462, 5950, 11564, 22242, 31796,
        20760, 39617, 52929, 9853, 17914, 45857, 35795, 62712, 7920, 12170, 12431, 44413,
        35691, 19144, 46726, 11404, 44082, 21821, 9277, 36415, 7777, 6681, 45800, 43395,
        8383, 20752, 1663, 47494, 12315, 14021, 47972, 34221, 9389, 15043, 51657, 34440,
        34853, 14010, 19081, 29964, 47797, 58513, 21030, 54288, 42073, 444, 65106, 8440,
        31200, 25526, 58523, 7848, 41844, 6438, 23682, 49428, 64273, 46052, 57818, 24338,
        49694, 32351, 46753, 63834, 31237, 8321, 12516, 33929, 47744, 49431, 15552, 38012,
        26116, 61059, 54765, 27814, 47355, 63043, 63859, 47804, 49495, 53851, 48374, 33152,
        52410, 46771, 27969, 44381, 2836, 927, 50138, 61587, 37720, 3510, 8959, 9622,
        12918, 9446, 60750, 5159, 4208, 58841, 46149, 43134, 40259, 31925, 48430, 40283,
        7777, 15045, 57521, 40253, 182, 41032, 64299, 23900, 60094, 35277, 39343, 30785,
        39762, 46224, 43951, 669, 14598, 28639, 20745, 35153, 2498, 55394, 37571, 10367,
        16411, 46689, 26216, 18475, 56657, 22804, 41004, 6297, 34445, 54540, 34152, 54109,
        4400, 18860, 46272, 38255, 32245, 51775, 1600, 42830, 25740, 15315, 6489, 9566,
        8411, 20551, 6491, 57964, 32388, 36813, 39491, 16670, 53424, 3474, 42539, 63739,
        50371, 34676, 44722, 10037, 62364, 30789, 39078, 31642, 10003, 33952, 41663, 25349,
        15208, 52219, 8541, 31290, 38653, 57459, 40196, 23, 36310, 45818, 2535, 23209,
        59870, 18475, 25323, 3184, 58538, 18399, 10365, 40875, 65287, 49228, 25441, 5808,
        34189, 47406, 51022, 55096, 55961, 37274, 20254, 52999, 40910, 3873, 7640, 64102,
        8240, 27168, 6288, 38084, 26655, 52468, 11185, 13122, 29435, 34834, 747, 7530,
        55523, 37251, 16874, 15577, 30899, 2089, 53970, 20137, 32041, 23403, 58496, 32930,
        59568, 5403, 41608, 37192, 27423, 19874, 26348, 9249, 31025, 55855, 30112, 40729,
        55901, 25687, 17080, 62693, 60819, 12863, 63992, 41223, 21656, 59418, 35993, 15013,
        32398, 11214, 59194, 56151, 43586, 34653, 65018, 30958, 49203, 58846, 34297, 61093,
        8436, 26400, 17118, 13053, 41636, 13603, 7606, 200, 35449, 8782, 33750, 32610,
        36145, 6620, 62252, 17970, 2826, 9181, 3713, 27380, 45446, 23957, 24862, 22612,
        62974, 57561, 55490, 31012, 58481, 10326, 62103, 57552, 50459, 7143, 18904, 5471,
        45710, 37362, 60, 11297, 8827, 44396, 44688, 32471, 47653, 327, 13234, 40329,
        20541, 23084, 3694, 54734, 32244, 3089, 52591, 16541, 28086, 35800, 61043, 61773,
        64249, 23373, 59737, 40436, 44833, 12042, 20060, 50316, 11050, 41108, 57809, 8988,
        13916, 59842, 13248, 7134, 31401, 60894, 8104, 48735, 47930, 62908, 57054, 33722,
        58963, 35068, 3356, 10211, 63155, 9398, 49915, 17634, 63907, 10090, 58539, 57185,
        1731, 10918, 1189, 27750, 40558, 53839, 50228, 35518, 51360, 63131, 4629, 14661,
        4450, 44347, 59216, 4405, 49869, 14556, 39279, 50028, 24344, 45553, 50437, 4336,
        47583, 18999, 58400, 28406, 17143, 56075, 38630, 16173, 36465, 57764, 59569, 14166,
        51807, 63762, 55411, 39809, 57343, 22164, 37613, 44428, 16383, 30001, 5669, 54187,
        58220, 33900, 14920, 33362, 31998, 18790, 13960, 27698, 31172, 35815, 22805, 16268,
        31368, 38620, 4388, 58541, 35892, 13669, 33228, 42359, 62290, 56061, 56293, 61807,
        58510, 24761, 57271, 11998, 6937, 13618, 41323, 23953, 23376, 15384, 47691, 21613,
        64511, 7094, 29030, 42851, 10646, 3304, 3610, 64210, 23955, 36165, 11481, 38249,
        37884, 47622, 56330, 29490, 41658, 42905, 46171, 56419, 19304, 36509, 7172, 33430,
        60795, 3220, 6000, 8686, 19019, 41581, 11384, 42330, 6723, 3769, 9513, 54898,
        18865, 36939, 54247, 46684, 36653, 54009, 46268, 12947, 6323, 58567, 41107, 56562,
        61812, 22535, 22796, 57827, 32572, 11280, 27457, 22318, 39058, 25043, 3820, 23794,
        19600, 8243, 707, 56354, 41031, 28591, 5285, 41064, 30772, 43677, 46202, 39788,
        59463, 39151, 58860, 14327, 44804, 45241, 14506, 6398, 576, 65128, 42190, 60384,
        26010, 41367, 32715, 7511, 57242, 1717, 24239, 54098, 10344, 52030, 28048, 37734,
        31927, 55582, 6590, 64915, 22415, 41228, 49807, 5991, 54414, 13592, 54866, 25776,
        60484, 22914, 51246, 50088, 21025, 25385, 12986, 29921, 9066, 38731, 36304, 58084,
        32362, 47979, 2837, 52175, 62868, 21139, 49668, 9544, 35670, 12196, 46349, 63372,
        12787, 50630, 38910, 51257, 42233, 58531, 32846, 11015, 12265, 12365, 48647, 5872,
        40427, 60678, 5315, 25374, 32389, 9324, 46672, 56598, 33402, 49096, 35674, 41241,
        25389, 4115, 35089, 40063, 32126, 11618, 50844, 31779, 27323, 43834, 59527, 59377,
        31902, 20195, 27872, 37093, 3203, 16554, 53740, 45035, 63736, 22917, 65336, 60872,
        5309, 61701, 42807, 58960, 47543, 24298, 173, 26737, 26273, 28656, 18858, 30523,
        16530, 29208, 35528, 47921, 11679, 16256, 20844, 59688, 26556, 5158, 37633, 11429,
        40983, 4903, 13419, 22656, 50325, 30658, 54079, 22521, 61491, 59726, 9460, 25314,
        32861, 34257, 25840, 43385, 6484, 8524, 38569, 19310, 55482, 7817, 25973, 38447,
        17550, 16362, 52871, 65137, 47630, 41356, 62030, 59700, 24665, 22747, 29638, 61106,
        46897, 30773, 64265, 56252, 3580, 44606, 35094, 37740, 33752, 64081, 29253, 45806,
        40333, 56073, 35025, 33243, 5830, 31296, 31270, 21060, 3181, 60367, 47867, 23874,
        7985, 62112, 52212, 2255, 47821, 16116, 29355, 30203, 7701, 9013, 32726, 1982,
        64479, 33452, 52673, 55054, 18798, 4007, 56189, 36437, 36889, 9318, 6098, 27654,
        12709, 21282, 56835, 37056, 5119, 47114, 30433, 14822, 15058, 33078, 34183, 14717,
        20238, 56062, 7466, 56416, 11032, 62898, 22412, 64992, 18909, 49193, 18589, 11151,
        49286, 55284, 32558, 63962, 39587, 5498, 13400, 31544, 8801, 26227, 17482, 22174,
        8066, 62748, 54611, 2179, 28667, 9728, 54602, 42237, 44097, 40683, 5930, 40290,
        35003, 20852, 32108, 63715, 61772, 40166, 64568, 56697, 53464, 59129, 37978, 24786,
        50161, 6116, 40929, 61041, 20518, 43768, 8333, 37658, 27895, 25660, 31818, 34137,
        29909, 29668, 47714, 22885, 31689, 6264, 54602, 18415, 42120, 5273, 33606, 1118,
        16288, 22051, 39974, 64803, 3001, 20794, 33192, 65505, 29647, 195, 54851, 24309,
        18632, 31381, 23469, 5076, 44543, 59690, 41406, 27723, 35668, 28156, 42836, 45163,
        5752, 43914, 9215, 57020, 19259, 15481, 52454, 46476, 35186, 47054, 2638, 22751,
        22120, 31234, 31837, 42567, 44839, 39993, 30980, 7042, 1066, 6967, 11499, 33467,
        52546, 56730, 43406, 37428, 51981, 1451, 29722, 57682, 13961, 62143, 1120, 63270,
        34317, 41996, 11014, 34749, 22912, 49809, 25360, 23517, 23315, 30210, 51421, 10425,
        15228, 7394, 9981, 39569, 14961, 38490, 55839, 39831, 58915, 54559, 33596, 16969,
        11409, 30399, 46923, 41120, 19462, 11593, 60155, 57087, 57983, 55053, 61537, 58931,
        50614, 13395, 55273, 28915, 44334, 39310, 25746, 44159, 64478, 54996, 18747, 58796,
        57806, 15476, 16218, 30109, 51536, 1429, 33963, 18279, 14033, 49155, 61216, 23580,
        11136, 54543, 54456, 51417, 64798, 11721, 1939, 28809, 5904, 19705, 47495, 60043,
        33297, 39276, 21379, 34956, 30524, 31428, 24245, 61892, 9132, 60832, 52694, 25382,
        47700, 7171, 26666, 19113, 16127, 43962, 64592, 15389, 55658, 23082, 1902, 46451,
        1228, 6031, 62421, 23479, 30307, 52870, 25749, 52516, 62967, 44900, 43384, 30804,
        29342, 32618, 35207, 40024, 64242, 65308, 982, 37359, 9211, 28430, 34589, 39331,
        20175, 54348, 44086, 43866, 19383, 19754, 17090, 61291, 15320, 62967, 11919, 3489,
        4378, 6030, 6222, 27014, 49307, 50589, 20466, 41194, 28330, 64201, 64708, 33241,
        1615, 12564, 23532, 33955, 24677, 61558, 46333, 47567, 35666, 21841, 25635, 11435,
        12330, 14342, 50983, 6638, 40390, 2009, 59631, 28659, 15334, 17747, 15524, 51270,
        53611, 36482, 15560, 45115, 43290, 25091, 21830, 13663, 49849, 51911, 47185, 53221,
        43578, 7693, 50682, 42680, 22650, 60503, 54800, 40314, 10404, 14333, 14805, 61440,
        44465, 54463, 8920, 58982, 13766, 17637, 25278, 19224, 21620, 34474, 16101, 5499,
        45796, 62340, 8546, 39298, 48753, 56323, 3590, 1192, 37690, 32644, 50325, 43074,
        63060, 13996, 33253, 62336, 6360, 53508, 26605, 57377, 9456, 23103, 4946, 45856,
        42292, 2799, 36396, 65321, 51022, 39503, 43469, 38560, 15520, 13876, 48403, 31902,
        8868, 39109, 5430, 1812, 30207, 36352, 14532, 63827, 63032, 23878, 43162, 27936,
        29485, 45326, 9624, 43277, 16865, 8572, 1092, 32000, 31920, 44528, 18330, 28608,
        30685, 10327, 58744, 36931, 59643, 8377, 60097, 50405, 38523, 54612, 21681, 22319,
        14564, 32377, 15176, 8475, 31513, 57896, 27021, 25493, 17939, 46909, 33832, 17698,
        20050, 57453, 46089, 20263, 51280, 52383, 39279, 48172, 49657, 42319, 1273, 5369,
        16154, 22296, 59680, 9232, 41420, 36742, 12535, 7892, 1109, 17840, 59925, 18804,
        120, 56729, 1900, 41881, 11445, 24995, 65497, 19695, 6085, 65445, 19413, 41288,
        63221, 61906, 61998, 6001, 7085, 18117, 40746, 37616, 33701, 47064, 26097, 25295,
        57072, 1069, 15897, 39759, 36248, 15966, 65006, 54868, 57948, 58465, 35698, 50313,
        7524, 10932, 43440, 25847, 48310, 64621, 12005, 10804, 60536, 39144, 48100, 2473,
        55876, 58530, 45180, 35681, 58900, 58722, 22257, 18718, 44259, 40157, 8136, 29996,
        32483, 502, 27894, 37931,
    },
};

static const int32_t opr_kkw_aux[2][2944] = {
    {
        47780, 14178, 64164, 65377, 60877, 29856, 61721, 21792, 8503, 55096, 28800, 27524,
        35274, 43335, 49449, 13982, 10422, 31661, 51604, 14375, 45918, 41364, 483, 56307,
        29048, 61807, 53960, 45493, 19398, 56412, 51670, 41200, 44105, 84, 59119, 20329,
        16719, 4483, 20513, 20734, 25308, 55972, 1747, 30770, 47935, 12747, 56782, 11733,
        53391, 38112, 8352, 49589, 9048, 29875, 57975, 31023, 31592, 14272, 62090, 4823,
        61057, 15996, 64794, 43358, 16225, 3568, 38811, 54414, 36930, 42671, 54813, 32163,
        13545, 12277, 55760, 61788, 4873, 43226, 46946, 25926, 4059, 8601, 42125, 53067,
        20307, 35728, 40542, 2404, 21920, 18241, 24522, 30636, 63959, 31263, 27638, 48366,
        12293, 52644, 25279, 10382, 44488, 64517, 37435, 16941, 65509, 62311, 46235, 4399,
        42003, 23253, 61650, 3119, 35051, 22404, 35223, 62933, 51249, 15329, 27576, 63605,
        40478, 46247, 61213, 6507, 30589, 33222, 1087, 18528, 57030, 38107, 24476, 19055,
        51649, 4071, 61460, 61747, 43387, 50864, 50435, 62010, 14173, 19462, 13006, 1403,
        64537, 36344, 48480, 20074, 43736, 16334, 63909, 23222, 53723, 22992, 22461, 31563,
        31488, 40685, 35273, 35118, 53229, 4746, 907, 35285, 61332, 9664, 15506, 8562,
        31928, 49996, 48882, 31110, 7041, 27701, 6343, 6282, 17652, 26412, 19952, 15902,
        18913, 35436, 65318, 24134, 51852, 36368, 20355, 34707, 52650, 56656, 1724, 1645,
        15628, 47807, 47371, 16462, 59947, 38925, 50186, 63220, 16515, 57209, 63331, 17327,
        33891, 16811, 17988, 46401, 7364, 52886, 19996, 51467, 63478, 22586, 37836, 14509,
        48197, 27143, 6724, 6688, 49005, 46245, 4082, 55142, 27620, 22995, 27729, 64468,
        14673, 26698, 30616, 64750, 56398, 50187, 41223, 46996, 40839, 47958, 63513, 14789,
        2483, 12540, 2671, 33421, 50812, 45447, 21381, 34386, 22882, 31560, 50966, 37636,
        30265, 57263, 44412, 47102, 23863, 65482, 36114, 6305, 26021, 38223, 47122, 57989,
        6329, 12111, 29289, 47658, 42394, 61877, 6165, 60912, 2150, 20255, 19718, 35145,
        12055, 24594, 816, 25815, 4273, 55293, 22885, 44513, 10622, 12534, 13345, 51294,
        18451, 24185, 19217, 29896, 18829, 49340, 31146, 38524, 13169, 51219, 19216, 20068,
        62002, 31139, 14562, 27707, 43940, 3501, 13680, 13990, 56171, 30642, 55988, 62709,
        47856, 63258, 26184, 20055, 54426, 26160, 9603, 26626, 10200, 15669, 60108, 36008,
        19325, 39376, 4685, 16376, 31230, 11218, 57378, 37200, 14712, 56062, 41198, 43835,
        47007, 54013, 44355, 28894, 60855, 30074, 43671, 24242, 43605, 23518, 41889, 38122,
        22866, 62605, 17770, 18008, 30303, 22726, 58564, 41348, 21895, 55972, 59781, 20706,
        52043, 55792, 13491, 7371, 11838, 8704, 17741, 31459, 12143, 18407, 44701, 58970,
        36269, 39212, 58366, 7939, 55582, 34300, 37567, 8912, 24026, 50742, 52780, 60552,
        12179, 43130, 46491, 7419, 19018, 37550, 18287, 10809, 2498, 18655, 24869, 20674,
        18492, 52645, 16576, 11954, 31974, 59228, 41526, 64046, 38723, 50912, 39486, 48872,
        29853, 60459, 54224, 34055, 47529, 40502, 63209, 11269, 13778, 6364, 41480, 54333,
        31963, 61209, 8559, 55317, 30504, 5448, 11376, 45783, 9262, 33194, 44621, 14566,
        43542, 14281, 17310, 62523, 30514, 31706, 9767, 33075, 39918, 63606, 58741, 36435,
        25782, 14318, 41036, 31940, 23735, 30744, 34416, 15624, 54384, 325, 19129, 61336,
        20580, 3929, 1292, 21868, 24841, 38979, 6853, 29854, 21689, 17704, 62088, 14678,
        18825, 23079, 31294, 48604, 50613, 36357, 1202, 31754, 62585, 8987, 17018, 59184,
        29472, 55340, 49245, 54738, 49899, 11068, 60568, 18609, 54732, 53466, 21560, 64240,
        20711, 180, 7103, 4457, 4892, 643, 1562, 36930, 29877, 45010, 12819, 17523,
        31214, 49816, 39179, 59276, 34962, 56706, 31748, 35184, 17577, 17083, 61559, 59268,
        55076, 50082, 34587, 19110, 36467, 36391, 12321, 62967, 7356, 53623, 37145, 1280,
        3508, 56650, 48651, 788, 53474, 61759, 19683, 4282, 2949, 50731, 32988, 12248,
        63861, 54368, 24563, 47566, 11554, 30863, 13106, 60718, 25575, 833, 46454, 76,
        38415, 6943, 30111, 46129, 5881, 19239, 5249, 61350, 52579, 35450, 10053, 33310,
        41841, 24775, 35373, 13339, 54814, 57752, 20243, 955, 53453, 12516, 27902, 43681,
        15020, 63926, 31228, 44139, 19700, 62938, 45531, 1006, 34731, 41507, 10750, 64812,
        37880, 55705, 52276, 13233, 19116, 3113, 81, 59671, 39454, 42870, 58000, 42146,
        34140, 18955, 32353, 56343, 16388, 34015, 33191, 13891, 4150, 28250, 3060, 50509,
        10550, 16223, 34876, 47739, 20249, 17130, 5032, 44858, 37283, 7233, 18510, 64282,
        48419, 21089, 52060, 31924, 11662, 20859, 60959, 65513, 57294, 17151, 52571, 17749,
        55044, 24, 15520, 50541, 1186, 18052, 57764, 59368, 54434, 17552, 17781, 12224,
        35054, 6057, 44480, 7252, 29363, 39151, 15997, 18453, 51166, 13678, 16743, 29546,
        9254, 23914, 25350, 43829, 6992, 11181, 12248, 29991, 15983, 8345, 50972, 45026,
        4421, 63251, 50401, 4133, 11106, 47873, 43491, 39370, 14747, 12880, 30678, 13446,
        6948, 39391, 8530, 51772, 5215, 5444, 24195, 9724, 46464, 28717, 64658, 48783,
        43763, 35854, 12955, 62742, 24298, 14067, 20093, 10283, 50940, 54298, 34455, 15287,
        46176, 9235, 32582, 50458, 28089, 13473, 51345, 25909, 35121, 9591, 55599, 10574,
        57355, 22795, 4549, 22257, 35340, 44233, 34944, 48206, 36249, 45185, 40419, 6436,
        62761, 43988, 8208, 33476, 58123, 21856, 31189, 17907, 28176, 4338, 32648, 60889,
        42477, 55091, 11392, 22728, 12774, 8315, 13938, 43410, 13096, 40265, 28758, 5115,
        60178, 32624, 29912, 35706, 44875, 543, 48152, 16317, 23378, 55708, 37533, 26953,
        6130, 13459, 43110, 21414, 62276, 10579, 13035, 54118, 32025, 42795, 25513, 3945,
        18285, 380, 38476, 51816, 6946, 24937, 9711, 54414, 39716, 37396, 2198, 42038,
        15512, 46706, 55699, 50156, 19061, 15969, 61856, 48766, 62772, 16659, 62129, 621,
        12982, 28278, 38882, 4937, 4205, 54777, 3113, 54168, 43898, 8479, 4582, 44341,
        50200, 237, 50208, 32404, 29310, 29778, 44131, 38995, 62932, 34006, 51262, 63740,
        37023, 573, 27847, 63899, 49057, 13373, 40313, 31718, 10858, 15873, 19416, 13345,
        30087, 33823, 37673, 10367, 12517, 15100, 7852, 25198, 39192, 56973, 51792, 32484,
        3100, 40572, 21984, 11533, 43343, 65121, 27792, 18637, 54351, 2772, 18222, 62409,
        22171, 525, 59306, 19618, 12695, 49794, 44607, 12574, 59706, 37013, 30955, 24812,
        39536, 13545, 37014, 52095, 36342, 38806, 60728, 38787, 61226, 10114, 20340, 14333,
        64698, 16989, 57920, 24572, 39411, 61704, 47401, 50114, 9357, 9625, 55132, 36985,
        1257, 5461, 62416, 49733, 55169, 34007, 20476, 20043, 30590, 54756, 28187, 60446,
        7741, 21668, 64611, 15835, 48334, 30687, 45515, 61462, 30804, 64388, 58103, 44746,
        34893, 63862, 3946, 4994, 38335, 10142, 57075, 33353, 11457, 32553, 16670, 24023,
        12999, 27509, 40908, 62621, 13977, 28027, 37128, 43713, 52724, 21775, 12123, 63649,
        59011, 17676, 9074, 37512, 5018, 19325, 50846, 15229, 19543, 1171, 14370, 55020,
        44775, 63553, 19096, 12947, 41406, 23854, 48943, 28601, 4370, 39424, 22647, 38401,
        16530, 3406, 3329, 9468, 41556, 6700, 60703, 35290, 44545, 61467, 10529, 56776,
        44476, 56365, 36677, 38204, 40279, 41423, 35739, 50640, 41977, 11843, 16561, 48608,
        15005, 37681, 41618, 37595, 47985, 21860, 17753, 17276, 63011, 11289, 61092, 31181,
        24874, 26144, 59441, 4980, 35351, 16310, 64228, 40686, 41736, 53682, 376, 51957,
        5036, 16321, 18036, 18117, 46848, 4039, 61012, 54053, 10264, 55719, 54779, 62778,
        38212, 64184, 29221, 8204, 23372, 58544, 41178, 45027, 7696, 54144, 48049, 55686,
        15761, 44215, 42797, 35358, 15056, 29550, 35890, 27031, 27162, 59203, 22272, 40405,
        32685, 39394, 63153, 274, 43596, 34441, 24993, 49589, 15377, 23187, 59585, 41404,
        30150, 49320, 60069, 7812, 42355, 28502, 15048, 43413, 27059, 31970, 38010, 10681,
        31411, 34216, 57154, 30440, 32455, 11217, 40803, 56437, 15551, 48410, 63368, 36289,
        56489, 31164, 60119, 10477, 27029, 16444, 26803, 43820, 53983, 18095, 58264, 42623,
        46714, 55616, 13274, 38062, 45768, 35553, 38873, 34003, 27449, 52560, 22023, 2970,
        59381, 38491, 15289, 44576, 47748, 47434, 54228, 40675, 1268, 36870, 14053, 231,
        16171, 48751, 62427, 10254, 26088, 56349, 59362, 38323, 2360, 17582, 51414, 37503,
        39792, 50310, 25963, 53537, 17664, 21711, 35489, 30503, 57884, 59115, 10098, 48487,
        22262, 30777, 60141, 12647, 6824, 25755, 31186, 40004, 34230, 15614, 18546, 30739,
        46124, 62492, 46437, 63541, 5494, 5627, 26744, 10265, 60396, 42437, 3342, 57477,
        7975, 33798, 11401, 64895, 16086, 57063, 58041, 15704, 61243, 61516, 21197, 64463,
        30452, 6089, 49625, 30111, 30444, 16712, 57871, 1058, 4986, 53254, 16635, 25309,
        31918, 13387, 15857, 39981, 41891, 63884, 44753, 26996, 57225, 14461, 16921, 22637,
        10689, 11416, 59623, 6964, 41629, 47497, 42867, 25815, 57450, 10286, 65309, 8331,
        15315, 30003, 54376, 17208, 4693, 27346, 50504, 31774, 7333, 39181, 26533, 63112,
        21584, 4980, 52233, 38746, 33102, 44113, 39809, 39380, 3490, 5905, 37179, 49677,
        58403, 5256, 19981, 6305, 20480, 41383, 56146, 7924, 47070, 25420, 19015, 21956,
        52435, 27362, 26077, 49937, 41580, 53611, 10148, 2924, 60037, 61292, 14056, 49179,
        47617, 24931, 33302, 36457, 42731, 38249, 21975, 36198, 23693, 43130, 63671, 50475,
        1800, 23638, 16384, 39242, 13799, 52539, 12499, 51008, 21150, 44428, 33104, 20779,
        51885, 16162, 42489, 42090, 30195, 30937, 10433, 29790, 5747, 64171, 22127, 40956,
        8664, 25064, 26908, 10493, 5253, 4998, 60193, 46564, 40944, 28618, 5003, 57576,
        46591, 62083, 11327, 63913, 10757, 6083, 2378, 29575, 38903, 43473, 3096, 26025,
        53636, 8579, 2924, 49527, 46927, 13760, 22330, 37540, 47403, 44318, 51888, 26968,
        58410, 7337, 37101, 18044, 45457, 36158, 28648, 22680, 39860, 25484, 45139, 50609,
        52491, 25891, 14023, 1331, 51628, 8082, 15240, 32541, 19010, 20001, 12211, 64928,
        2374, 7777, 48442, 17444, 50109, 40709, 45032, 36774, 40643, 21595, 22229, 20096,
        32956, 59152, 43008, 43692, 29693, 26245, 62232, 15946, 45302, 14688, 11798, 14896,
        277, 19587, 14687, 17370, 26128, 50228, 58485, 51474, 38903, 20693, 26301, 18466,
        5808, 24912, 59860, 15361, 13074, 8332, 22316, 15985, 44408, 12624, 1564, 64993,
        64869, 40834, 30537, 20803, 4770, 4539, 23798, 29014, 17519, 48453, 4120, 9001,
        47931, 63953, 53511, 29565, 27013, 39150, 49730, 22646, 49027, 10827, 61945, 64818,
        64632, 1732, 21959, 12249, 35933, 46845, 19005, 42359, 26621, 31274, 6033, 23087,
        6811, 51537, 57868, 52964, 32993, 12728, 23307, 60566, 13643, 22543, 30466, 35847,
        17680, 22380, 14657, 50037, 14068, 19991, 8594, 56342, 1557, 46491, 35059, 12521,
        9080, 212, 35198, 47994, 6808, 9118, 42214, 40255, 28111, 26981, 56152, 30616,
        16280, 27107, 9883, 44810, 29543, 52408, 23223, 37707, 13776, 11860, 5015, 54306,
        4617, 32250, 19966, 31942, 13017, 23645, 8032, 2393, 29469, 38157, 3225, 50553,
        58182, 15689, 23892, 3908, 28975, 43566, 6736, 42764, 36189, 7690, 42981, 40179,
        40640, 55542, 50953, 30926, 61419, 52776, 64576, 60524, 41247, 29992, 50904, 35531,
        6840, 80, 19663, 65216, 32657, 6322, 64436, 49015, 60107, 33392, 18254, 4491,
        9193, 5266, 954, 48752, 60600, 23035, 22432, 3867, 58430, 10302, 49825, 17918,
        15469, 10910, 58618, 5663, 42135, 31511, 34793, 44115, 54054, 59063, 42413, 48114,
        15470, 50573, 3560, 24631, 58949, 62875, 14462, 62811, 31966, 58676, 35262, 30128,
        58952, 54963, 43892, 34456, 50136, 39184, 30013, 14741, 37568, 21066, 41079, 5321,
        27023, 10269, 40305, 10019, 63135, 4540, 49832, 13090, 1828, 4117, 35935, 29886,
        63856, 1652, 12984, 21394, 19681, 53396, 24328, 54846, 41904, 35286, 48184, 34509,
        55984, 63431, 52459, 19174, 58290, 32911, 45492, 63432, 32358, 43252, 51693, 14380,
        3146, 37449, 35341, 46886, 64089, 46644, 5691, 42968, 803, 7928, 37071, 53206,
        19853, 10389, 17767, 35815, 24299, 65283, 57147, 19282, 32886, 27928, 42088, 44791,
        42360, 10112, 35331, 5243, 63653, 46332, 46395, 8359, 49096, 44326, 41991, 64367,
        64275, 49689, 62430, 13688, 30404, 38648, 14919, 8261, 12359, 62619, 60756, 21013,
        64931, 43147, 33267, 62965, 33707, 38363, 4914, 5682, 49133, 59813, 39204, 30342,
        44147, 27105, 36763, 22461, 4973, 52683, 30440, 35277, 20907, 14616, 35865, 49885,
        10024, 19582, 40803, 4820, 35104, 4636, 25599, 53206, 47101, 44403, 7210, 38443,
        31738, 42613, 35172, 55514, 34, 42006, 30480, 25284, 26038, 12566, 18082, 9631,
        48901, 60245, 42382, 31375, 37554, 4112, 63555, 1813, 14967, 27753, 35074, 15505,
        49489, 2872, 5165, 32812, 54615, 29685, 51333, 43716, 45491, 57687, 29119, 11203,
        23605, 46732, 22747, 8145, 58439, 63483, 27245, 24085, 31114, 40217, 50782, 31685,
        30450, 47429, 16988, 18978, 22534, 52606, 17704, 10775, 13830, 28457, 17057, 41685,
        64834, 27933, 6163, 46224, 43235, 22851, 38722, 36210, 44389, 52203, 59822, 13658,
        54789, 12940, 38346, 41405, 48495, 31886, 40628, 26799, 59240, 63681, 12103, 42397,
        42705, 44246, 9775, 37916, 40956, 3457, 39775, 32283, 54195, 24382, 54793, 31855,
        36898, 8426, 12839, 51521, 3379, 57410, 5194, 62145, 50456, 5342, 36235, 63018,
        3969, 41636, 48407, 26185, 4017, 14092, 51221, 43507, 39258, 48321, 53459, 42932,
        58627, 35749, 49803, 65000, 4308, 1281, 39014, 40999, 46643, 5507, 37862, 24744,
        38107, 8025, 62720, 58749, 62700, 56285, 35276, 63943, 1639, 54396, 61957, 29901,
        58917, 263, 63837, 20376, 21441, 25466, 8904, 13514, 3790, 44902, 61954, 6308,
        32901, 35718, 28259, 5967, 18346, 32253, 13350, 20721, 48659, 45079, 41430, 22449,
        6547, 54731, 47755, 6192, 49131, 60359, 6950, 490, 20668, 45047, 20981, 55481,
        1363, 56422, 34425, 42883, 38124, 3401, 32176, 44032, 8778, 7692, 47486, 12090,
        23238, 18426, 35827, 57617, 714, 24118, 21760, 45709, 29788, 21423, 25351, 12359,
        23902, 44539, 15297, 40930, 20773, 24098, 60964, 6110, 49533, 278, 30149, 62618,
        51095, 8222, 17070, 35002, 25844, 360, 57718, 49082, 59343, 49692, 38811, 2169,
        38509, 31864, 62270, 15600, 4203, 54465, 49949, 18175, 46288, 44077, 15550, 35262,
        64341, 15739, 29088, 6271, 57896, 17509, 50860, 32505, 55720, 27524, 34188, 30974,
        53356, 55449, 52988, 57884, 37154, 38087, 57609, 18442, 34140, 41593, 36576, 45207,
        2678, 6626, 30133, 54605, 33879, 29711, 49895, 15333, 64962, 44279, 18734, 34571,
        60117, 11478, 34776, 49625, 856, 16842, 25197, 10396, 42168, 20496, 47435, 18961,
        6447, 38391, 11671, 42406, 27910, 63688, 25401, 35293, 46195, 62898, 54440, 44361,
        30640, 35373, 3925, 59797, 19143, 441, 43160, 34163, 12198, 9541, 16234, 55861,
        26582, 17202, 26157, 44095, 25596, 40922, 23646, 64413, 28732, 3676, 27253, 18620,
        26532, 57432, 22114, 57872, 13395, 24875, 40165, 19319, 56371, 37115, 45714, 9180,
        37850, 14956, 65282, 63387, 64321, 34234, 35836, 30536, 52628, 22062, 31217, 10503,
        39267, 13188, 39306, 28989, 46406, 50301, 46602, 5117, 1056, 29446, 45258, 61922,
        36953, 48089, 64189, 21233, 53500, 59706, 33533, 52944, 4099, 36511, 51167, 46710,
        32403, 3711, 62915, 9136, 28264, 43578, 8591, 32842, 60782, 13041, 48844, 45775,
        49251, 47547, 7770, 40705, 52521, 3401, 176, 5897, 54866, 1738, 10621, 9394,
        5736, 14004, 18544, 41863, 13911, 57438, 9658, 9038, 14962, 11515, 37055, 38768,
        35326, 49234, 911, 38841, 22509, 51590, 59590, 49839, 57442, 9644, 63583, 18969,
        16035, 56154, 56011, 52384, 36533, 58535, 37010, 20468, 8098, 22358, 53264, 49579,
        40672, 28220, 46633, 24251, 15475, 63057, 42220, 570, 3675, 12799, 19318, 55623,
        27420, 46329, 29763, 15959, 37667, 46118, 8301, 37038, 121, 4882, 56379, 35424,
        64003, 8153, 10230, 65424, 64592, 33971, 1769, 3578, 61877, 62404, 21224, 26108,
        15982, 62093, 33971, 47965, 56011, 39566, 39944, 53972, 11896, 56470, 46979, 17052,
        53124, 64327, 29027, 43377, 33300, 9150, 38605, 58392, 57829, 7567, 1908, 22069,
        55481, 19855, 6172, 9375, 37290, 49965, 51726, 14811, 24673, 24113, 32418, 59490,
        7609, 22532, 63240, 58034, 7157, 62624, 38819, 17725, 64940, 60936, 1291, 7018,
        23861, 49309, 16561, 23192, 12750, 9629, 25539, 20424, 59164, 5723, 62180, 25195,
        23388, 52593, 32937, 57820, 17606, 64259, 52626, 35210, 22326, 55818, 51123, 24410,
        47010, 12358, 58557, 28743, 55721, 51236, 3386, 18002, 40774, 26662, 51905, 37255,
        45435, 48346, 4334, 52553, 30017, 15294, 51597, 16109, 60269, 54758, 55181, 12846,
        28860, 49797, 53720, 46016, 48146, 23786, 4007, 47515, 8835, 11373, 13893, 28748,
        44964, 19052, 38268, 36900, 42614, 24320, 12424, 37332, 23817, 46708, 54265, 47826,
        24961, 64518, 25941, 16305, 48899, 19265, 20487, 56233, 20899, 23289, 7868, 21681,
        49242, 20061, 62902, 32339, 23902, 60061, 39005, 56095, 14487, 51013, 10062, 6003,
        52063, 40634, 38066, 3456, 7252, 28396, 2448, 8794, 46036, 16504, 40526, 44963,
        3351, 12250, 43475, 4203, 2571, 40512, 31810, 55270, 36589, 16484, 19426, 7785,
        29360, 55772, 55406, 28027, 27699, 57756, 43247, 54317, 49329, 24284, 34341, 47787,
        16378, 15586, 57663, 26591, 57229, 54055, 41712, 32714, 64153, 44234, 7143, 42996,
        38488, 18674, 14336, 34458, 50265, 16398, 6093, 9907, 62181, 51227, 33409, 2297,
        46493, 59792, 50740, 36296, 34874, 25262, 6508, 63879, 44281, 40961, 60204, 21766,
        32323, 40910, 1319, 51897, 2673, 7344, 6954, 14071, 49024, 52897, 47414, 25639,
        11154, 11402, 9081, 15999, 19077, 59345, 58792, 16630, 22701, 28152, 50895, 54676,
        37595, 58035, 23136, 17451, 21125, 57852, 56309, 39531, 7759, 29871, 58808, 36003,
        48344, 55084, 24029, 20819, 39516, 40030, 23312, 43934, 52713, 41338, 51476, 31386,
        60575, 3140, 2159, 24516, 63850, 7526, 11842, 64805, 45441, 32853, 31429, 20216,
        9820, 15114, 38208, 65307, 62141, 33989, 29017, 65437, 57342, 26753, 29250, 31029,
        60306, 2210, 28605, 57917, 50414, 31744, 62207, 41520, 54985, 63432, 44067, 19980,
        51999, 21081, 1384, 40638, 30457, 9822, 8101, 41097, 46125, 12961, 63022, 24574,
        53365, 50460, 39673, 39980, 32265, 33550, 60926, 24212, 52392, 63704, 20516, 33608,
        17683, 7591, 34451, 9718, 7753, 4015, 47959, 13874, 20796, 65448, 13029, 33961,
        3961, 50193, 33652, 60348, 30090, 49585, 51296, 42071, 56493, 63909, 58531, 13696,
        24716, 17581, 40182, 4971, 11129, 46356, 28270, 46258, 5658, 22614, 56414, 44776,
        6473, 13212, 6006, 38870, 6763, 33978, 20829, 16071, 20485, 28567, 39369, 61435,
        45080, 60980, 19206, 4353, 30607, 2526, 24812, 63455, 52624, 16364, 325, 63964,
        57170, 14496, 64408, 8120, 53430, 62457, 56292, 37636, 9209, 9936, 25231, 45189,
        22230, 57150, 4004, 22490, 9919, 29433, 25346, 13442, 26271, 37738, 14058, 9197,
        42778, 3688, 51775, 42793, 13809, 22522, 3491, 17300, 64412, 44364, 43625, 41416,
        21289, 27510, 6555, 944, 46223, 48641, 44339, 1744, 18285, 59474, 49311, 15315,
        35544, 36299, 42124, 16637, 15014, 43730, 33229, 36348, 65420, 60014, 35974, 51100,
        12436, 58360, 45156, 31910, 15931, 56586, 7999, 64399, 46672, 39065, 42714, 26385,
        6003, 35089, 2712, 27681, 1615, 15435, 59082, 14583, 34992, 21715, 32521, 38550,
        61894, 60937, 13390, 39028, 57627, 10094, 58772, 30841, 41052, 52504, 48919, 18324,
        65014, 44884, 36009, 40027, 7432, 32678, 200, 4878, 45368, 46367, 19771, 14307,
        17432, 34795, 18915, 40828, 12095, 13361, 8823, 19484, 52026, 53178, 49275, 55721,
        21669, 26923, 36220, 49002, 19948, 17282, 61661, 17388, 25447, 13207, 45430, 26996,
        14107, 21922, 47482, 15440, 58462, 28421, 16045, 36815, 32601, 23486, 31328, 29614,
        10939, 50762, 22423, 54622, 17266, 24517, 43290, 9546, 27800, 18588, 64450, 17427,
        26529, 18972, 27759, 14790, 34455, 21716, 8627, 31890, 33314, 3068, 15697, 48343,
        18987, 30539, 5054, 1315, 9578, 58195, 21266, 5873, 63933, 59243, 29726, 7156,
        53360, 59761, 14609, 11885, 59714, 7242, 54447, 42680, 1546, 22555, 57671, 56968,
        12694, 15841, 7976, 36849, 2633, 63057, 33295, 60227, 63346, 29519, 25694, 59606,
        35662, 42726, 60618, 11565, 9554, 49038, 40643, 27297, 26267, 16284, 53853, 39471,
        33806, 46511, 63329, 33921, 11188, 818, 19640, 26573, 53096, 65130, 49617, 29133,
        60819, 1659, 9264, 51505, 401, 57954, 34583, 59046, 12946, 245, 10489, 49521,
        45308, 34016, 29135, 56464, 25909, 38963, 39083, 27798, 15399, 47504, 3918, 59888,
        27893, 55494, 11087, 17133, 55415, 45708, 54201, 9882, 38541, 28961, 1152, 272,
        42030, 35515, 63585, 44712, 43620, 23572, 21440, 39149, 41126, 18908, 35563, 62190,
        14507, 6198, 43470, 57476, 30979, 49682, 21085, 38029, 38575, 46004, 40088, 27036,
        33753, 27567, 6794, 45523, 48812, 44036, 36481, 18974, 64532, 49899, 51988, 7657,
        29380, 30003, 45700, 10398, 408, 20132, 40345, 22067, 32475, 15254, 32453, 58368,
        36096, 13637, 7725, 6935, 14788, 42833, 33234, 22692, 38857, 44109, 30732, 6108,
        10, 63783, 51543, 39820, 31608, 61536, 28120, 56397, 36730, 61632, 34609, 31299,
        60396, 44597, 8232, 64118, 49430, 26740, 63172, 31539, 53149, 1955, 25092, 4931,
        12339, 8143, 22479, 56264, 30121, 15242, 44548, 22924, 57989, 50698, 16083, 3121,
        52123, 13658, 41364, 28119, 16936, 46918, 60438, 29868, 39193, 42281, 58526, 10917,
        15335, 48864, 49841, 49640,
    },
    {
        0, 0, 0, 0, 0, 0, 0, 0, 0, 0, 0, 0,
        0, 0, 0, 0, 0, 0, 0, 0, 0, 0, 0, 0,
        0, 0, 0, 0, 0, 0, 0, 0, 0, 0, 0, 0,
        0, 0, 0, 0, 0, 0, 0, 0, 0, 0, 0, 0,
        0, 0, 0, 0, 0, 0, 0, 0, 0, 0, 0, 0,
        0, 0, 0, 0, 0, 0, 0, 0, 0, 0, 0, 0,
        0, 0, 0, 0, 0, 0, 0, 0, 0, 0, 0, 0,
        0, 0, 0, 0, 0, 0, 0, 0, 0, 0, 0, 0,
        0, 0, 0, 0, 0, 0, 0, 0, 0, 0, 0, 0,
        0, 0, 0, 0, 0, 0, 0, 0, 0, 0, 0, 0,
        0, 0, 0, 0, 0, 0, 0, 0, 0, 0, 0, 0,
        0, 0, 0, 0, 0, 0, 0, 0, 0, 0, 0, 0,
        0, 0, 0, 0, 0, 0, 0, 0, 0, 0, 0, 0,
        0, 0, 0, 0, 0, 0, 0, 0, 0, 0, 0, 0,
        0, 0, 0, 0, 0, 0, 0, 0, 0, 0, 0, 0,
        0, 0, 0, 0, 0, 0, 0, 0, 0, 0, 0, 0,
        0, 0, 0, 0, 0, 0, 0, 0, 0, 0, 0, 0,
        0, 0, 0, 0, 0, 0, 0, 0, 0, 0, 0, 0,
        0, 0, 0, 0, 0, 0, 0, 0, 0, 0, 0, 0,
        0, 0, 0, 0, 0, 0, 0, 0, 0, 0, 0, 0,
        0, 0, 0, 0, 0, 0, 0, 0, 0, 0, 0, 0,
        0, 0, 0, 0, 0, 0, 0, 0, 0, 0, 0, 0,
        0, 0, 0, 0, 0, 0, 0, 0, 0, 0, 0, 0,
        0, 0, 0, 0, 0, 0, 0, 0, 0, 0, 0, 0,
        0, 0, 0, 0, 0, 0, 0, 0, 0, 0, 0, 0,
        0, 0, 0, 0, 0, 0, 0, 0, 0, 0, 0, 0,
        0, 0, 0, 0, 0, 0, 0, 0, 0, 0, 0, 0,
        0, 0, 0, 0, 0, 0, 0, 0, 0, 0, 0, 0,
        0, 0, 0, 0, 0, 0, 0, 0, 0, 0, 0, 0,
        0, 0, 0, 0, 0, 0, 0, 0, 0, 0, 0, 0,
        0, 0, 0, 0, 0, 0, 0, 0, 0, 0, 0, 0,
        0, 0, 0, 0, 0, 0, 0, 0, 0, 0, 0, 0,
        0, 0, 0, 0, 0, 0, 0, 0, 0, 0, 0, 0,
        0, 0, 0, 0, 0, 0, 0, 0, 0, 0, 0, 0,
        0, 0, 0, 0, 0, 0, 0, 0, 0, 0, 0, 0,
        0, 0, 0, 0, 0, 0, 0, 0, 0, 0, 0, 0,
        0, 0, 0, 0, 0, 0, 0, 0, 0, 0, 0, 0,
        0, 0, 0, 0, 0, 0, 0, 0, 0, 0, 0, 0,
        0, 0, 0, 0, 0, 0, 0, 0, 0, 0, 0, 0,
        0, 0, 0, 0, 0, 0, 0, 0, 0, 0, 0, 0,
        0, 0, 0, 0, 0, 0, 0, 0, 0, 0, 0, 0,
        0, 0, 0, 0, 0, 0, 0, 0, 0, 0, 0, 0,
        0, 0, 0, 0, 0, 0, 0, 0, 0, 0, 0, 0,
        0, 0, 0, 0, 0, 0, 0, 0, 0, 0, 0, 0,
        0, 0, 0, 0, 0, 0, 0, 0, 0, 0, 0, 0,
        0, 0, 0, 0, 0, 0, 0, 0, 0, 0, 0, 0,
        0, 0, 0, 0, 0, 0, 0, 0, 0, 0, 0, 0,
        0, 0, 0, 0, 0, 0, 0, 0, 0, 0, 0, 0,
        0, 0, 0, 0, 0, 0, 0, 0, 0, 0, 0, 0,
        0, 0, 0, 0, 0, 0, 0, 0, 0, 0, 0, 0,
        0, 0, 0, 0, 0, 0, 0, 0, 0, 0, 0, 0,
        0, 0, 0, 0, 0, 0, 0, 0, 0, 0, 0, 0,
        0, 0, 0, 0, 0, 0, 0, 0, 0, 0, 0, 0,
        0, 0, 0, 0, 0, 0, 0, 0, 0, 0, 0, 0,
        0, 0, 0, 0, 0, 0, 0, 0, 0, 0, 0, 0,
        0, 0, 0, 0, 0, 0, 0, 0, 0, 0, 0, 0,
        0, 0, 0, 0, 0, 0, 0, 0, 0, 0, 0, 0,
        0, 0, 0, 0, 0, 0, 0, 0, 0, 0, 0, 0,
        0, 0, 0, 0, 0, 0, 0, 0, 0, 0, 0, 0,
        0, 0, 0, 0, 0, 0, 0, 0, 0, 0, 0, 0,
        0, 0, 0, 0, 0, 0, 0, 0, 0, 0, 0, 0,
        0, 0, 0, 0, 0, 0, 0, 0, 0, 0, 0, 0,
        0, 0, 0, 0, 0, 0, 0, 0, 0, 0, 0, 0,
        0, 0, 0, 0, 0, 0, 0, 0, 0, 0, 0, 0,
        0, 0, 0, 0, 0, 0, 0, 0, 0, 0, 0, 0,
        0, 0, 0, 0, 0, 0, 0, 0, 0, 0, 0, 0,
        0, 0, 0, 0, 0, 0, 0, 0, 0, 0, 0, 0,
        0, 0, 0, 0, 0, 0, 0, 0, 0, 0, 0, 0,
        0, 0, 0, 0, 0, 0, 0, 0, 0, 0, 0, 0,
        0, 0, 0, 0, 0, 0, 0, 0, 0, 0, 0, 0,
        0, 0, 0, 0, 0, 0, 0, 0, 0, 0, 0, 0,
        0, 0, 0, 0, 0, 0, 0, 0, 0, 0, 0, 0,
        0, 0, 0, 0, 0, 0, 0, 0, 0, 0, 0, 0,
        0, 0, 0, 0, 0, 0, 0, 0, 0, 0, 0, 0,
        0, 0, 0, 0, 0, 0, 0, 0, 0, 0, 0, 0,
        0, 0, 0, 0, 0, 0, 0, 0, 0, 0, 0, 0,
        0, 0, 0, 0, 0, 0, 0, 0, 0, 0, 0, 0,
        0, 0, 0, 0, 0, 0, 0, 0, 0, 0, 0, 0,
        0, 0, 0, 0, 0, 0, 0, 0, 0, 0, 0, 0,
        0, 0, 0, 0, 0, 0, 0, 0, 0, 0, 0, 0,
        0, 0, 0, 0, 0, 0, 0, 0, 0, 0, 0, 0,
        0, 0, 0, 0, 0, 0, 0, 0, 0, 0, 0, 0,
        0, 0, 0, 0, 0, 0, 0, 0, 0, 0, 0, 0,
        0, 0, 0, 0, 0, 0, 0, 0, 0, 0, 0, 0,
        0, 0, 0, 0, 0, 0, 0, 0, 0, 0, 0, 0,
        0, 0, 0, 0, 0, 0, 0, 0, 0, 0, 0, 0,
        0, 0, 0, 0, 0, 0, 0, 0, 0, 0, 0, 0,
        0, 0, 0, 0, 0, 0, 0, 0, 0, 0, 0, 0,
        0, 0, 0, 0, 0, 0, 0, 0, 0, 0, 0, 0,
        0, 0, 0, 0, 0, 0, 0, 0, 0, 0, 0, 0,
        0, 0, 0, 0, 0, 0, 0, 0, 0, 0, 0, 0,
        0, 0, 0, 0, 0, 0, 0, 0, 0, 0, 0, 0,
        0, 0, 0, 0, 0, 0, 0, 0, 0, 0, 0, 0,
        0, 0, 0, 0, 0, 0, 0, 0, 0, 0, 0, 0,
        0, 0, 0, 0, 0, 0, 0, 0, 0, 0, 0, 0,
        0, 0, 0, 0, 0, 0, 0, 0, 0, 0, 0, 0,
        0, 0, 0, 0, 0, 0, 0, 0, 0, 0, 0, 0,
        0, 0, 0, 0, 0, 0, 0, 0, 0, 0, 0, 0,
        0, 0, 0, 0, 0, 0, 0, 0, 0, 0, 0, 0,
        0, 0, 0, 0, 0, 0, 0, 0, 0, 0, 0, 0,
        0, 0, 0, 0, 0, 0, 0, 0, 0, 0, 0, 0,
        0, 0, 0, 0, 0, 0, 0, 0, 0, 0, 0, 0,
        0, 0, 0, 0, 0, 0, 0, 0, 0, 0, 0, 0,
        0, 0, 0, 0, 0, 0, 0, 0, 0, 0, 0, 0,
        0, 0, 0, 0, 0, 0, 0, 0, 0, 0, 0, 0,
        0, 0, 0, 0, 0, 0, 0, 0, 0, 0, 0, 0,
        0, 0, 0, 0, 0, 0, 0, 0, 0, 0, 0, 0,
        0, 0, 0, 0, 0, 0, 0, 0, 0, 0, 0, 0,
        0, 0, 0, 0, 0, 0, 0, 0, 0, 0, 0, 0,
        0, 0, 0, 0, 0, 0, 0, 0, 0, 0, 0, 0,
        0, 0, 0, 0, 0, 0, 0, 0, 0, 0, 0, 0,
        0, 0, 0, 0, 0, 0, 0, 0, 0, 0, 0, 0,
        0, 0, 0, 0, 0, 0, 0, 0, 0, 0, 0, 0,
        0, 0, 0, 0, 0, 0, 0, 0, 0, 0, 0, 0,
        0, 0, 0, 0, 0, 0, 0, 0, 0, 0, 0, 0,
        0, 0, 0, 0, 0, 0, 0, 0, 0, 0, 0, 0,
        0, 0, 0, 0, 0, 0, 0, 0, 0, 0, 0, 0,
        0, 0, 0, 0, 0, 0, 0, 0, 0, 0, 0, 0,
        0, 0, 0, 0, 0, 0, 0, 0, 0, 0, 0, 0,
        0, 0, 0, 0, 0, 0, 0, 0, 0, 0, 0, 0,
        0, 0, 0, 0, 0, 0, 0, 0, 0, 0, 0, 0,
        0, 0, 0, 0, 0, 0, 0, 0, 0, 0, 0, 0,
        0, 0, 0, 0, 0, 0, 0, 0, 0, 0, 0, 0,
        0, 0, 0, 0, 0, 0, 0, 0, 0, 0, 0, 0,
        0, 0, 0, 0, 0, 0, 0, 0, 0, 0, 0, 0,
        0, 0, 0, 0, 0, 0, 0, 0, 0, 0, 0, 0,
        0, 0, 0, 0, 0, 0, 0, 0, 0, 0, 0, 0,
        0, 0, 0, 0, 0, 0, 0, 0, 0, 0, 0, 0,
        0, 0, 0, 0, 0, 0, 0, 0, 0, 0, 0, 0,
        0, 0, 0, 0, 0, 0, 0, 0, 0, 0, 0, 0,
        0, 0, 0, 0, 0, 0, 0, 0, 0, 0, 0, 0,
        0, 0, 0, 0, 0, 0, 0, 0, 0, 0, 0, 0,
        0, 0, 0, 0, 0, 0, 0, 0, 0, 0, 0, 0,
        0, 0, 0, 0, 0, 0, 0, 0, 0, 0, 0, 0,
        0, 0, 0, 0, 0, 0, 0, 0, 0, 0, 0, 0,
        0, 0, 0, 0, 0, 0, 0, 0, 0, 0, 0, 0,
        0, 0, 0, 0, 0, 0, 0, 0, 0, 0, 0, 0,
        0, 0, 0, 0, 0, 0, 0, 0, 0, 0, 0, 0,
        0, 0, 0, 0, 0, 0, 0, 0, 0, 0, 0, 0,
        0, 0, 0, 0, 0, 0, 0, 0, 0, 0, 0, 0,
        0, 0, 0, 0, 0, 0, 0, 0, 0, 0, 0, 0,
        0, 0, 0, 0, 0, 0, 0, 0, 0, 0, 0, 0,
        0, 0, 0, 0, 0, 0, 0, 0, 0, 0, 0, 0,
        0, 0, 0, 0, 0, 0, 0, 0, 0, 0, 0, 0,
        0, 0, 0, 0, 0, 0, 0, 0, 0, 0, 0, 0,
        0, 0, 0, 0, 0, 0, 0, 0, 0, 0, 0, 0,
        0, 0, 0, 0, 0, 0, 0, 0, 0, 0, 0, 0,
        0, 0, 0, 0, 0, 0, 0, 0, 0, 0, 0, 0,
        0, 0, 0, 0, 0, 0, 0, 0, 0, 0, 0, 0,
        0, 0, 0, 0, 0, 0, 0, 0, 0, 0, 0, 0,
        0, 0, 0, 0, 0, 0, 0, 0, 0, 0, 0, 0,
        0, 0, 0, 0, 0, 0, 0, 0, 0, 0, 0, 0,
        0, 0, 0, 0, 0, 0, 0, 0, 0, 0, 0, 0,
        0, 0, 0, 0, 0, 0, 0, 0, 0, 0, 0, 0,
        0, 0, 0, 0, 0, 0, 0, 0, 0, 0, 0, 0,
        0, 0, 0, 0, 0, 0, 0, 0, 0, 0, 0, 0,
        0, 0, 0, 0, 0, 0, 0, 0, 0, 0, 0, 0,
        0, 0, 0, 0, 0, 0, 0, 0, 0, 0, 0, 0,
        0, 0, 0, 0, 0, 0, 0, 0, 0, 0, 0, 0,
        0, 0, 0, 0, 0, 0, 0, 0, 0, 0, 0, 0,
        0, 0, 0, 0, 0, 0, 0, 0, 0, 0, 0, 0,
        0, 0, 0, 0, 0, 0, 0, 0, 0, 0, 0, 0,
        0, 0, 0, 0, 0, 0, 0, 0, 0, 0, 0, 0,
        0, 0, 0, 0, 0, 0, 0, 0, 0, 0, 0, 0,
        0, 0, 0, 0, 0, 0, 0, 0, 0, 0, 0, 0,
        0, 0, 0, 0, 0, 0, 0, 0, 0, 0, 0, 0,
        0, 0, 0, 0, 0, 0, 0, 0, 0, 0, 0, 0,
        0, 0, 0, 0, 0, 0, 0, 0, 0, 0, 0, 0,
        0, 0, 0, 0, 0, 0, 0, 0, 0, 0, 0, 0,
        0, 0, 0, 0, 0, 0, 0, 0, 0, 0, 0, 0,
        0, 0, 0, 0, 0, 0, 0, 0, 0, 0, 0, 0,
        0, 0, 0, 0, 0, 0, 0, 0, 0, 0, 0, 0,
        0, 0, 0, 0, 0, 0, 0, 0, 0, 0, 0, 0,
        0, 0, 0, 0, 0, 0, 0, 0, 0, 0, 0, 0,
        0, 0, 0, 0, 0, 0, 0, 0, 0, 0, 0, 0,
        0, 0, 0, 0, 0, 0, 0, 0, 0, 0, 0, 0,
        0, 0, 0, 0, 0, 0, 0, 0, 0, 0, 0, 0,
        0, 0, 0, 0, 0, 0, 0, 0, 0, 0, 0, 0,
        0, 0, 0, 0, 0, 0, 0, 0, 0, 0, 0, 0,
        0, 0, 0, 0, 0, 0, 0, 0, 0, 0, 0, 0,
        0, 0, 0, 0, 0, 0, 0, 0, 0, 0, 0, 0,
        0, 0, 0, 0, 0, 0, 0, 0, 0, 0, 0, 0,
        0, 0, 0, 0, 0, 0, 0, 0, 0, 0, 0, 0,
        0, 0, 0, 0, 0, 0, 0, 0, 0, 0, 0, 0,
        0, 0, 0, 0, 0, 0, 0, 0, 0, 0, 0, 0,
        0, 0, 0, 0, 0, 0, 0, 0, 0, 0, 0, 0,
        0, 0, 0, 0, 0, 0, 0, 0, 0, 0, 0, 0,
        0, 0, 0, 0, 0, 0, 0, 0, 0, 0, 0, 0,
        0, 0, 0, 0, 0, 0, 0, 0, 0, 0, 0, 0,
        0, 0, 0, 0, 0, 0, 0, 0, 0, 0, 0, 0,
        0, 0, 0, 0, 0, 0, 0, 0, 0, 0, 0, 0,
        0, 0, 0, 0, 0, 0, 0, 0, 0, 0, 0, 0,
        0, 0, 0, 0, 0, 0, 0, 0, 0, 0, 0, 0,
        0, 0, 0, 0, 0, 0, 0, 0, 0, 0, 0, 0,
        0, 0, 0, 0, 0, 0, 0, 0, 0, 0, 0, 0,
        0, 0, 0, 0, 0, 0, 0, 0, 0, 0, 0, 0,
        0, 0, 0, 0, 0, 0, 0, 0, 0, 0, 0, 0,
        0, 0, 0, 0, 0, 0, 0, 0, 0, 0, 0, 0,
        0, 0, 0, 0, 0, 0, 0, 0, 0, 0, 0, 0,
        0, 0, 0, 0, 0, 0, 0, 0, 0, 0, 0, 0,
        0, 0, 0, 0, 0, 0, 0, 0, 0, 0, 0, 0,
        0, 0, 0, 0, 0, 0, 0, 0, 0, 0, 0, 0,
        0, 0, 0, 0, 0, 0, 0, 0, 0, 0, 0, 0,
        0, 0, 0, 0, 0, 0, 0, 0, 0, 0, 0, 0,
        0, 0, 0, 0, 0, 0, 0, 0, 0, 0, 0, 0,
        0, 0, 0, 0, 0, 0, 0, 0, 0, 0, 0, 0,
        0, 0, 0, 0, 0, 0, 0, 0, 0, 0, 0, 0,
        0, 0, 0, 0, 0, 0, 0, 0, 0, 0, 0, 0,
        0, 0, 0, 0, 0, 0, 0, 0, 0, 0, 0, 0,
        0, 0, 0, 0, 0, 0, 0, 0, 0, 0, 0, 0,
        0, 0, 0, 0, 0, 0, 0, 0, 0, 0, 0, 0,
        0, 0, 0, 0, 0, 0, 0, 0, 0, 0, 0, 0,
        0, 0, 0, 0, 0, 0, 0, 0, 0, 0, 0, 0,
        0, 0, 0, 0, 0, 0, 0, 0, 0, 0, 0, 0,
        0, 0, 0, 0, 0, 0, 0, 0, 0, 0, 0, 0,
        0, 0, 0, 0, 0, 0, 0, 0, 0, 0, 0, 0,
        0, 0, 0, 0, 0, 0, 0, 0, 0, 0, 0, 0,
        0, 0, 0, 0, 0, 0, 0, 0, 0, 0, 0, 0,
        0, 0, 0, 0, 0, 0, 0, 0, 0, 0, 0, 0,
        0, 0, 0, 0, 0, 0, 0, 0, 0, 0, 0, 0,
        0, 0, 0, 0, 0, 0, 0, 0, 0, 0, 0, 0,
        0, 0, 0, 0, 0, 0, 0, 0, 0, 0, 0, 0,
        0, 0, 0, 0, 0, 0, 0, 0, 0, 0, 0, 0,
        0, 0, 0, 0, 0, 0, 0, 0, 0, 0, 0, 0,
        0, 0, 0, 0, 0, 0, 0, 0, 0, 0, 0, 0,
        0, 0, 0, 0, 0, 0, 0, 0, 0, 0, 0, 0,
        0, 0, 0, 0, 0, 0, 0, 0, 0, 0, 0, 0,
        0, 0, 0, 0, 0, 0, 0, 0, 0, 0, 0, 0,
        0, 0, 0, 0, 0, 0, 0, 0, 0, 0, 0, 0,
        0, 0, 0, 0, 0, 0, 0, 0, 0, 0, 0, 0,
        0, 0, 0, 0, 0, 0, 0, 0, 0, 0, 0, 0,
        0, 0, 0, 0, 0, 0, 0, 0, 0, 0, 0, 0,
        0, 0, 0, 0, 0, 0, 0, 0, 0, 0, 0, 0,
        0, 0, 0, 0, 0, 0, 0, 0, 0, 0, 0, 0,
        0, 0, 0, 0, 0, 0, 0, 0, 0, 0, 0, 0,
        0, 0, 0, 0, 0, 0, 0, 0, 0, 0, 0, 0,
        0, 0, 0, 0, 0, 0, 0, 0, 0, 0, 0, 0,
        0, 0, 0, 0, 0, 0, 0, 0, 0, 0, 0, 0,
        0, 0, 0, 0, 0, 0, 0, 0, 0, 0, 0, 0,
        0, 0, 0, 0, 0, 0, 0, 0, 0, 0, 0, 0,
        0, 0, 0, 0, 0, 0, 0, 0, 0, 0, 0, 0,
        0, 0, 0, 0, 0, 0, 0, 0, 0, 0, 0, 0,
        0, 0, 0, 0, 0, 0, 0, 0, 0, 0, 0, 0,
        0, 0, 0, 0, 0, 0, 0, 0, 0, 0, 0, 0,
        0, 0, 0, 0, 0, 0, 0, 0, 0, 0, 0, 0,
        0, 0, 0, 0,
    },
};

static const int32_t opr_kkw_s_poly[256] = {
    65536, 0, 0, 0, 0, 0, 0, 1, 0, 1, 0, 0,
    0, 0, 0, 0, 0, 1, 65536, 1, 65536, 65536, 1, 65536,
    0, 1, 1, 1, 1, 0, 0, 0, 65536, 0, 0, 1,
    0, 1, 0, 0, 65536, 1, 0, 0, 1, 65536, 65536, 0,
    0, 0, 0, 65536, 1, 65536, 0, 65536, 0, 0, 65536, 65536,
    1, 0, 65536, 1, 0, 1, 65536, 0, 0, 0, 0, 0,
    0, 1, 65536, 0, 0, 65536, 0, 1, 65536, 0, 1, 65536,
    0, 0, 0, 1, 65536, 0, 1, 0, 0, 1, 0, 1,
    0, 0, 0, 65536, 0, 0, 0, 65536, 65536, 65536, 0, 65536,
    1, 0, 0, 65536, 1, 65536, 0, 65536, 0, 1, 1, 65536,
    0, 65536, 0, 0, 65536, 65536, 0, 65536, 65536, 0, 0, 0,
    0, 0, 0, 0, 65536, 0, 0, 0, 1, 1, 0, 65536,
    65536, 1, 65536, 0, 1, 65536, 0, 0, 1, 0, 65536, 65536,
    0, 1, 0, 0, 0, 0, 0, 0, 65536, 1, 1, 0,
    1, 0, 1, 0, 1, 0, 0, 65536, 0, 1, 1, 1,
    0, 0, 0, 0, 1, 0, 65536, 0, 1, 1, 0, 1,
    1, 0, 0, 0, 65536, 0, 0, 65536, 1, 65536, 0, 65536,
    1, 0, 1, 1, 0, 1, 0, 0, 1, 1, 65536, 0,
    1, 1, 1, 0, 1, 0, 0, 0, 0, 65536, 0, 0,
    65536, 1, 65536, 65536, 65536, 65536, 1, 1, 65536, 0, 0, 1,
    1, 0, 65536, 1, 0, 0, 1, 0, 65536, 0, 0, 0,
    65536, 0, 1, 0,
};
static const uint8_t opr_kkw_stream[128] = {
    0x20, 0x18, 0xfc, 0xe2, 0x18, 0x7b, 0x09, 0x8e, 0x87, 0x32, 0xb1, 0x81, 0x13, 0x27, 0x26, 0x03,
    0x73, 0xa3, 0xf7, 0x79, 0xf0, 0x04, 0x58, 0xe5, 0x56, 0xf4, 0x70, 0xa9, 0x8a, 0x4a, 0x0d, 0x4c,
    0x01, 0x3b, 0xe5, 0x09, 0x97, 0x0f, 0x28, 0xb9, 0x79, 0x55, 0x5d, 0x37, 0x3d, 0x80, 0xdd, 0x53,
    0x63, 0x2f, 0xcd, 0xed, 0x9a, 0xdd, 0xa5, 0x0f, 0x97, 0xd1, 0x75, 0xb1, 0xea, 0x68, 0x3a, 0x62,
    0xbf, 0x72, 0x6c, 0x15, 0xb0, 0xc4, 0x84, 0xcf, 0x0f, 0x35, 0x63, 0xce, 0xb2, 0x62, 0x00, 0x32,
    0x40, 0xff, 0xae, 0x38, 0x06, 0xf4, 0xdc, 0x4b, 0x10, 0x44, 0x38, 0x78, 0x0c, 0x9f, 0xc8, 0x0e,
    0xc5, 0x0b, 0x8f, 0xef, 0xd2, 0x35, 0xe3, 0xf7, 0x3c, 0x5a, 0x30, 0xf8, 0x68, 0xb7, 0x0f, 0x7e,
    0x82, 0x9a, 0x28, 0xab, 0x27, 0x1c, 0xea, 0x1a, 0xfb, 0x4f, 0xf2, 0x44, 0x38, 0x96, 0xec, 0xa4,
};

#endif /* OPERATION_REPLAY_VECTOR_H */
